"File","Author","NumCommits"
"","John Sichi",24
"ant/src/org/apache/hadoop/hive/ant","John Sichi",1
"bin","John Sichi",NA
"bin/ext","John Sichi",2
"checkstyle","John Sichi",NA
"cli/src/java/org/apache/hadoop/hive/cli","John Sichi",NA
"common/src/java/org/apache/hadoop/hive/common","John Sichi",NA
"common/src/java/org/apache/hadoop/hive/common/io","John Sichi",NA
"common/src/java/org/apache/hadoop/hive/conf","John Sichi",1
"conf","John Sichi",2
"contrib","John Sichi",1
"contrib/src/java/org/apache/hadoop/hive/contrib/fileformat/base64","John Sichi",NA
"contrib/src/java/org/apache/hadoop/hive/contrib/genericudf/example","John Sichi",NA
"contrib/src/java/org/apache/hadoop/hive/contrib/mr","John Sichi",NA
"contrib/src/java/org/apache/hadoop/hive/contrib/mr/example","John Sichi",NA
"contrib/src/java/org/apache/hadoop/hive/contrib/serde2","John Sichi",NA
"contrib/src/java/org/apache/hadoop/hive/contrib/serde2/s3","John Sichi",NA
"contrib/src/java/org/apache/hadoop/hive/contrib/udaf/example","John Sichi",NA
"contrib/src/java/org/apache/hadoop/hive/contrib/udf/example","John Sichi",NA
"contrib/src/java/org/apache/hadoop/hive/contrib/udtf/example","John Sichi",NA
"contrib/src/java/org/apache/hadoop/hive/contrib/util/typedbytes","John Sichi",NA
"contrib/src/test/org/apache/hadoop/hive/contrib/mr","John Sichi",NA
"contrib/src/test/org/apache/hadoop/hive/contrib/serde2","John Sichi",NA
"contrib/src/test/results/clientnegative","John Sichi",NA
"contrib/src/test/results/clientpositive","John Sichi",NA
"data/conf","John Sichi",NA
"data/files","John Sichi",NA
"eclipse-templates","John Sichi",1
"eclipse-templates/.settings","John Sichi",NA
"hbase-handler","John Sichi",1
"hbase-handler/lib","John Sichi",NA
"hbase-handler/src/java/org/apache/hadoop/hive/hbase","John Sichi",NA
"hbase-handler/src/test/org/apache/hadoop/hive/hbase","John Sichi",1
"hbase-handler/src/test/queries","John Sichi",NA
"hbase-handler/src/test/results","John Sichi",NA
"hbase-handler/src/test/templates","John Sichi",NA
"hwi","John Sichi",1
"hwi/src/java/org/apache/hadoop/hive/hwi","John Sichi",1
"hwi/src/test/org/apache/hadoop/hive/hwi","John Sichi",NA
"hwi/web","John Sichi",2
"ivy","John Sichi",3
"jdbc/src/java/org/apache/hadoop/hive/jdbc","John Sichi",NA
"jdbc/src/test/org/apache/hadoop/hive/jdbc","John Sichi",NA
"lib","John Sichi",2
"metastore","John Sichi",2
"metastore/if","John Sichi",1
"metastore/scripts/upgrade/derby","John Sichi",NA
"metastore/scripts/upgrade/mysql","John Sichi",NA
"metastore/src/gen-cpp","John Sichi",1
"metastore/src/gen-javabean/org/apache/hadoop/hive/metastore/api","John Sichi",1
"metastore/src/gen-php","John Sichi",1
"metastore/src/gen-py/hive_metastore","John Sichi",1
"metastore/src/java/org/apache/hadoop/hive/metastore","John Sichi",2
"metastore/src/model","John Sichi",NA
"metastore/src/model/org/apache/hadoop/hive/metastore/model","John Sichi",NA
"metastore/src/test/org/apache/hadoop/hive/metastore","John Sichi",1
"odbc","John Sichi",NA
"odbc/src/cpp","John Sichi",NA
"ql","John Sichi",2
"ql/if","John Sichi",NA
"ql/src/gen-javabean/org/apache/hadoop/hive/ql/plan/api","John Sichi",NA
"ql/src/gen-php","John Sichi",NA
"ql/src/gen-py/queryplan","John Sichi",NA
"ql/src/java/org/apache/hadoop/hive/ql","John Sichi",NA
"ql/src/java/org/apache/hadoop/hive/ql/exec","John Sichi",NA
"ql/src/java/org/apache/hadoop/hive/ql/exec/persistence","John Sichi",NA
"ql/src/java/org/apache/hadoop/hive/ql/history","John Sichi",NA
"ql/src/java/org/apache/hadoop/hive/ql/hooks","John Sichi",NA
"ql/src/java/org/apache/hadoop/hive/ql/io","John Sichi",NA
"ql/src/java/org/apache/hadoop/hive/ql/lib","John Sichi",NA
"ql/src/java/org/apache/hadoop/hive/ql/metadata","John Sichi",1
"ql/src/java/org/apache/hadoop/hive/ql/optimizer","John Sichi",NA
"ql/src/java/org/apache/hadoop/hive/ql/optimizer/lineage","John Sichi",NA
"ql/src/java/org/apache/hadoop/hive/ql/optimizer/physical","John Sichi",NA
"ql/src/java/org/apache/hadoop/hive/ql/optimizer/ppr","John Sichi",NA
"ql/src/java/org/apache/hadoop/hive/ql/optimizer/unionproc","John Sichi",NA
"ql/src/java/org/apache/hadoop/hive/ql/parse","John Sichi",NA
"ql/src/java/org/apache/hadoop/hive/ql/plan","John Sichi",NA
"ql/src/java/org/apache/hadoop/hive/ql/ppd","John Sichi",NA
"ql/src/java/org/apache/hadoop/hive/ql/processors","John Sichi",NA
"ql/src/java/org/apache/hadoop/hive/ql/session","John Sichi",NA
"ql/src/java/org/apache/hadoop/hive/ql/tools","John Sichi",NA
"ql/src/java/org/apache/hadoop/hive/ql/udf","John Sichi",NA
"ql/src/java/org/apache/hadoop/hive/ql/udf/generic","John Sichi",2
"ql/src/java/org/apache/hadoop/hive/ql/util/jdbm","John Sichi",NA
"ql/src/java/org/apache/hadoop/hive/ql/util/jdbm/helper","John Sichi",NA
"ql/src/java/org/apache/hadoop/hive/ql/util/jdbm/htree","John Sichi",NA
"ql/src/java/org/apache/hadoop/hive/ql/util/jdbm/recman","John Sichi",NA
"ql/src/java/org/apache/hadoop/hive/ql/util/typedbytes","John Sichi",NA
"ql/src/test/org/apache/hadoop/hive/ql","John Sichi",1
"ql/src/test/org/apache/hadoop/hive/ql/exec","John Sichi",NA
"ql/src/test/org/apache/hadoop/hive/ql/history","John Sichi",NA
"ql/src/test/org/apache/hadoop/hive/ql/hooks","John Sichi",NA
"ql/src/test/org/apache/hadoop/hive/ql/io","John Sichi",NA
"ql/src/test/org/apache/hadoop/hive/ql/metadata","John Sichi",NA
"ql/src/test/org/apache/hadoop/hive/ql/tool","John Sichi",NA
"ql/src/test/org/apache/hadoop/hive/ql/udf","John Sichi",NA
"ql/src/test/org/apache/hadoop/hive/ql/udf/generic","John Sichi",NA
"ql/src/test/org/apache/hadoop/hive/scripts","John Sichi",NA
"ql/src/test/org/apache/hadoop/hive/serde2","John Sichi",NA
"ql/src/test/queries/clientpositive","John Sichi",1
"ql/src/test/results/clientnegative","John Sichi",NA
"ql/src/test/results/clientpositive","John Sichi",4
"ql/src/test/results/compiler/errors","John Sichi",NA
"ql/src/test/results/compiler/plan","John Sichi",NA
"ql/src/test/templates","John Sichi",1
"serde/src/java/org/apache/hadoop/hive/serde2","John Sichi",NA
"serde/src/java/org/apache/hadoop/hive/serde2/binarysortable","John Sichi",NA
"serde/src/java/org/apache/hadoop/hive/serde2/columnar","John Sichi",NA
"serde/src/java/org/apache/hadoop/hive/serde2/dynamic_type","John Sichi",NA
"serde/src/java/org/apache/hadoop/hive/serde2/io","John Sichi",NA
"serde/src/java/org/apache/hadoop/hive/serde2/lazy","John Sichi",NA
"serde/src/java/org/apache/hadoop/hive/serde2/lazy/objectinspector","John Sichi",NA
"serde/src/java/org/apache/hadoop/hive/serde2/lazy/objectinspector/primitive","John Sichi",NA
"serde/src/java/org/apache/hadoop/hive/serde2/lazybinary","John Sichi",NA
"serde/src/java/org/apache/hadoop/hive/serde2/lazybinary/objectinspector","John Sichi",NA
"serde/src/java/org/apache/hadoop/hive/serde2/objectinspector","John Sichi",NA
"serde/src/java/org/apache/hadoop/hive/serde2/objectinspector/primitive","John Sichi",NA
"serde/src/java/org/apache/hadoop/hive/serde2/thrift","John Sichi",NA
"serde/src/java/org/apache/hadoop/hive/serde2/typeinfo","John Sichi",NA
"serde/src/test/org/apache/hadoop/hive/serde2","John Sichi",NA
"serde/src/test/org/apache/hadoop/hive/serde2/binarysortable","John Sichi",NA
"serde/src/test/org/apache/hadoop/hive/serde2/dynamic_type","John Sichi",NA
"serde/src/test/org/apache/hadoop/hive/serde2/lazy","John Sichi",NA
"serde/src/test/org/apache/hadoop/hive/serde2/lazybinary","John Sichi",NA
"serde/src/test/org/apache/hadoop/hive/serde2/objectinspector","John Sichi",NA
"serde/src/test/org/apache/hadoop/hive/serde2/thrift_test","John Sichi",NA
"service/src/java/org/apache/hadoop/hive/service","John Sichi",NA
"service/src/test/org/apache/hadoop/hive/service","John Sichi",NA
"shims","John Sichi",NA
"shims/src/0.17/java/org/apache/hadoop/hive/shims","John Sichi",NA
"shims/src/0.18/java/org/apache/hadoop/hive/shims","John Sichi",NA
"shims/src/0.19/java/org/apache/hadoop/hive/shims","John Sichi",NA
"shims/src/0.20/java/org/apache/hadoop/hive/shims","John Sichi",NA
"shims/src/common/java/org/apache/hadoop/hive/shims","John Sichi",NA
"","Ning Zhang",39
"ant/src/org/apache/hadoop/hive/ant","Ning Zhang",NA
"bin","Ning Zhang",NA
"bin/ext","Ning Zhang",1
"checkstyle","Ning Zhang",1
"cli/src/java/org/apache/hadoop/hive/cli","Ning Zhang",NA
"common/src/java/org/apache/hadoop/hive/common","Ning Zhang",NA
"common/src/java/org/apache/hadoop/hive/common/io","Ning Zhang",NA
"common/src/java/org/apache/hadoop/hive/conf","Ning Zhang",3
"conf","Ning Zhang",3
"contrib","Ning Zhang",NA
"contrib/src/java/org/apache/hadoop/hive/contrib/fileformat/base64","Ning Zhang",NA
"contrib/src/java/org/apache/hadoop/hive/contrib/genericudf/example","Ning Zhang",NA
"contrib/src/java/org/apache/hadoop/hive/contrib/mr","Ning Zhang",NA
"contrib/src/java/org/apache/hadoop/hive/contrib/mr/example","Ning Zhang",NA
"contrib/src/java/org/apache/hadoop/hive/contrib/serde2","Ning Zhang",NA
"contrib/src/java/org/apache/hadoop/hive/contrib/serde2/s3","Ning Zhang",NA
"contrib/src/java/org/apache/hadoop/hive/contrib/udaf/example","Ning Zhang",NA
"contrib/src/java/org/apache/hadoop/hive/contrib/udf/example","Ning Zhang",NA
"contrib/src/java/org/apache/hadoop/hive/contrib/udtf/example","Ning Zhang",NA
"contrib/src/java/org/apache/hadoop/hive/contrib/util/typedbytes","Ning Zhang",NA
"contrib/src/test/org/apache/hadoop/hive/contrib/mr","Ning Zhang",NA
"contrib/src/test/org/apache/hadoop/hive/contrib/serde2","Ning Zhang",NA
"contrib/src/test/results/clientnegative","Ning Zhang",1
"contrib/src/test/results/clientpositive","Ning Zhang",1
"data/conf","Ning Zhang",NA
"data/files","Ning Zhang",NA
"eclipse-templates","Ning Zhang",1
"eclipse-templates/.settings","Ning Zhang",NA
"hbase-handler","Ning Zhang",NA
"hbase-handler/lib","Ning Zhang",NA
"hbase-handler/src/java/org/apache/hadoop/hive/hbase","Ning Zhang",2
"hbase-handler/src/test/org/apache/hadoop/hive/hbase","Ning Zhang",1
"hbase-handler/src/test/queries","Ning Zhang",2
"hbase-handler/src/test/results","Ning Zhang",2
"hbase-handler/src/test/templates","Ning Zhang",NA
"hwi","Ning Zhang",NA
"hwi/src/java/org/apache/hadoop/hive/hwi","Ning Zhang",NA
"hwi/src/test/org/apache/hadoop/hive/hwi","Ning Zhang",NA
"hwi/web","Ning Zhang",NA
"ivy","Ning Zhang",NA
"jdbc/src/java/org/apache/hadoop/hive/jdbc","Ning Zhang",NA
"jdbc/src/test/org/apache/hadoop/hive/jdbc","Ning Zhang",NA
"lib","Ning Zhang",NA
"metastore","Ning Zhang",NA
"metastore/if","Ning Zhang",1
"metastore/scripts/upgrade/derby","Ning Zhang",NA
"metastore/scripts/upgrade/mysql","Ning Zhang",NA
"metastore/src/gen-cpp","Ning Zhang",1
"metastore/src/gen-javabean/org/apache/hadoop/hive/metastore/api","Ning Zhang",1
"metastore/src/gen-php","Ning Zhang",1
"metastore/src/gen-py/hive_metastore","Ning Zhang",1
"metastore/src/java/org/apache/hadoop/hive/metastore","Ning Zhang",4
"metastore/src/model","Ning Zhang",NA
"metastore/src/model/org/apache/hadoop/hive/metastore/model","Ning Zhang",NA
"metastore/src/test/org/apache/hadoop/hive/metastore","Ning Zhang",2
"odbc","Ning Zhang",NA
"odbc/src/cpp","Ning Zhang",NA
"ql","Ning Zhang",1
"ql/if","Ning Zhang",NA
"ql/src/gen-javabean/org/apache/hadoop/hive/ql/plan/api","Ning Zhang",NA
"ql/src/gen-php","Ning Zhang",NA
"ql/src/gen-py/queryplan","Ning Zhang",NA
"ql/src/java/org/apache/hadoop/hive/ql","Ning Zhang",4
"ql/src/java/org/apache/hadoop/hive/ql/exec","Ning Zhang",1
"ql/src/java/org/apache/hadoop/hive/ql/exec/persistence","Ning Zhang",1
"ql/src/java/org/apache/hadoop/hive/ql/history","Ning Zhang",NA
"ql/src/java/org/apache/hadoop/hive/ql/hooks","Ning Zhang",NA
"ql/src/java/org/apache/hadoop/hive/ql/io","Ning Zhang",6
"ql/src/java/org/apache/hadoop/hive/ql/lib","Ning Zhang",NA
"ql/src/java/org/apache/hadoop/hive/ql/metadata","Ning Zhang",2
"ql/src/java/org/apache/hadoop/hive/ql/optimizer","Ning Zhang",2
"ql/src/java/org/apache/hadoop/hive/ql/optimizer/lineage","Ning Zhang",1
"ql/src/java/org/apache/hadoop/hive/ql/optimizer/physical","Ning Zhang",NA
"ql/src/java/org/apache/hadoop/hive/ql/optimizer/ppr","Ning Zhang",1
"ql/src/java/org/apache/hadoop/hive/ql/optimizer/unionproc","Ning Zhang",NA
"ql/src/java/org/apache/hadoop/hive/ql/parse","Ning Zhang",1
"ql/src/java/org/apache/hadoop/hive/ql/plan","Ning Zhang",NA
"ql/src/java/org/apache/hadoop/hive/ql/ppd","Ning Zhang",NA
"ql/src/java/org/apache/hadoop/hive/ql/processors","Ning Zhang",1
"ql/src/java/org/apache/hadoop/hive/ql/session","Ning Zhang",NA
"ql/src/java/org/apache/hadoop/hive/ql/tools","Ning Zhang",NA
"ql/src/java/org/apache/hadoop/hive/ql/udf","Ning Zhang",NA
"ql/src/java/org/apache/hadoop/hive/ql/udf/generic","Ning Zhang",NA
"ql/src/java/org/apache/hadoop/hive/ql/util/jdbm","Ning Zhang",NA
"ql/src/java/org/apache/hadoop/hive/ql/util/jdbm/helper","Ning Zhang",NA
"ql/src/java/org/apache/hadoop/hive/ql/util/jdbm/htree","Ning Zhang",NA
"ql/src/java/org/apache/hadoop/hive/ql/util/jdbm/recman","Ning Zhang",NA
"ql/src/java/org/apache/hadoop/hive/ql/util/typedbytes","Ning Zhang",NA
"ql/src/test/org/apache/hadoop/hive/ql","Ning Zhang",2
"ql/src/test/org/apache/hadoop/hive/ql/exec","Ning Zhang",2
"ql/src/test/org/apache/hadoop/hive/ql/history","Ning Zhang",NA
"ql/src/test/org/apache/hadoop/hive/ql/hooks","Ning Zhang",NA
"ql/src/test/org/apache/hadoop/hive/ql/io","Ning Zhang",1
"ql/src/test/org/apache/hadoop/hive/ql/metadata","Ning Zhang",NA
"ql/src/test/org/apache/hadoop/hive/ql/tool","Ning Zhang",NA
"ql/src/test/org/apache/hadoop/hive/ql/udf","Ning Zhang",NA
"ql/src/test/org/apache/hadoop/hive/ql/udf/generic","Ning Zhang",NA
"ql/src/test/org/apache/hadoop/hive/scripts","Ning Zhang",NA
"ql/src/test/org/apache/hadoop/hive/serde2","Ning Zhang",NA
"ql/src/test/queries/clientpositive","Ning Zhang",5
"ql/src/test/results/clientnegative","Ning Zhang",2
"ql/src/test/results/clientpositive","Ning Zhang",8
"ql/src/test/results/compiler/errors","Ning Zhang",1
"ql/src/test/results/compiler/plan","Ning Zhang",1
"ql/src/test/templates","Ning Zhang",2
"serde/src/java/org/apache/hadoop/hive/serde2","Ning Zhang",NA
"serde/src/java/org/apache/hadoop/hive/serde2/binarysortable","Ning Zhang",NA
"serde/src/java/org/apache/hadoop/hive/serde2/columnar","Ning Zhang",NA
"serde/src/java/org/apache/hadoop/hive/serde2/dynamic_type","Ning Zhang",NA
"serde/src/java/org/apache/hadoop/hive/serde2/io","Ning Zhang",NA
"serde/src/java/org/apache/hadoop/hive/serde2/lazy","Ning Zhang",NA
"serde/src/java/org/apache/hadoop/hive/serde2/lazy/objectinspector","Ning Zhang",NA
"serde/src/java/org/apache/hadoop/hive/serde2/lazy/objectinspector/primitive","Ning Zhang",NA
"serde/src/java/org/apache/hadoop/hive/serde2/lazybinary","Ning Zhang",NA
"serde/src/java/org/apache/hadoop/hive/serde2/lazybinary/objectinspector","Ning Zhang",NA
"serde/src/java/org/apache/hadoop/hive/serde2/objectinspector","Ning Zhang",2
"serde/src/java/org/apache/hadoop/hive/serde2/objectinspector/primitive","Ning Zhang",NA
"serde/src/java/org/apache/hadoop/hive/serde2/thrift","Ning Zhang",NA
"serde/src/java/org/apache/hadoop/hive/serde2/typeinfo","Ning Zhang",NA
"serde/src/test/org/apache/hadoop/hive/serde2","Ning Zhang",NA
"serde/src/test/org/apache/hadoop/hive/serde2/binarysortable","Ning Zhang",NA
"serde/src/test/org/apache/hadoop/hive/serde2/dynamic_type","Ning Zhang",NA
"serde/src/test/org/apache/hadoop/hive/serde2/lazy","Ning Zhang",NA
"serde/src/test/org/apache/hadoop/hive/serde2/lazybinary","Ning Zhang",NA
"serde/src/test/org/apache/hadoop/hive/serde2/objectinspector","Ning Zhang",NA
"serde/src/test/org/apache/hadoop/hive/serde2/thrift_test","Ning Zhang",NA
"service/src/java/org/apache/hadoop/hive/service","Ning Zhang",NA
"service/src/test/org/apache/hadoop/hive/service","Ning Zhang",NA
"shims","Ning Zhang",NA
"shims/src/0.17/java/org/apache/hadoop/hive/shims","Ning Zhang",1
"shims/src/0.18/java/org/apache/hadoop/hive/shims","Ning Zhang",1
"shims/src/0.19/java/org/apache/hadoop/hive/shims","Ning Zhang",1
"shims/src/0.20/java/org/apache/hadoop/hive/shims","Ning Zhang",2
"shims/src/common/java/org/apache/hadoop/hive/shims","Ning Zhang",1
"","Namit Jain",95
"ant/src/org/apache/hadoop/hive/ant","Namit Jain",NA
"bin","Namit Jain",1
"bin/ext","Namit Jain",4
"checkstyle","Namit Jain",NA
"cli/src/java/org/apache/hadoop/hive/cli","Namit Jain",2
"common/src/java/org/apache/hadoop/hive/common","Namit Jain",4
"common/src/java/org/apache/hadoop/hive/common/io","Namit Jain",NA
"common/src/java/org/apache/hadoop/hive/conf","Namit Jain",13
"conf","Namit Jain",13
"contrib","Namit Jain",1
"contrib/src/java/org/apache/hadoop/hive/contrib/fileformat/base64","Namit Jain",NA
"contrib/src/java/org/apache/hadoop/hive/contrib/genericudf/example","Namit Jain",NA
"contrib/src/java/org/apache/hadoop/hive/contrib/mr","Namit Jain",NA
"contrib/src/java/org/apache/hadoop/hive/contrib/mr/example","Namit Jain",NA
"contrib/src/java/org/apache/hadoop/hive/contrib/serde2","Namit Jain",2
"contrib/src/java/org/apache/hadoop/hive/contrib/serde2/s3","Namit Jain",NA
"contrib/src/java/org/apache/hadoop/hive/contrib/udaf/example","Namit Jain",3
"contrib/src/java/org/apache/hadoop/hive/contrib/udf/example","Namit Jain",NA
"contrib/src/java/org/apache/hadoop/hive/contrib/udtf/example","Namit Jain",NA
"contrib/src/java/org/apache/hadoop/hive/contrib/util/typedbytes","Namit Jain",1
"contrib/src/test/org/apache/hadoop/hive/contrib/mr","Namit Jain",NA
"contrib/src/test/org/apache/hadoop/hive/contrib/serde2","Namit Jain",NA
"contrib/src/test/results/clientnegative","Namit Jain",1
"contrib/src/test/results/clientpositive","Namit Jain",4
"data/conf","Namit Jain",2
"data/files","Namit Jain",1
"eclipse-templates","Namit Jain",1
"eclipse-templates/.settings","Namit Jain",1
"hbase-handler","Namit Jain",3
"hbase-handler/lib","Namit Jain",1
"hbase-handler/src/java/org/apache/hadoop/hive/hbase","Namit Jain",3
"hbase-handler/src/test/org/apache/hadoop/hive/hbase","Namit Jain",1
"hbase-handler/src/test/queries","Namit Jain",2
"hbase-handler/src/test/results","Namit Jain",2
"hbase-handler/src/test/templates","Namit Jain",1
"hwi","Namit Jain",NA
"hwi/src/java/org/apache/hadoop/hive/hwi","Namit Jain",NA
"hwi/src/test/org/apache/hadoop/hive/hwi","Namit Jain",NA
"hwi/web","Namit Jain",NA
"ivy","Namit Jain",NA
"jdbc/src/java/org/apache/hadoop/hive/jdbc","Namit Jain",NA
"jdbc/src/test/org/apache/hadoop/hive/jdbc","Namit Jain",1
"lib","Namit Jain",NA
"metastore","Namit Jain",1
"metastore/if","Namit Jain",4
"metastore/scripts/upgrade/derby","Namit Jain",1
"metastore/scripts/upgrade/mysql","Namit Jain",1
"metastore/src/gen-cpp","Namit Jain",4
"metastore/src/gen-javabean/org/apache/hadoop/hive/metastore/api","Namit Jain",5
"metastore/src/gen-php","Namit Jain",4
"metastore/src/gen-py/hive_metastore","Namit Jain",5
"metastore/src/java/org/apache/hadoop/hive/metastore","Namit Jain",12
"metastore/src/model","Namit Jain",2
"metastore/src/model/org/apache/hadoop/hive/metastore/model","Namit Jain",1
"metastore/src/test/org/apache/hadoop/hive/metastore","Namit Jain",3
"odbc","Namit Jain",NA
"odbc/src/cpp","Namit Jain",NA
"ql","Namit Jain",2
"ql/if","Namit Jain",NA
"ql/src/gen-javabean/org/apache/hadoop/hive/ql/plan/api","Namit Jain",NA
"ql/src/gen-php","Namit Jain",NA
"ql/src/gen-py/queryplan","Namit Jain",NA
"ql/src/java/org/apache/hadoop/hive/ql","Namit Jain",10
"ql/src/java/org/apache/hadoop/hive/ql/exec","Namit Jain",3
"ql/src/java/org/apache/hadoop/hive/ql/exec/persistence","Namit Jain",2
"ql/src/java/org/apache/hadoop/hive/ql/history","Namit Jain",NA
"ql/src/java/org/apache/hadoop/hive/ql/hooks","Namit Jain",3
"ql/src/java/org/apache/hadoop/hive/ql/io","Namit Jain",11
"ql/src/java/org/apache/hadoop/hive/ql/lib","Namit Jain",1
"ql/src/java/org/apache/hadoop/hive/ql/metadata","Namit Jain",9
"ql/src/java/org/apache/hadoop/hive/ql/optimizer","Namit Jain",14
"ql/src/java/org/apache/hadoop/hive/ql/optimizer/lineage","Namit Jain",NA
"ql/src/java/org/apache/hadoop/hive/ql/optimizer/physical","Namit Jain",2
"ql/src/java/org/apache/hadoop/hive/ql/optimizer/ppr","Namit Jain",NA
"ql/src/java/org/apache/hadoop/hive/ql/optimizer/unionproc","Namit Jain",NA
"ql/src/java/org/apache/hadoop/hive/ql/parse","Namit Jain",2
"ql/src/java/org/apache/hadoop/hive/ql/plan","Namit Jain",1
"ql/src/java/org/apache/hadoop/hive/ql/ppd","Namit Jain",NA
"ql/src/java/org/apache/hadoop/hive/ql/processors","Namit Jain",1
"ql/src/java/org/apache/hadoop/hive/ql/session","Namit Jain",2
"ql/src/java/org/apache/hadoop/hive/ql/tools","Namit Jain",NA
"ql/src/java/org/apache/hadoop/hive/ql/udf","Namit Jain",NA
"ql/src/java/org/apache/hadoop/hive/ql/udf/generic","Namit Jain",1
"ql/src/java/org/apache/hadoop/hive/ql/util/jdbm","Namit Jain",NA
"ql/src/java/org/apache/hadoop/hive/ql/util/jdbm/helper","Namit Jain",NA
"ql/src/java/org/apache/hadoop/hive/ql/util/jdbm/htree","Namit Jain",NA
"ql/src/java/org/apache/hadoop/hive/ql/util/jdbm/recman","Namit Jain",NA
"ql/src/java/org/apache/hadoop/hive/ql/util/typedbytes","Namit Jain",1
"ql/src/test/org/apache/hadoop/hive/ql","Namit Jain",7
"ql/src/test/org/apache/hadoop/hive/ql/exec","Namit Jain",NA
"ql/src/test/org/apache/hadoop/hive/ql/history","Namit Jain",NA
"ql/src/test/org/apache/hadoop/hive/ql/hooks","Namit Jain",1
"ql/src/test/org/apache/hadoop/hive/ql/io","Namit Jain",NA
"ql/src/test/org/apache/hadoop/hive/ql/metadata","Namit Jain",2
"ql/src/test/org/apache/hadoop/hive/ql/tool","Namit Jain",NA
"ql/src/test/org/apache/hadoop/hive/ql/udf","Namit Jain",NA
"ql/src/test/org/apache/hadoop/hive/ql/udf/generic","Namit Jain",NA
"ql/src/test/org/apache/hadoop/hive/scripts","Namit Jain",NA
"ql/src/test/org/apache/hadoop/hive/serde2","Namit Jain",NA
"ql/src/test/queries/clientpositive","Namit Jain",17
"ql/src/test/results/clientnegative","Namit Jain",3
"ql/src/test/results/clientpositive","Namit Jain",24
"ql/src/test/results/compiler/errors","Namit Jain",1
"ql/src/test/results/compiler/plan","Namit Jain",8
"ql/src/test/templates","Namit Jain",2
"serde/src/java/org/apache/hadoop/hive/serde2","Namit Jain",NA
"serde/src/java/org/apache/hadoop/hive/serde2/binarysortable","Namit Jain",NA
"serde/src/java/org/apache/hadoop/hive/serde2/columnar","Namit Jain",NA
"serde/src/java/org/apache/hadoop/hive/serde2/dynamic_type","Namit Jain",NA
"serde/src/java/org/apache/hadoop/hive/serde2/io","Namit Jain",NA
"serde/src/java/org/apache/hadoop/hive/serde2/lazy","Namit Jain",1
"serde/src/java/org/apache/hadoop/hive/serde2/lazy/objectinspector","Namit Jain",NA
"serde/src/java/org/apache/hadoop/hive/serde2/lazy/objectinspector/primitive","Namit Jain",1
"serde/src/java/org/apache/hadoop/hive/serde2/lazybinary","Namit Jain",1
"serde/src/java/org/apache/hadoop/hive/serde2/lazybinary/objectinspector","Namit Jain",NA
"serde/src/java/org/apache/hadoop/hive/serde2/objectinspector","Namit Jain",2
"serde/src/java/org/apache/hadoop/hive/serde2/objectinspector/primitive","Namit Jain",NA
"serde/src/java/org/apache/hadoop/hive/serde2/thrift","Namit Jain",NA
"serde/src/java/org/apache/hadoop/hive/serde2/typeinfo","Namit Jain",NA
"serde/src/test/org/apache/hadoop/hive/serde2","Namit Jain",NA
"serde/src/test/org/apache/hadoop/hive/serde2/binarysortable","Namit Jain",NA
"serde/src/test/org/apache/hadoop/hive/serde2/dynamic_type","Namit Jain",NA
"serde/src/test/org/apache/hadoop/hive/serde2/lazy","Namit Jain",NA
"serde/src/test/org/apache/hadoop/hive/serde2/lazybinary","Namit Jain",NA
"serde/src/test/org/apache/hadoop/hive/serde2/objectinspector","Namit Jain",NA
"serde/src/test/org/apache/hadoop/hive/serde2/thrift_test","Namit Jain",NA
"service/src/java/org/apache/hadoop/hive/service","Namit Jain",NA
"service/src/test/org/apache/hadoop/hive/service","Namit Jain",NA
"shims","Namit Jain",1
"shims/src/0.17/java/org/apache/hadoop/hive/shims","Namit Jain",2
"shims/src/0.18/java/org/apache/hadoop/hive/shims","Namit Jain",2
"shims/src/0.19/java/org/apache/hadoop/hive/shims","Namit Jain",3
"shims/src/0.20/java/org/apache/hadoop/hive/shims","Namit Jain",4
"shims/src/common/java/org/apache/hadoop/hive/shims","Namit Jain",2
"","Yongqiang He",16
"ant/src/org/apache/hadoop/hive/ant","Yongqiang He",NA
"bin","Yongqiang He",NA
"bin/ext","Yongqiang He",NA
"checkstyle","Yongqiang He",NA
"cli/src/java/org/apache/hadoop/hive/cli","Yongqiang He",NA
"common/src/java/org/apache/hadoop/hive/common","Yongqiang He",NA
"common/src/java/org/apache/hadoop/hive/common/io","Yongqiang He",NA
"common/src/java/org/apache/hadoop/hive/conf","Yongqiang He",2
"conf","Yongqiang He",2
"contrib","Yongqiang He",NA
"contrib/src/java/org/apache/hadoop/hive/contrib/fileformat/base64","Yongqiang He",NA
"contrib/src/java/org/apache/hadoop/hive/contrib/genericudf/example","Yongqiang He",NA
"contrib/src/java/org/apache/hadoop/hive/contrib/mr","Yongqiang He",NA
"contrib/src/java/org/apache/hadoop/hive/contrib/mr/example","Yongqiang He",NA
"contrib/src/java/org/apache/hadoop/hive/contrib/serde2","Yongqiang He",NA
"contrib/src/java/org/apache/hadoop/hive/contrib/serde2/s3","Yongqiang He",NA
"contrib/src/java/org/apache/hadoop/hive/contrib/udaf/example","Yongqiang He",NA
"contrib/src/java/org/apache/hadoop/hive/contrib/udf/example","Yongqiang He",NA
"contrib/src/java/org/apache/hadoop/hive/contrib/udtf/example","Yongqiang He",NA
"contrib/src/java/org/apache/hadoop/hive/contrib/util/typedbytes","Yongqiang He",NA
"contrib/src/test/org/apache/hadoop/hive/contrib/mr","Yongqiang He",NA
"contrib/src/test/org/apache/hadoop/hive/contrib/serde2","Yongqiang He",NA
"contrib/src/test/results/clientnegative","Yongqiang He",1
"contrib/src/test/results/clientpositive","Yongqiang He",NA
"data/conf","Yongqiang He",NA
"data/files","Yongqiang He",NA
"eclipse-templates","Yongqiang He",NA
"eclipse-templates/.settings","Yongqiang He",NA
"hbase-handler","Yongqiang He",NA
"hbase-handler/lib","Yongqiang He",NA
"hbase-handler/src/java/org/apache/hadoop/hive/hbase","Yongqiang He",NA
"hbase-handler/src/test/org/apache/hadoop/hive/hbase","Yongqiang He",NA
"hbase-handler/src/test/queries","Yongqiang He",NA
"hbase-handler/src/test/results","Yongqiang He",NA
"hbase-handler/src/test/templates","Yongqiang He",NA
"hwi","Yongqiang He",NA
"hwi/src/java/org/apache/hadoop/hive/hwi","Yongqiang He",NA
"hwi/src/test/org/apache/hadoop/hive/hwi","Yongqiang He",NA
"hwi/web","Yongqiang He",NA
"ivy","Yongqiang He",NA
"jdbc/src/java/org/apache/hadoop/hive/jdbc","Yongqiang He",NA
"jdbc/src/test/org/apache/hadoop/hive/jdbc","Yongqiang He",NA
"lib","Yongqiang He",NA
"metastore","Yongqiang He",NA
"metastore/if","Yongqiang He",NA
"metastore/scripts/upgrade/derby","Yongqiang He",NA
"metastore/scripts/upgrade/mysql","Yongqiang He",NA
"metastore/src/gen-cpp","Yongqiang He",NA
"metastore/src/gen-javabean/org/apache/hadoop/hive/metastore/api","Yongqiang He",NA
"metastore/src/gen-php","Yongqiang He",NA
"metastore/src/gen-py/hive_metastore","Yongqiang He",NA
"metastore/src/java/org/apache/hadoop/hive/metastore","Yongqiang He",1
"metastore/src/model","Yongqiang He",NA
"metastore/src/model/org/apache/hadoop/hive/metastore/model","Yongqiang He",NA
"metastore/src/test/org/apache/hadoop/hive/metastore","Yongqiang He",NA
"odbc","Yongqiang He",NA
"odbc/src/cpp","Yongqiang He",NA
"ql","Yongqiang He",NA
"ql/if","Yongqiang He",1
"ql/src/gen-javabean/org/apache/hadoop/hive/ql/plan/api","Yongqiang He",1
"ql/src/gen-php","Yongqiang He",1
"ql/src/gen-py/queryplan","Yongqiang He",1
"ql/src/java/org/apache/hadoop/hive/ql","Yongqiang He",1
"ql/src/java/org/apache/hadoop/hive/ql/exec","Yongqiang He",NA
"ql/src/java/org/apache/hadoop/hive/ql/exec/persistence","Yongqiang He",NA
"ql/src/java/org/apache/hadoop/hive/ql/history","Yongqiang He",NA
"ql/src/java/org/apache/hadoop/hive/ql/hooks","Yongqiang He",1
"ql/src/java/org/apache/hadoop/hive/ql/io","Yongqiang He",2
"ql/src/java/org/apache/hadoop/hive/ql/lib","Yongqiang He",NA
"ql/src/java/org/apache/hadoop/hive/ql/metadata","Yongqiang He",2
"ql/src/java/org/apache/hadoop/hive/ql/optimizer","Yongqiang He",3
"ql/src/java/org/apache/hadoop/hive/ql/optimizer/lineage","Yongqiang He",NA
"ql/src/java/org/apache/hadoop/hive/ql/optimizer/physical","Yongqiang He",NA
"ql/src/java/org/apache/hadoop/hive/ql/optimizer/ppr","Yongqiang He",1
"ql/src/java/org/apache/hadoop/hive/ql/optimizer/unionproc","Yongqiang He",NA
"ql/src/java/org/apache/hadoop/hive/ql/parse","Yongqiang He",NA
"ql/src/java/org/apache/hadoop/hive/ql/plan","Yongqiang He",NA
"ql/src/java/org/apache/hadoop/hive/ql/ppd","Yongqiang He",1
"ql/src/java/org/apache/hadoop/hive/ql/processors","Yongqiang He",NA
"ql/src/java/org/apache/hadoop/hive/ql/session","Yongqiang He",NA
"ql/src/java/org/apache/hadoop/hive/ql/tools","Yongqiang He",NA
"ql/src/java/org/apache/hadoop/hive/ql/udf","Yongqiang He",NA
"ql/src/java/org/apache/hadoop/hive/ql/udf/generic","Yongqiang He",1
"ql/src/java/org/apache/hadoop/hive/ql/util/jdbm","Yongqiang He",NA
"ql/src/java/org/apache/hadoop/hive/ql/util/jdbm/helper","Yongqiang He",NA
"ql/src/java/org/apache/hadoop/hive/ql/util/jdbm/htree","Yongqiang He",NA
"ql/src/java/org/apache/hadoop/hive/ql/util/jdbm/recman","Yongqiang He",NA
"ql/src/java/org/apache/hadoop/hive/ql/util/typedbytes","Yongqiang He",NA
"ql/src/test/org/apache/hadoop/hive/ql","Yongqiang He",1
"ql/src/test/org/apache/hadoop/hive/ql/exec","Yongqiang He",1
"ql/src/test/org/apache/hadoop/hive/ql/history","Yongqiang He",NA
"ql/src/test/org/apache/hadoop/hive/ql/hooks","Yongqiang He",NA
"ql/src/test/org/apache/hadoop/hive/ql/io","Yongqiang He",NA
"ql/src/test/org/apache/hadoop/hive/ql/metadata","Yongqiang He",1
"ql/src/test/org/apache/hadoop/hive/ql/tool","Yongqiang He",NA
"ql/src/test/org/apache/hadoop/hive/ql/udf","Yongqiang He",NA
"ql/src/test/org/apache/hadoop/hive/ql/udf/generic","Yongqiang He",NA
"ql/src/test/org/apache/hadoop/hive/scripts","Yongqiang He",NA
"ql/src/test/org/apache/hadoop/hive/serde2","Yongqiang He",NA
"ql/src/test/queries/clientpositive","Yongqiang He",2
"ql/src/test/results/clientnegative","Yongqiang He",NA
"ql/src/test/results/clientpositive","Yongqiang He",6
"ql/src/test/results/compiler/errors","Yongqiang He",NA
"ql/src/test/results/compiler/plan","Yongqiang He",3
"ql/src/test/templates","Yongqiang He",NA
"serde/src/java/org/apache/hadoop/hive/serde2","Yongqiang He",NA
"serde/src/java/org/apache/hadoop/hive/serde2/binarysortable","Yongqiang He",NA
"serde/src/java/org/apache/hadoop/hive/serde2/columnar","Yongqiang He",NA
"serde/src/java/org/apache/hadoop/hive/serde2/dynamic_type","Yongqiang He",NA
"serde/src/java/org/apache/hadoop/hive/serde2/io","Yongqiang He",NA
"serde/src/java/org/apache/hadoop/hive/serde2/lazy","Yongqiang He",NA
"serde/src/java/org/apache/hadoop/hive/serde2/lazy/objectinspector","Yongqiang He",NA
"serde/src/java/org/apache/hadoop/hive/serde2/lazy/objectinspector/primitive","Yongqiang He",NA
"serde/src/java/org/apache/hadoop/hive/serde2/lazybinary","Yongqiang He",NA
"serde/src/java/org/apache/hadoop/hive/serde2/lazybinary/objectinspector","Yongqiang He",NA
"serde/src/java/org/apache/hadoop/hive/serde2/objectinspector","Yongqiang He",NA
"serde/src/java/org/apache/hadoop/hive/serde2/objectinspector/primitive","Yongqiang He",NA
"serde/src/java/org/apache/hadoop/hive/serde2/thrift","Yongqiang He",NA
"serde/src/java/org/apache/hadoop/hive/serde2/typeinfo","Yongqiang He",NA
"serde/src/test/org/apache/hadoop/hive/serde2","Yongqiang He",NA
"serde/src/test/org/apache/hadoop/hive/serde2/binarysortable","Yongqiang He",NA
"serde/src/test/org/apache/hadoop/hive/serde2/dynamic_type","Yongqiang He",NA
"serde/src/test/org/apache/hadoop/hive/serde2/lazy","Yongqiang He",NA
"serde/src/test/org/apache/hadoop/hive/serde2/lazybinary","Yongqiang He",NA
"serde/src/test/org/apache/hadoop/hive/serde2/objectinspector","Yongqiang He",NA
"serde/src/test/org/apache/hadoop/hive/serde2/thrift_test","Yongqiang He",NA
"service/src/java/org/apache/hadoop/hive/service","Yongqiang He",NA
"service/src/test/org/apache/hadoop/hive/service","Yongqiang He",NA
"shims","Yongqiang He",NA
"shims/src/0.17/java/org/apache/hadoop/hive/shims","Yongqiang He",NA
"shims/src/0.18/java/org/apache/hadoop/hive/shims","Yongqiang He",NA
"shims/src/0.19/java/org/apache/hadoop/hive/shims","Yongqiang He",NA
"shims/src/0.20/java/org/apache/hadoop/hive/shims","Yongqiang He",NA
"shims/src/common/java/org/apache/hadoop/hive/shims","Yongqiang He",NA
"","Ashish Thusoo",2
"ant/src/org/apache/hadoop/hive/ant","Ashish Thusoo",NA
"bin","Ashish Thusoo",NA
"bin/ext","Ashish Thusoo",NA
"checkstyle","Ashish Thusoo",NA
"cli/src/java/org/apache/hadoop/hive/cli","Ashish Thusoo",NA
"common/src/java/org/apache/hadoop/hive/common","Ashish Thusoo",NA
"common/src/java/org/apache/hadoop/hive/common/io","Ashish Thusoo",NA
"common/src/java/org/apache/hadoop/hive/conf","Ashish Thusoo",NA
"conf","Ashish Thusoo",NA
"contrib","Ashish Thusoo",NA
"contrib/src/java/org/apache/hadoop/hive/contrib/fileformat/base64","Ashish Thusoo",NA
"contrib/src/java/org/apache/hadoop/hive/contrib/genericudf/example","Ashish Thusoo",NA
"contrib/src/java/org/apache/hadoop/hive/contrib/mr","Ashish Thusoo",NA
"contrib/src/java/org/apache/hadoop/hive/contrib/mr/example","Ashish Thusoo",NA
"contrib/src/java/org/apache/hadoop/hive/contrib/serde2","Ashish Thusoo",NA
"contrib/src/java/org/apache/hadoop/hive/contrib/serde2/s3","Ashish Thusoo",NA
"contrib/src/java/org/apache/hadoop/hive/contrib/udaf/example","Ashish Thusoo",NA
"contrib/src/java/org/apache/hadoop/hive/contrib/udf/example","Ashish Thusoo",NA
"contrib/src/java/org/apache/hadoop/hive/contrib/udtf/example","Ashish Thusoo",NA
"contrib/src/java/org/apache/hadoop/hive/contrib/util/typedbytes","Ashish Thusoo",NA
"contrib/src/test/org/apache/hadoop/hive/contrib/mr","Ashish Thusoo",NA
"contrib/src/test/org/apache/hadoop/hive/contrib/serde2","Ashish Thusoo",NA
"contrib/src/test/results/clientnegative","Ashish Thusoo",NA
"contrib/src/test/results/clientpositive","Ashish Thusoo",NA
"data/conf","Ashish Thusoo",NA
"data/files","Ashish Thusoo",NA
"eclipse-templates","Ashish Thusoo",1
"eclipse-templates/.settings","Ashish Thusoo",NA
"hbase-handler","Ashish Thusoo",NA
"hbase-handler/lib","Ashish Thusoo",NA
"hbase-handler/src/java/org/apache/hadoop/hive/hbase","Ashish Thusoo",NA
"hbase-handler/src/test/org/apache/hadoop/hive/hbase","Ashish Thusoo",NA
"hbase-handler/src/test/queries","Ashish Thusoo",NA
"hbase-handler/src/test/results","Ashish Thusoo",NA
"hbase-handler/src/test/templates","Ashish Thusoo",NA
"hwi","Ashish Thusoo",NA
"hwi/src/java/org/apache/hadoop/hive/hwi","Ashish Thusoo",NA
"hwi/src/test/org/apache/hadoop/hive/hwi","Ashish Thusoo",NA
"hwi/web","Ashish Thusoo",NA
"ivy","Ashish Thusoo",NA
"jdbc/src/java/org/apache/hadoop/hive/jdbc","Ashish Thusoo",NA
"jdbc/src/test/org/apache/hadoop/hive/jdbc","Ashish Thusoo",NA
"lib","Ashish Thusoo",NA
"metastore","Ashish Thusoo",NA
"metastore/if","Ashish Thusoo",NA
"metastore/scripts/upgrade/derby","Ashish Thusoo",NA
"metastore/scripts/upgrade/mysql","Ashish Thusoo",NA
"metastore/src/gen-cpp","Ashish Thusoo",NA
"metastore/src/gen-javabean/org/apache/hadoop/hive/metastore/api","Ashish Thusoo",NA
"metastore/src/gen-php","Ashish Thusoo",NA
"metastore/src/gen-py/hive_metastore","Ashish Thusoo",NA
"metastore/src/java/org/apache/hadoop/hive/metastore","Ashish Thusoo",NA
"metastore/src/model","Ashish Thusoo",NA
"metastore/src/model/org/apache/hadoop/hive/metastore/model","Ashish Thusoo",NA
"metastore/src/test/org/apache/hadoop/hive/metastore","Ashish Thusoo",NA
"odbc","Ashish Thusoo",NA
"odbc/src/cpp","Ashish Thusoo",NA
"ql","Ashish Thusoo",NA
"ql/if","Ashish Thusoo",NA
"ql/src/gen-javabean/org/apache/hadoop/hive/ql/plan/api","Ashish Thusoo",NA
"ql/src/gen-php","Ashish Thusoo",NA
"ql/src/gen-py/queryplan","Ashish Thusoo",NA
"ql/src/java/org/apache/hadoop/hive/ql","Ashish Thusoo",NA
"ql/src/java/org/apache/hadoop/hive/ql/exec","Ashish Thusoo",NA
"ql/src/java/org/apache/hadoop/hive/ql/exec/persistence","Ashish Thusoo",NA
"ql/src/java/org/apache/hadoop/hive/ql/history","Ashish Thusoo",NA
"ql/src/java/org/apache/hadoop/hive/ql/hooks","Ashish Thusoo",NA
"ql/src/java/org/apache/hadoop/hive/ql/io","Ashish Thusoo",NA
"ql/src/java/org/apache/hadoop/hive/ql/lib","Ashish Thusoo",NA
"ql/src/java/org/apache/hadoop/hive/ql/metadata","Ashish Thusoo",NA
"ql/src/java/org/apache/hadoop/hive/ql/optimizer","Ashish Thusoo",NA
"ql/src/java/org/apache/hadoop/hive/ql/optimizer/lineage","Ashish Thusoo",NA
"ql/src/java/org/apache/hadoop/hive/ql/optimizer/physical","Ashish Thusoo",NA
"ql/src/java/org/apache/hadoop/hive/ql/optimizer/ppr","Ashish Thusoo",NA
"ql/src/java/org/apache/hadoop/hive/ql/optimizer/unionproc","Ashish Thusoo",NA
"ql/src/java/org/apache/hadoop/hive/ql/parse","Ashish Thusoo",NA
"ql/src/java/org/apache/hadoop/hive/ql/plan","Ashish Thusoo",NA
"ql/src/java/org/apache/hadoop/hive/ql/ppd","Ashish Thusoo",NA
"ql/src/java/org/apache/hadoop/hive/ql/processors","Ashish Thusoo",NA
"ql/src/java/org/apache/hadoop/hive/ql/session","Ashish Thusoo",NA
"ql/src/java/org/apache/hadoop/hive/ql/tools","Ashish Thusoo",NA
"ql/src/java/org/apache/hadoop/hive/ql/udf","Ashish Thusoo",NA
"ql/src/java/org/apache/hadoop/hive/ql/udf/generic","Ashish Thusoo",NA
"ql/src/java/org/apache/hadoop/hive/ql/util/jdbm","Ashish Thusoo",NA
"ql/src/java/org/apache/hadoop/hive/ql/util/jdbm/helper","Ashish Thusoo",NA
"ql/src/java/org/apache/hadoop/hive/ql/util/jdbm/htree","Ashish Thusoo",NA
"ql/src/java/org/apache/hadoop/hive/ql/util/jdbm/recman","Ashish Thusoo",NA
"ql/src/java/org/apache/hadoop/hive/ql/util/typedbytes","Ashish Thusoo",NA
"ql/src/test/org/apache/hadoop/hive/ql","Ashish Thusoo",NA
"ql/src/test/org/apache/hadoop/hive/ql/exec","Ashish Thusoo",NA
"ql/src/test/org/apache/hadoop/hive/ql/history","Ashish Thusoo",NA
"ql/src/test/org/apache/hadoop/hive/ql/hooks","Ashish Thusoo",NA
"ql/src/test/org/apache/hadoop/hive/ql/io","Ashish Thusoo",NA
"ql/src/test/org/apache/hadoop/hive/ql/metadata","Ashish Thusoo",NA
"ql/src/test/org/apache/hadoop/hive/ql/tool","Ashish Thusoo",NA
"ql/src/test/org/apache/hadoop/hive/ql/udf","Ashish Thusoo",NA
"ql/src/test/org/apache/hadoop/hive/ql/udf/generic","Ashish Thusoo",NA
"ql/src/test/org/apache/hadoop/hive/scripts","Ashish Thusoo",NA
"ql/src/test/org/apache/hadoop/hive/serde2","Ashish Thusoo",NA
"ql/src/test/queries/clientpositive","Ashish Thusoo",NA
"ql/src/test/results/clientnegative","Ashish Thusoo",NA
"ql/src/test/results/clientpositive","Ashish Thusoo",NA
"ql/src/test/results/compiler/errors","Ashish Thusoo",NA
"ql/src/test/results/compiler/plan","Ashish Thusoo",NA
"ql/src/test/templates","Ashish Thusoo",NA
"serde/src/java/org/apache/hadoop/hive/serde2","Ashish Thusoo",NA
"serde/src/java/org/apache/hadoop/hive/serde2/binarysortable","Ashish Thusoo",NA
"serde/src/java/org/apache/hadoop/hive/serde2/columnar","Ashish Thusoo",NA
"serde/src/java/org/apache/hadoop/hive/serde2/dynamic_type","Ashish Thusoo",NA
"serde/src/java/org/apache/hadoop/hive/serde2/io","Ashish Thusoo",NA
"serde/src/java/org/apache/hadoop/hive/serde2/lazy","Ashish Thusoo",NA
"serde/src/java/org/apache/hadoop/hive/serde2/lazy/objectinspector","Ashish Thusoo",NA
"serde/src/java/org/apache/hadoop/hive/serde2/lazy/objectinspector/primitive","Ashish Thusoo",NA
"serde/src/java/org/apache/hadoop/hive/serde2/lazybinary","Ashish Thusoo",NA
"serde/src/java/org/apache/hadoop/hive/serde2/lazybinary/objectinspector","Ashish Thusoo",NA
"serde/src/java/org/apache/hadoop/hive/serde2/objectinspector","Ashish Thusoo",NA
"serde/src/java/org/apache/hadoop/hive/serde2/objectinspector/primitive","Ashish Thusoo",NA
"serde/src/java/org/apache/hadoop/hive/serde2/thrift","Ashish Thusoo",NA
"serde/src/java/org/apache/hadoop/hive/serde2/typeinfo","Ashish Thusoo",1
"serde/src/test/org/apache/hadoop/hive/serde2","Ashish Thusoo",NA
"serde/src/test/org/apache/hadoop/hive/serde2/binarysortable","Ashish Thusoo",NA
"serde/src/test/org/apache/hadoop/hive/serde2/dynamic_type","Ashish Thusoo",NA
"serde/src/test/org/apache/hadoop/hive/serde2/lazy","Ashish Thusoo",NA
"serde/src/test/org/apache/hadoop/hive/serde2/lazybinary","Ashish Thusoo",NA
"serde/src/test/org/apache/hadoop/hive/serde2/objectinspector","Ashish Thusoo",NA
"serde/src/test/org/apache/hadoop/hive/serde2/thrift_test","Ashish Thusoo",NA
"service/src/java/org/apache/hadoop/hive/service","Ashish Thusoo",NA
"service/src/test/org/apache/hadoop/hive/service","Ashish Thusoo",NA
"shims","Ashish Thusoo",NA
"shims/src/0.17/java/org/apache/hadoop/hive/shims","Ashish Thusoo",NA
"shims/src/0.18/java/org/apache/hadoop/hive/shims","Ashish Thusoo",NA
"shims/src/0.19/java/org/apache/hadoop/hive/shims","Ashish Thusoo",NA
"shims/src/0.20/java/org/apache/hadoop/hive/shims","Ashish Thusoo",NA
"shims/src/common/java/org/apache/hadoop/hive/shims","Ashish Thusoo",NA
"","Zheng Shao",49
"ant/src/org/apache/hadoop/hive/ant","Zheng Shao",NA
"bin","Zheng Shao",NA
"bin/ext","Zheng Shao",1
"checkstyle","Zheng Shao",3
"cli/src/java/org/apache/hadoop/hive/cli","Zheng Shao",4
"common/src/java/org/apache/hadoop/hive/common","Zheng Shao",2
"common/src/java/org/apache/hadoop/hive/common/io","Zheng Shao",1
"common/src/java/org/apache/hadoop/hive/conf","Zheng Shao",5
"conf","Zheng Shao",3
"contrib","Zheng Shao",NA
"contrib/src/java/org/apache/hadoop/hive/contrib/fileformat/base64","Zheng Shao",2
"contrib/src/java/org/apache/hadoop/hive/contrib/genericudf/example","Zheng Shao",3
"contrib/src/java/org/apache/hadoop/hive/contrib/mr","Zheng Shao",3
"contrib/src/java/org/apache/hadoop/hive/contrib/mr/example","Zheng Shao",2
"contrib/src/java/org/apache/hadoop/hive/contrib/serde2","Zheng Shao",2
"contrib/src/java/org/apache/hadoop/hive/contrib/serde2/s3","Zheng Shao",2
"contrib/src/java/org/apache/hadoop/hive/contrib/udaf/example","Zheng Shao",3
"contrib/src/java/org/apache/hadoop/hive/contrib/udf/example","Zheng Shao",2
"contrib/src/java/org/apache/hadoop/hive/contrib/udtf/example","Zheng Shao",3
"contrib/src/java/org/apache/hadoop/hive/contrib/util/typedbytes","Zheng Shao",2
"contrib/src/test/org/apache/hadoop/hive/contrib/mr","Zheng Shao",2
"contrib/src/test/org/apache/hadoop/hive/contrib/serde2","Zheng Shao",2
"contrib/src/test/results/clientnegative","Zheng Shao",NA
"contrib/src/test/results/clientpositive","Zheng Shao",NA
"data/conf","Zheng Shao",1
"data/files","Zheng Shao",NA
"eclipse-templates","Zheng Shao",1
"eclipse-templates/.settings","Zheng Shao",1
"hbase-handler","Zheng Shao",NA
"hbase-handler/lib","Zheng Shao",NA
"hbase-handler/src/java/org/apache/hadoop/hive/hbase","Zheng Shao",NA
"hbase-handler/src/test/org/apache/hadoop/hive/hbase","Zheng Shao",NA
"hbase-handler/src/test/queries","Zheng Shao",NA
"hbase-handler/src/test/results","Zheng Shao",NA
"hbase-handler/src/test/templates","Zheng Shao",NA
"hwi","Zheng Shao",NA
"hwi/src/java/org/apache/hadoop/hive/hwi","Zheng Shao",4
"hwi/src/test/org/apache/hadoop/hive/hwi","Zheng Shao",3
"hwi/web","Zheng Shao",NA
"ivy","Zheng Shao",4
"jdbc/src/java/org/apache/hadoop/hive/jdbc","Zheng Shao",2
"jdbc/src/test/org/apache/hadoop/hive/jdbc","Zheng Shao",2
"lib","Zheng Shao",NA
"metastore","Zheng Shao",NA
"metastore/if","Zheng Shao",4
"metastore/scripts/upgrade/derby","Zheng Shao",NA
"metastore/scripts/upgrade/mysql","Zheng Shao",NA
"metastore/src/gen-cpp","Zheng Shao",4
"metastore/src/gen-javabean/org/apache/hadoop/hive/metastore/api","Zheng Shao",4
"metastore/src/gen-php","Zheng Shao",4
"metastore/src/gen-py/hive_metastore","Zheng Shao",4
"metastore/src/java/org/apache/hadoop/hive/metastore","Zheng Shao",8
"metastore/src/model","Zheng Shao",2
"metastore/src/model/org/apache/hadoop/hive/metastore/model","Zheng Shao",2
"metastore/src/test/org/apache/hadoop/hive/metastore","Zheng Shao",5
"odbc","Zheng Shao",1
"odbc/src/cpp","Zheng Shao",1
"ql","Zheng Shao",NA
"ql/if","Zheng Shao",NA
"ql/src/gen-javabean/org/apache/hadoop/hive/ql/plan/api","Zheng Shao",NA
"ql/src/gen-php","Zheng Shao",NA
"ql/src/gen-py/queryplan","Zheng Shao",NA
"ql/src/java/org/apache/hadoop/hive/ql","Zheng Shao",6
"ql/src/java/org/apache/hadoop/hive/ql/exec","Zheng Shao",5
"ql/src/java/org/apache/hadoop/hive/ql/exec/persistence","Zheng Shao",4
"ql/src/java/org/apache/hadoop/hive/ql/history","Zheng Shao",3
"ql/src/java/org/apache/hadoop/hive/ql/hooks","Zheng Shao",2
"ql/src/java/org/apache/hadoop/hive/ql/io","Zheng Shao",8
"ql/src/java/org/apache/hadoop/hive/ql/lib","Zheng Shao",3
"ql/src/java/org/apache/hadoop/hive/ql/metadata","Zheng Shao",5
"ql/src/java/org/apache/hadoop/hive/ql/optimizer","Zheng Shao",5
"ql/src/java/org/apache/hadoop/hive/ql/optimizer/lineage","Zheng Shao",NA
"ql/src/java/org/apache/hadoop/hive/ql/optimizer/physical","Zheng Shao",4
"ql/src/java/org/apache/hadoop/hive/ql/optimizer/ppr","Zheng Shao",3
"ql/src/java/org/apache/hadoop/hive/ql/optimizer/unionproc","Zheng Shao",2
"ql/src/java/org/apache/hadoop/hive/ql/parse","Zheng Shao",5
"ql/src/java/org/apache/hadoop/hive/ql/plan","Zheng Shao",2
"ql/src/java/org/apache/hadoop/hive/ql/ppd","Zheng Shao",3
"ql/src/java/org/apache/hadoop/hive/ql/processors","Zheng Shao",3
"ql/src/java/org/apache/hadoop/hive/ql/session","Zheng Shao",2
"ql/src/java/org/apache/hadoop/hive/ql/tools","Zheng Shao",2
"ql/src/java/org/apache/hadoop/hive/ql/udf","Zheng Shao",5
"ql/src/java/org/apache/hadoop/hive/ql/udf/generic","Zheng Shao",4
"ql/src/java/org/apache/hadoop/hive/ql/util/jdbm","Zheng Shao",1
"ql/src/java/org/apache/hadoop/hive/ql/util/jdbm/helper","Zheng Shao",2
"ql/src/java/org/apache/hadoop/hive/ql/util/jdbm/htree","Zheng Shao",1
"ql/src/java/org/apache/hadoop/hive/ql/util/jdbm/recman","Zheng Shao",2
"ql/src/java/org/apache/hadoop/hive/ql/util/typedbytes","Zheng Shao",NA
"ql/src/test/org/apache/hadoop/hive/ql","Zheng Shao",4
"ql/src/test/org/apache/hadoop/hive/ql/exec","Zheng Shao",3
"ql/src/test/org/apache/hadoop/hive/ql/history","Zheng Shao",3
"ql/src/test/org/apache/hadoop/hive/ql/hooks","Zheng Shao",1
"ql/src/test/org/apache/hadoop/hive/ql/io","Zheng Shao",3
"ql/src/test/org/apache/hadoop/hive/ql/metadata","Zheng Shao",2
"ql/src/test/org/apache/hadoop/hive/ql/tool","Zheng Shao",2
"ql/src/test/org/apache/hadoop/hive/ql/udf","Zheng Shao",3
"ql/src/test/org/apache/hadoop/hive/ql/udf/generic","Zheng Shao",2
"ql/src/test/org/apache/hadoop/hive/scripts","Zheng Shao",2
"ql/src/test/org/apache/hadoop/hive/serde2","Zheng Shao",2
"ql/src/test/queries/clientpositive","Zheng Shao",4
"ql/src/test/results/clientnegative","Zheng Shao",3
"ql/src/test/results/clientpositive","Zheng Shao",5
"ql/src/test/results/compiler/errors","Zheng Shao",1
"ql/src/test/results/compiler/plan","Zheng Shao",3
"ql/src/test/templates","Zheng Shao",NA
"serde/src/java/org/apache/hadoop/hive/serde2","Zheng Shao",3
"serde/src/java/org/apache/hadoop/hive/serde2/binarysortable","Zheng Shao",2
"serde/src/java/org/apache/hadoop/hive/serde2/columnar","Zheng Shao",3
"serde/src/java/org/apache/hadoop/hive/serde2/dynamic_type","Zheng Shao",3
"serde/src/java/org/apache/hadoop/hive/serde2/io","Zheng Shao",2
"serde/src/java/org/apache/hadoop/hive/serde2/lazy","Zheng Shao",2
"serde/src/java/org/apache/hadoop/hive/serde2/lazy/objectinspector","Zheng Shao",2
"serde/src/java/org/apache/hadoop/hive/serde2/lazy/objectinspector/primitive","Zheng Shao",2
"serde/src/java/org/apache/hadoop/hive/serde2/lazybinary","Zheng Shao",3
"serde/src/java/org/apache/hadoop/hive/serde2/lazybinary/objectinspector","Zheng Shao",2
"serde/src/java/org/apache/hadoop/hive/serde2/objectinspector","Zheng Shao",3
"serde/src/java/org/apache/hadoop/hive/serde2/objectinspector/primitive","Zheng Shao",2
"serde/src/java/org/apache/hadoop/hive/serde2/thrift","Zheng Shao",3
"serde/src/java/org/apache/hadoop/hive/serde2/typeinfo","Zheng Shao",2
"serde/src/test/org/apache/hadoop/hive/serde2","Zheng Shao",2
"serde/src/test/org/apache/hadoop/hive/serde2/binarysortable","Zheng Shao",2
"serde/src/test/org/apache/hadoop/hive/serde2/dynamic_type","Zheng Shao",2
"serde/src/test/org/apache/hadoop/hive/serde2/lazy","Zheng Shao",2
"serde/src/test/org/apache/hadoop/hive/serde2/lazybinary","Zheng Shao",2
"serde/src/test/org/apache/hadoop/hive/serde2/objectinspector","Zheng Shao",2
"serde/src/test/org/apache/hadoop/hive/serde2/thrift_test","Zheng Shao",2
"service/src/java/org/apache/hadoop/hive/service","Zheng Shao",4
"service/src/test/org/apache/hadoop/hive/service","Zheng Shao",2
"shims","Zheng Shao",1
"shims/src/0.17/java/org/apache/hadoop/hive/shims","Zheng Shao",2
"shims/src/0.18/java/org/apache/hadoop/hive/shims","Zheng Shao",2
"shims/src/0.19/java/org/apache/hadoop/hive/shims","Zheng Shao",2
"shims/src/0.20/java/org/apache/hadoop/hive/shims","Zheng Shao",2
"shims/src/common/java/org/apache/hadoop/hive/shims","Zheng Shao",2
