"File","SLOC","Comments","Ratio_code_comment","McCabe","NumFiles","Ownership_Lines","Minor_Lines","Major_lines","LineAuthors","Commits","LineAdded","LineDeleted","CommitAuthors","Ownership_Commits","Minor_Commits","Major_Commits","HasBug","BugCount"
"hadoop-common-project/hadoop-common/src/test/aop/org/apache/hadoop/fi",59,85,1.535,2.5,2,0.981012658227848,1,1,2,0,0,0,0,0,0,0,0,0
"hadoop-common-project/hadoop-common/src/test/system/c++/runAs",98,61,0.685,6.5,2,0.994117647058824,1,1,2,0,0,0,0,0,0,0,0,0
"hadoop-common-project/hadoop-common/src/test/system/validation/org/apache/hadoop/util",22,23,1.05,0,1,1,0,1,1,0,0,0,0,0,0,0,0,0
"hadoop-common-project/hadoop-common/src/test/system/java/org/apache/hadoop/test/system",845,742,1.78428571428571,8.57142857142857,7,0.996575342465753,1,1,2,0,0,0,0,0,0,0,0,0
"hadoop-common-project/hadoop-common/src/test/system/java/org/apache/hadoop/test/system/process",390,211,2.52,5.25,4,0.99702823179792,1,1,2,0,0,0,0,0,0,0,0,0
"hadoop-common-project/hadoop-common/src/test/system/java/org/apache/hadoop/util",144,61,1.22,3,2,1,0,1,1,0,0,0,0,0,0,0,0,0
"hadoop-common-project/hadoop-common/src/test/java/org/apache/hadoop/test",481,406,1.22285714285714,1.85714285714286,7,0.429435483870968,1,4,5,2,67,9,2,0.5,0,2,0,0
"hadoop-common-project/hadoop-common/src/test/java/org/apache/hadoop/log",241,60,0.32,2,2,0.775862068965517,0,2,2,0,0,0,0,0,0,0,0,0
"hadoop-common-project/hadoop-common/src/test/java/org/apache/hadoop/fs",7534,2017,0.512444444444444,5.93333333333333,45,0.260960523922139,19,5,24,6,303,179,5,0.333333333333333,0,5,0,0
"hadoop-common-project/hadoop-common/src/test/java/org/apache/hadoop/fs/permission",641,31,0.05,27,1,0.820659971305595,2,2,4,0,0,0,0,0,0,0,0,0
"hadoop-common-project/hadoop-common/src/test/java/org/apache/hadoop/fs/viewfs",1691,716,0.765882352941176,0.411764705882353,17,0.978648932446622,2,1,3,1,49,1,1,1,0,1,1,9
"hadoop-common-project/hadoop-common/src/test/java/org/apache/hadoop/fs/loadGenerator",678,317,0.503333333333333,37.6666666666667,3,0.965867158671587,5,1,6,0,0,0,0,0,0,0,0,0
"hadoop-common-project/hadoop-common/src/test/java/org/apache/hadoop/fs/s3",257,125,0.987142857142857,2,7,0.973509933774834,1,1,2,0,0,0,0,0,0,0,0,0
"hadoop-common-project/hadoop-common/src/test/java/org/apache/hadoop/fs/shell",229,63,0.366666666666667,1,3,1,0,1,1,1,128,28,1,1,0,1,0,0
"hadoop-common-project/hadoop-common/src/test/java/org/apache/hadoop/fs/s3native",323,83,1.025,7.25,4,0.632016632016632,0,3,3,0,0,0,0,0,0,0,0,0
"hadoop-common-project/hadoop-common/src/test/java/org/apache/hadoop/fs/kfs",230,57,0.245,6.5,2,0.983050847457627,1,1,2,0,0,0,0,0,0,0,0,0
"hadoop-common-project/hadoop-common/src/test/java/org/apache/hadoop/jmx",51,18,0.35,0,1,0.841463414634146,0,2,2,0,0,0,0,0,0,0,0,0
"hadoop-common-project/hadoop-common/src/test/java/org/apache/hadoop/net",415,175,0.554,4.2,5,0.604754829123328,6,3,9,3,160,0,3,0.333333333333333,0,3,1,3
"hadoop-common-project/hadoop-common/src/test/java/org/apache/hadoop/metrics2/sink/ganglia",8,26,3.25,0,1,1,0,1,1,0,0,0,0,0,0,0,0,0
"hadoop-common-project/hadoop-common/src/test/java/org/apache/hadoop/metrics2/impl",714,297,0.862222222222222,1.55555555555556,9,0.770104895104895,1,3,4,1,43,0,1,1,0,1,0,0
"hadoop-common-project/hadoop-common/src/test/java/org/apache/hadoop/metrics2/filter",85,43,0.51,0,1,1,0,1,1,0,0,0,0,0,0,0,0,0
"hadoop-common-project/hadoop-common/src/test/java/org/apache/hadoop/metrics2/lib",342,102,0.448,1.6,5,1,0,1,1,0,0,0,0,0,0,0,0,0
"hadoop-common-project/hadoop-common/src/test/java/org/apache/hadoop/metrics2/source",27,17,0.63,8,1,1,0,1,1,0,0,0,0,0,0,0,0,0
"hadoop-common-project/hadoop-common/src/test/java/org/apache/hadoop/metrics2/util",142,47,0.435,1,2,0.925581395348837,0,2,2,0,0,0,0,0,0,0,1,1
"hadoop-common-project/hadoop-common/src/test/java/org/apache/hadoop/record",823,158,0.243333333333333,7.5,6,1,0,1,1,0,0,0,0,0,0,0,0,0
"hadoop-common-project/hadoop-common/src/test/java/org/apache/hadoop/io",2832,803,0.383548387096774,6.16129032258065,31,0.562222741069344,10,2,12,1,16,15,1,1,0,1,1,1
"hadoop-common-project/hadoop-common/src/test/java/org/apache/hadoop/io/nativeio",215,37,0.17,5,1,0.512455516014235,1,2,3,2,62,1,2,0.5,0,2,1,2
"hadoop-common-project/hadoop-common/src/test/java/org/apache/hadoop/io/file/tfile",3386,722,0.690952380952381,12.2380952380952,21,0.930302380441776,3,1,4,0,0,0,0,0,0,0,0,0
"hadoop-common-project/hadoop-common/src/test/java/org/apache/hadoop/io/retry",398,86,0.2825,2.5,4,0.523049645390071,0,2,2,0,0,0,0,0,0,0,0,0
"hadoop-common-project/hadoop-common/src/test/java/org/apache/hadoop/io/serializer",72,64,0.89,0,3,0.320512820512821,0,4,4,0,0,0,0,0,0,0,0,0
"hadoop-common-project/hadoop-common/src/test/java/org/apache/hadoop/io/serializer/avro",91,34,0.565,6,2,0.993055555555556,1,1,2,0,0,0,0,0,0,0,0,0
"hadoop-common-project/hadoop-common/src/test/java/org/apache/hadoop/io/compress",955,133,0.156666666666667,16,3,0.357142857142857,3,3,6,0,0,0,0,0,0,0,0,0
"hadoop-common-project/hadoop-common/src/test/java/org/apache/hadoop/http",824,331,0.57875,3.625,8,0.207822085889571,4,7,11,3,52,7,2,0.666666666666667,0,2,0,0
"hadoop-common-project/hadoop-common/src/test/java/org/apache/hadoop/http/resource",35,22,0.63,0,1,1,0,1,1,0,0,0,0,0,0,0,0,0
"hadoop-common-project/hadoop-common/src/test/java/org/apache/hadoop/http/lib",49,17,0.35,0,1,1,0,1,1,0,0,0,0,0,0,0,0,0
"hadoop-common-project/hadoop-common/src/test/java/org/apache/hadoop/metrics",72,22,0.31,0,1,1,0,1,1,0,0,0,0,0,0,0,0,0
"hadoop-common-project/hadoop-common/src/test/java/org/apache/hadoop/metrics/ganglia",17,19,1.12,0,1,1,0,1,1,0,0,0,0,0,0,0,0,0
"hadoop-common-project/hadoop-common/src/test/java/org/apache/hadoop/metrics/spi",17,17,1,0,1,1,0,1,1,0,0,0,0,0,0,0,0,0
"hadoop-common-project/hadoop-common/src/test/java/org/apache/hadoop/tools",93,18,0.19,1,1,1,0,1,1,0,0,0,0,0,0,0,0,0
"hadoop-common-project/hadoop-common/src/test/java/org/apache/hadoop/security",1013,204,0.417142857142857,3.14285714285714,7,0.523913043478261,5,6,11,1,1,1,1,1,0,1,1,3
"hadoop-common-project/hadoop-common/src/test/java/org/apache/hadoop/security/token",60,25,0.42,12,1,0.622448979591837,0,2,2,0,0,0,0,0,0,0,0,0
"hadoop-common-project/hadoop-common/src/test/java/org/apache/hadoop/security/token/delegation",314,35,0.11,4,1,0.771794871794872,2,3,5,1,2,0,1,1,0,1,1,1
"hadoop-common-project/hadoop-common/src/test/java/org/apache/hadoop/security/authorize",415,122,0.315,1,2,0.276083467094703,1,5,6,0,0,0,0,0,0,0,0,0
"hadoop-common-project/hadoop-common/src/test/java/org/apache/hadoop/conf",1304,257,0.5,4.14285714285714,7,0.318181818181818,4,6,10,0,0,0,0,0,0,0,1,1
"hadoop-common-project/hadoop-common/src/test/java/org/apache/hadoop/cli",343,99,0.45,27.5,2,0.918163672654691,2,2,4,1,2,2,1,1,0,1,0,0
"hadoop-common-project/hadoop-common/src/test/java/org/apache/hadoop/cli/util",272,362,2.55142857142857,0.5,14,0.768913342503439,0,2,2,0,0,0,0,0,0,0,0,0
"hadoop-common-project/hadoop-common/src/test/java/org/apache/hadoop/util",1601,389,0.345,5.5,14,0.296456352636128,9,5,14,2,21,2,2,0.5,0,2,0,0
"hadoop-common-project/hadoop-common/src/test/java/org/apache/hadoop/ipc",2226,408,0.473,10,10,0.245810055865922,13,6,19,1,1,2,1,1,0,1,1,1
"hadoop-common-project/hadoop-common/src/main/java/org/apache/hadoop",28,73,2.56,0,2,0.605263157894737,0,3,3,0,0,0,0,0,0,0,0,0
"hadoop-common-project/hadoop-common/src/main/java/org/apache/hadoop/log",240,185,1.25333333333333,6.66666666666667,3,0.564655172413793,3,3,6,0,0,0,0,0,0,0,0,0
"hadoop-common-project/hadoop-common/src/main/java/org/apache/hadoop/log/metrics",63,23,0.37,7,1,1,0,1,1,0,0,0,0,0,0,0,0,0
"hadoop-common-project/hadoop-common/src/main/java/org/apache/hadoop/fs",8675,6170,1.03166666666667,13.5333333333333,60,0.433388308594466,21,3,24,5,165,153,4,0.4,0,4,0,0
"hadoop-common-project/hadoop-common/src/main/java/org/apache/hadoop/fs/permission",481,300,1.04,5.85714285714286,7,0.516273849607183,4,2,6,1,14,8,1,1,0,1,0,0
"hadoop-common-project/hadoop-common/src/main/java/org/apache/hadoop/fs/viewfs",1885,708,0.85375,11.375,8,0.99896978021978,2,1,3,1,2,2,1,1,0,1,1,6
"hadoop-common-project/hadoop-common/src/main/java/org/apache/hadoop/fs/local",153,129,1.56,1,4,0.572847682119205,0,3,3,0,0,0,0,0,0,0,0,0
"hadoop-common-project/hadoop-common/src/main/java/org/apache/hadoop/fs/ftp",581,222,0.7,11.2,5,0.842285714285714,2,2,4,0,0,0,0,0,0,0,0,0
"hadoop-common-project/hadoop-common/src/main/java/org/apache/hadoop/fs/s3",1412,331,0.713846153846154,11.3846153846154,13,0.937406855439642,4,1,5,0,0,0,0,0,0,0,0,0
"hadoop-common-project/hadoop-common/src/main/java/org/apache/hadoop/fs/shell",2129,1093,0.688636363636364,8.54545454545454,22,0.638457269700333,5,2,7,2,430,197,1,1,0,1,0,0
"hadoop-common-project/hadoop-common/src/main/java/org/apache/hadoop/fs/s3native",838,190,0.745,13.1666666666667,6,0.850515463917526,2,3,5,0,0,0,0,0,0,0,0,0
"hadoop-common-project/hadoop-common/src/main/java/org/apache/hadoop/fs/kfs",559,138,0.473333333333333,8.16666666666667,6,0.912470023980815,2,2,4,0,0,0,0,0,0,0,0,0
"hadoop-common-project/hadoop-common/src/main/java/org/apache/hadoop/jmx",239,148,10.27,16.5,2,0.757281553398058,0,2,2,0,0,0,0,0,0,0,0,0
"hadoop-common-project/hadoop-common/src/main/java/org/apache/hadoop/net",1797,1292,1.20615384615385,17.5384615384615,13,0.821166813251246,8,2,10,4,421,128,3,0.5,0,3,1,3
"hadoop-common-project/hadoop-common/src/main/java/org/apache/hadoop/metrics2",259,937,7.019375,0.125,16,1,0,1,1,0,0,0,0,0,0,0,0,0
"hadoop-common-project/hadoop-common/src/main/java/org/apache/hadoop/metrics2/sink",64,40,2.17,1,2,1,0,1,1,0,0,0,0,0,0,0,0,0
"hadoop-common-project/hadoop-common/src/main/java/org/apache/hadoop/metrics2/sink/ganglia",431,305,1.018,8.8,5,0.917464114832536,0,2,2,1,69,0,1,1,0,1,0,0
"hadoop-common-project/hadoop-common/src/main/java/org/apache/hadoop/metrics2/impl",1745,514,0.744545454545455,5.09090909090909,22,0.996487119437939,1,1,2,0,0,0,0,0,0,0,1,1
"hadoop-common-project/hadoop-common/src/main/java/org/apache/hadoop/metrics2/filter",147,96,1.9125,4.75,4,1,0,1,1,0,0,0,0,0,0,0,0,0
"hadoop-common-project/hadoop-common/src/main/java/org/apache/hadoop/metrics2/lib",1154,724,1.02571428571429,4.23809523809524,21,0.993870815652994,2,1,3,0,0,0,0,0,0,0,0,0
"hadoop-common-project/hadoop-common/src/main/java/org/apache/hadoop/metrics2/annotation",39,88,2.67333333333333,0,3,1,0,1,1,0,0,0,0,0,0,0,0,0
"hadoop-common-project/hadoop-common/src/main/java/org/apache/hadoop/metrics2/source",158,44,0.44,6,2,0.885964912280702,0,2,2,0,0,0,0,0,0,0,0,0
"hadoop-common-project/hadoop-common/src/main/java/org/apache/hadoop/metrics2/util",313,274,1.45,3.83333333333333,6,0.954128440366973,1,1,2,0,0,0,0,0,0,0,1,1
"hadoop-common-project/hadoop-common/src/main/java/org/apache/hadoop/record",1395,679,1.27153846153846,10.3076923076923,13,0.95583864118896,2,1,3,0,0,0,0,0,0,0,0,0
"hadoop-common-project/hadoop-common/src/main/java/org/apache/hadoop/record/meta",407,301,0.801428571428571,4.28571428571429,7,0.936645962732919,2,1,3,0,0,0,0,0,0,0,0,0
"hadoop-common-project/hadoop-common/src/main/java/org/apache/hadoop/record/compiler",1901,575,0.596666666666667,2.95238095238095,21,0.956124956124956,2,1,3,0,0,0,0,0,0,0,0,0
"hadoop-common-project/hadoop-common/src/main/java/org/apache/hadoop/record/compiler/ant",68,64,0.94,5,1,0.944444444444444,2,1,3,0,0,0,0,0,0,0,0,0
"hadoop-common-project/hadoop-common/src/main/java/org/apache/hadoop/record/compiler/generated",1939,317,0.722857142857143,43.5714285714286,7,0.975943591870593,2,1,3,0,0,0,0,0,0,0,0,0
"hadoop-common-project/hadoop-common/src/main/java/org/apache/hadoop/io",7109,3756,1.05527272727273,12.9272727272727,55,0.823088697333441,12,1,13,2,107,55,2,0.5,0,2,1,2
"hadoop-common-project/hadoop-common/src/main/java/org/apache/hadoop/io/nativeio",186,143,1.4925,0.75,4,0.664756446991404,0,3,3,1,80,0,1,1,0,1,1,1
"hadoop-common-project/hadoop-common/src/main/java/org/apache/hadoop/io/file/tfile",2962,2017,1.03923076923077,20,13,0.963864172870892,5,1,6,0,0,0,0,0,0,0,0,0
"hadoop-common-project/hadoop-common/src/main/java/org/apache/hadoop/io/retry",372,324,2.2725,2.5,8,0.534883720930233,2,2,4,0,0,0,0,0,0,0,0,0
"hadoop-common-project/hadoop-common/src/main/java/org/apache/hadoop/io/serializer",298,252,1.73125,1.375,8,0.8171875,3,2,5,1,19,10,1,1,0,1,0,0
"hadoop-common-project/hadoop-common/src/main/java/org/apache/hadoop/io/serializer/avro",184,101,1.1375,0.75,4,0.733532934131736,0,2,2,0,0,0,0,0,0,0,0,0
"hadoop-common-project/hadoop-common/src/main/java/org/apache/hadoop/io/compress",1363,1170,1.87315789473684,7.47368421052632,19,0.647552447552448,4,4,8,1,9,11,1,1,0,1,0,0
"hadoop-common-project/hadoop-common/src/main/java/org/apache/hadoop/io/compress/bzip2",2368,860,0.885714285714286,66.8571428571429,7,0.883864062081884,3,2,5,0,0,0,0,0,0,0,0,0
"hadoop-common-project/hadoop-common/src/main/java/org/apache/hadoop/io/compress/snappy",325,267,1.5025,7,4,0.965722801788376,1,1,2,0,0,0,0,0,0,0,0,0
"hadoop-common-project/hadoop-common/src/main/java/org/apache/hadoop/io/compress/zlib",861,540,1.09,13.5714285714286,7,0.521197007481297,4,2,6,0,0,0,0,0,0,0,0,0
"hadoop-common-project/hadoop-common/src/main/java/org/apache/hadoop/http",785,414,2.65333333333333,13.8333333333333,6,0.640061396776669,11,3,14,5,78,16,3,0.4,0,3,0,0
"hadoop-common-project/hadoop-common/src/main/java/org/apache/hadoop/http/lib",104,28,0.27,7,1,1,0,1,1,0,0,0,0,0,0,0,0,0
"hadoop-common-project/hadoop-common/src/main/java/org/apache/hadoop/metrics",350,506,2.63428571428571,3.14285714285714,7,0.943396226415094,3,1,4,0,0,0,0,0,0,0,0,0
"hadoop-common-project/hadoop-common/src/main/java/org/apache/hadoop/metrics/jvm",161,69,2.01333333333333,5.66666666666667,3,0.850393700787402,2,2,4,0,0,0,0,0,0,0,0,0
"hadoop-common-project/hadoop-common/src/main/java/org/apache/hadoop/metrics/ganglia",254,97,0.48,12,2,0.551378446115288,2,2,4,1,6,0,1,1,0,1,0,0
"hadoop-common-project/hadoop-common/src/main/java/org/apache/hadoop/metrics/file",85,53,0.62,8,1,0.902597402597403,2,2,4,0,0,0,0,0,0,0,0,0
"hadoop-common-project/hadoop-common/src/main/java/org/apache/hadoop/metrics/util",520,469,1.38,4.1,10,0.959038290293856,2,1,3,0,0,0,0,0,0,0,0,0
"hadoop-common-project/hadoop-common/src/main/java/org/apache/hadoop/metrics/spi",711,524,1.07444444444444,6.11111111111111,9,0.951694304253785,1,1,2,0,0,0,0,0,0,0,0,0
"hadoop-common-project/hadoop-common/src/main/java/org/apache/hadoop/tools",61,95,3.14,1,3,0.879310344827586,0,2,2,0,0,0,0,0,0,0,0,0
"hadoop-common-project/hadoop-common/src/main/java/org/apache/hadoop/security",2557,1543,1.1404347826087,12.2173913043478,23,0.411621741051701,8,4,12,3,72,22,3,0.333333333333333,0,3,1,2
"hadoop-common-project/hadoop-common/src/main/java/org/apache/hadoop/security/token",352,321,1.82571428571429,1.71428571428571,7,0.529411764705882,2,4,6,3,122,6,3,0.333333333333333,0,3,0,0
"hadoop-common-project/hadoop-common/src/main/java/org/apache/hadoop/security/token/delegation",540,177,0.972,9,5,0.71105527638191,5,4,9,1,15,0,1,1,0,1,1,2
"hadoop-common-project/hadoop-common/src/main/java/org/apache/hadoop/security/authorize",497,364,1.41125,7.5,8,0.425598335067638,4,5,9,0,0,0,0,0,0,0,0,0
"hadoop-common-project/hadoop-common/src/main/java/org/apache/hadoop/conf",1407,969,1.40111111111111,20.5555555555556,9,0.494266055045872,8,4,12,0,0,0,0,0,0,0,1,1
"hadoop-common-project/hadoop-common/src/main/java/org/apache/hadoop/util",4203,2210,1.33222222222222,9.55555555555556,36,0.626773684964885,16,3,19,2,32,5,2,0.5,0,2,1,1
"hadoop-common-project/hadoop-common/src/main/java/org/apache/hadoop/util/bloom",883,811,1.8075,15.125,8,0.980208333333333,2,1,3,1,1,1,1,1,0,1,0,0
"hadoop-common-project/hadoop-common/src/main/java/org/apache/hadoop/util/hash",190,249,1.21666666666667,4.33333333333333,3,0.970464135021097,1,1,2,0,0,0,0,0,0,0,0,0
"hadoop-common-project/hadoop-common/src/main/java/org/apache/hadoop/ipc",3505,1600,1.638,17.4,20,0.436034115138593,15,4,19,6,38,59,3,0.666666666666667,0,3,1,2
"hadoop-common-project/hadoop-common/src/main/java/org/apache/hadoop/ipc/metrics",115,120,1.95666666666667,0,3,0.566037735849057,0,5,5,0,0,0,0,0,0,0,0,0
"hadoop-common-project/hadoop-common/src/main/native/src",66,34,0.52,2,1,0.843478260869565,1,2,3,0,0,0,0,0,0,0,0,0
"hadoop-common-project/hadoop-common/src/main/native/src/org/apache/hadoop/io/nativeio",430,155,1.122,8.2,5,0.776611694152924,0,2,2,1,81,0,1,1,0,1,1,3
"hadoop-common-project/hadoop-common/src/main/native/src/org/apache/hadoop/io/compress/snappy",193,67,0.426666666666667,4,3,1,0,1,1,0,0,0,0,0,0,0,0,0
"hadoop-common-project/hadoop-common/src/main/native/src/org/apache/hadoop/io/compress/zlib",517,91,0.3,13.3333333333333,3,0.989884393063584,1,1,2,0,0,0,0,0,0,0,0,0
"hadoop-common-project/hadoop-common/src/main/native/src/org/apache/hadoop/security",307,98,0.316666666666667,18.3333333333333,3,0.689189189189189,0,2,2,0,0,0,0,0,0,0,1,1
"hadoop-common-project/hadoop-common/src/main/native/src/org/apache/hadoop/util",1651,263,0.731666666666667,11,6,1,0,1,1,1,505,8,1,1,0,1,1,1
"hadoop-common-project/hadoop-annotations/src/main/java/org/apache/hadoop/classification",23,63,2.745,0,2,0.926315789473684,0,2,2,0,0,0,0,0,0,0,0,0
"hadoop-common-project/hadoop-annotations/src/main/java/org/apache/hadoop/classification/tools",338,133,1.23833333333333,12.5,6,1,0,1,1,1,12,0,1,1,0,1,0,0
"hadoop-common-project/hadoop-auth-examples/src/main/java/org/apache/hadoop/security/authentication/examples",206,48,0.413333333333333,4.33333333333333,3,0.985865724381625,1,1,2,0,0,0,0,0,0,0,0,0
"hadoop-common-project/hadoop-auth/src/test/java/org/apache/hadoop/security/authentication",94,16,0.17,2,1,0.984496124031008,1,1,2,0,0,0,0,0,0,0,0,0
"hadoop-common-project/hadoop-auth/src/test/java/org/apache/hadoop/security/authentication/client",319,53,0.1825,1,4,0.972222222222222,1,1,2,0,0,0,0,0,0,0,0,0
"hadoop-common-project/hadoop-auth/src/test/java/org/apache/hadoop/security/authentication/server",809,71,0.1325,2.25,4,0.987329434697856,1,1,2,0,0,0,0,0,0,0,0,0
"hadoop-common-project/hadoop-auth/src/test/java/org/apache/hadoop/security/authentication/util",126,36,0.285,0,2,0.983425414364641,1,1,2,0,0,0,0,0,0,0,0,0
"hadoop-common-project/hadoop-auth/src/main/java/org/apache/hadoop/security/authentication/client",318,320,2.186,5.8,5,0.985855728429986,1,1,2,0,0,0,0,0,0,0,1,1
"hadoop-common-project/hadoop-auth/src/main/java/org/apache/hadoop/security/authentication/server",567,498,1.758,10.2,5,0.980189491817399,1,1,2,2,1,3,1,1,0,1,0,0
"hadoop-common-project/hadoop-auth/src/main/java/org/apache/hadoop/security/authentication/util",310,171,1.47333333333333,12.6666666666667,3,0.994296577946768,1,1,2,0,0,0,0,0,0,0,0,0
"hadoop-mapreduce-project/src/contrib/vertica/src/test/org/apache/hadoop/vertica",494,130,0.5875,6.75,4,0.972714870395634,1,1,2,0,0,0,0,0,0,0,0,0
"hadoop-mapreduce-project/src/contrib/vertica/src/java/org/apache/hadoop/vertica",1677,614,0.456666666666667,22.4166666666667,12,0.989791912053396,1,1,2,0,0,0,0,0,0,0,0,0
"hadoop-mapreduce-project/src/contrib/index/src/test/org/apache/hadoop/contrib/index/mapred",351,58,0.165,20.5,2,1,0,1,1,0,0,0,0,0,0,0,0,0
"hadoop-mapreduce-project/src/contrib/index/src/test/org/apache/hadoop/contrib/index/lucene",71,17,0.24,3,1,1,0,1,1,0,0,0,0,0,0,0,0,0
"hadoop-mapreduce-project/src/contrib/index/src/java/org/apache/hadoop/contrib/index/example",293,247,1.22571428571429,4,7,1,0,1,1,0,0,0,0,0,0,0,0,0
"hadoop-mapreduce-project/src/contrib/index/src/java/org/apache/hadoop/contrib/index/mapred",927,736,1.55428571428571,6.21428571428571,14,1,0,1,1,0,0,0,0,0,0,0,0,0
"hadoop-mapreduce-project/src/contrib/index/src/java/org/apache/hadoop/contrib/index/main",193,52,0.27,37,1,1,0,1,1,0,0,0,0,0,0,0,0,0
"hadoop-mapreduce-project/src/contrib/index/src/java/org/apache/hadoop/contrib/index/lucene",644,316,0.768571428571429,11,7,1,0,1,1,0,0,0,0,0,0,0,0,0
"hadoop-mapreduce-project/src/contrib/vaidya/src/java/org/apache/hadoop/vaidya",234,168,1.005,11,2,1,0,1,1,1,67,6,1,1,0,1,0,0
"hadoop-mapreduce-project/src/contrib/vaidya/src/java/org/apache/hadoop/vaidya/postexdiagnosis",156,91,0.58,20,1,1,0,1,1,0,0,0,0,0,0,0,0,0
"hadoop-mapreduce-project/src/contrib/vaidya/src/java/org/apache/hadoop/vaidya/postexdiagnosis/tests",257,213,0.85,3,5,1,0,1,1,0,0,0,0,0,0,0,0,0
"hadoop-mapreduce-project/src/contrib/vaidya/src/java/org/apache/hadoop/vaidya/statistics/job",502,294,3.244,25.8,5,0.958286358511838,1,1,2,0,0,0,0,0,0,0,0,0
"hadoop-mapreduce-project/src/contrib/vaidya/src/java/org/apache/hadoop/vaidya/util",143,62,0.43,13,1,1,0,1,1,0,0,0,0,0,0,0,0,0
"hadoop-mapreduce-project/src/contrib/raid/src/test/org/apache/hadoop/raid",3278,704,0.496470588235294,13.8823529411765,17,0.990679094540613,2,1,3,1,0,10,1,1,0,1,0,0
"hadoop-mapreduce-project/src/contrib/raid/src/test/org/apache/hadoop/hdfs",375,68,0.18,31,1,1,0,1,1,0,0,0,0,0,0,0,0,0
"hadoop-mapreduce-project/src/contrib/raid/src/test/org/apache/hadoop/hdfs/server/namenode",18,17,0.94,1,1,1,0,1,1,1,13,25,1,1,0,1,0,0
"hadoop-mapreduce-project/src/contrib/raid/src/test/org/apache/hadoop/hdfs/server/blockmanagement",417,60,0.14,21,1,1,0,1,1,1,469,467,1,1,0,1,0,0
"hadoop-mapreduce-project/src/contrib/raid/src/java/org/apache/hadoop/raid",5125,1721,0.7184,24.48,25,0.992183428869203,3,1,4,5,19,34,4,0.4,0,4,0,0
"hadoop-mapreduce-project/src/contrib/raid/src/java/org/apache/hadoop/raid/protocol",227,151,1.73,5.33333333333333,3,1,0,1,1,0,0,0,0,0,0,0,0,0
"hadoop-mapreduce-project/src/contrib/raid/src/java/org/apache/hadoop/hdfs",422,115,0.365,14,2,1,0,1,1,0,0,0,0,0,0,0,0,0
"hadoop-mapreduce-project/src/contrib/raid/src/java/org/apache/hadoop/hdfs/server/namenode",27,21,0.78,0,1,1,0,1,1,0,0,0,0,0,0,0,0,0
"hadoop-mapreduce-project/src/contrib/raid/src/java/org/apache/hadoop/hdfs/server/datanode",294,106,0.36,33,1,0.995614035087719,1,1,2,3,9,9,3,0.333333333333333,0,3,0,0
"hadoop-mapreduce-project/src/contrib/raid/src/java/org/apache/hadoop/hdfs/server/blockmanagement",505,91,0.18,46,1,0.988906497622821,1,1,2,0,0,0,0,0,0,0,0,0
"hadoop-mapreduce-project/src/contrib/block_forensics/src/java/org/apache/hadoop/blockforensics",84,33,0.39,8,1,1,0,1,1,0,0,0,0,0,0,0,0,0
"hadoop-mapreduce-project/src/contrib/block_forensics/client",112,39,0.35,10,1,1,0,1,1,0,0,0,0,0,0,0,0,0
"hadoop-mapreduce-project/src/contrib/gridmix/src/test/org/apache/hadoop/mapred/gridmix",3623,1115,0.34,6.47368421052632,19,0.730905695611578,1,2,3,0,0,0,0,0,0,0,0,0
"hadoop-mapreduce-project/src/contrib/gridmix/src/test/system/org/apache/hadoop/mapred/gridmix",1612,968,0.751333333333333,0.666666666666667,30,0.848506657070889,0,2,2,0,0,0,0,0,0,0,0,0
"hadoop-mapreduce-project/src/contrib/gridmix/src/test/system/org/apache/hadoop/mapred/gridmix/test/system",1213,522,0.978333333333333,17.1666666666667,6,0.877931769722815,1,2,3,0,0,0,0,0,0,0,0,0
"hadoop-mapreduce-project/src/contrib/gridmix/src/java/org/apache/hadoop/mapred/gridmix",6089,2269,0.844,10.625,40,0.892095627826836,3,2,5,1,2,0,1,1,0,1,0,0
"hadoop-mapreduce-project/src/contrib/gridmix/src/java/org/apache/hadoop/mapred/gridmix/emulators/resourceusage",300,341,1.7325,5.5,4,1,0,1,1,0,0,0,0,0,0,0,0,0
"hadoop-mapreduce-project/src/contrib/streaming/src/test/org/apache/hadoop/streaming",2988,1205,0.518,2.4,45,0.981837160751566,4,1,5,1,0,178,1,1,0,1,0,0
"hadoop-mapreduce-project/src/contrib/streaming/src/test/org/apache/hadoop/typedbytes",272,34,0.26,4.5,2,1,0,1,1,0,0,0,0,0,0,0,0,0
"hadoop-mapreduce-project/src/contrib/streaming/src/java/org/apache/hadoop/streaming",2728,677,0.485555555555556,18.1111111111111,18,0.977165354330709,4,1,5,4,38,19,2,0.75,0,2,0,0
"hadoop-mapreduce-project/src/contrib/streaming/src/java/org/apache/hadoop/streaming/io",389,245,1.15666666666667,2.66666666666667,9,0.964577656675749,2,1,3,0,0,0,0,0,0,0,0,0
"hadoop-mapreduce-project/src/contrib/streaming/src/java/org/apache/hadoop/typedbytes",1105,544,0.595,18.125,8,0.987179487179487,1,1,2,0,0,0,0,0,0,0,0,0
"hadoop-mapreduce-project/src/contrib/data_join/src/test/org/apache/hadoop/contrib/utils/join",125,18,0.14,12,1,1,0,1,1,0,0,0,0,0,0,0,0,0
"hadoop-mapreduce-project/src/contrib/data_join/src/examples/org/apache/hadoop/contrib/utils/join",70,78,1.14,1,3,0.825581395348837,1,2,3,0,0,0,0,0,0,0,0,0
"hadoop-mapreduce-project/src/contrib/data_join/src/java/org/apache/hadoop/contrib/utils/join",429,338,1.14714285714286,4.85714285714286,7,0.94002306805075,1,2,3,0,0,0,0,0,0,0,0,0
"hadoop-mapreduce-project/src/contrib/eclipse-plugin/src/java/org/apache/hadoop/eclipse",1088,440,0.673636363636364,4.54545454545455,11,0.971046770601336,2,1,3,0,0,0,0,0,0,0,0,0
"hadoop-mapreduce-project/src/contrib/eclipse-plugin/src/java/org/apache/hadoop/eclipse/server",649,450,1.04833333333333,9,6,0.976497346474602,2,1,3,1,9,2,1,1,0,1,0,0
"hadoop-mapreduce-project/src/contrib/eclipse-plugin/src/java/org/apache/hadoop/eclipse/actions",446,183,0.576,9.8,5,1,0,1,1,0,0,0,0,0,0,0,0,0
"hadoop-mapreduce-project/src/contrib/eclipse-plugin/src/java/org/apache/hadoop/eclipse/launch",244,109,0.825,1.25,4,0.934306569343066,0,2,2,0,0,0,0,0,0,0,0,0
"hadoop-mapreduce-project/src/contrib/eclipse-plugin/src/java/org/apache/hadoop/eclipse/preferences",32,82,3.72333333333333,0,3,0.641221374045801,0,3,3,0,0,0,0,0,0,0,0,0
"hadoop-mapreduce-project/src/contrib/eclipse-plugin/src/java/org/apache/hadoop/eclipse/view/servers",274,117,0.43,23,1,1,0,1,1,0,0,0,0,0,0,0,0,0
"hadoop-mapreduce-project/src/contrib/eclipse-plugin/src/java/org/apache/hadoop/eclipse/dfs",823,466,0.959,7.7,10,0.951644100580271,3,1,4,0,0,0,0,0,0,0,0,0
"hadoop-mapreduce-project/src/contrib/eclipse-plugin/src/java/org/apache/hadoop/eclipse/servers",1081,343,1.09,15,5,0.982551143200963,2,1,3,1,8,2,1,1,0,1,0,0
"hadoop-mapreduce-project/src/test/mapred/org/apache/hadoop/mapreduce",3978,848,0.248823529411765,14.4705882352941,17,0.959029946720559,3,1,4,4,43,7,3,0.5,0,3,0,0
"hadoop-mapreduce-project/src/test/mapred/org/apache/hadoop/mapreduce/filecache",814,203,0.265,14.5,2,0.951499118165785,2,1,3,1,3,5,1,1,0,1,0,0
"hadoop-mapreduce-project/src/test/mapred/org/apache/hadoop/mapreduce/jobhistory",97,46,0.47,4,1,0.91358024691358,0,2,2,2,2,5,1,1,0,1,0,0
"hadoop-mapreduce-project/src/test/mapred/org/apache/hadoop/mapreduce/lib/input",1982,405,0.291,8.9,10,1,0,1,1,1,2,7,1,1,0,1,0,0
"hadoop-mapreduce-project/src/test/mapred/org/apache/hadoop/mapreduce/lib/chain",354,90,0.363333333333333,1,3,1,0,1,1,0,0,0,0,0,0,0,0,0
"hadoop-mapreduce-project/src/test/mapred/org/apache/hadoop/mapreduce/lib/output",783,133,0.1825,8,4,0.996229971724788,1,1,2,2,6,5,1,1,0,1,0,0
"hadoop-mapreduce-project/src/test/mapred/org/apache/hadoop/mapreduce/lib/fieldsel",84,25,0.3,1,1,1,0,1,1,0,0,0,0,0,0,0,0,0
"hadoop-mapreduce-project/src/test/mapred/org/apache/hadoop/mapreduce/lib/db",371,100,0.466,2.6,5,0.959219858156028,1,1,2,0,0,0,0,0,0,0,0,0
"hadoop-mapreduce-project/src/test/mapred/org/apache/hadoop/mapreduce/lib/jobcontrol",113,43,0.38,3,1,1,0,1,1,0,0,0,0,0,0,0,0,0
"hadoop-mapreduce-project/src/test/mapred/org/apache/hadoop/mapreduce/lib/aggregate",145,42,0.29,5,2,1,0,1,1,0,0,0,0,0,0,0,0,0
"hadoop-mapreduce-project/src/test/mapred/org/apache/hadoop/mapreduce/lib/map",68,17,0.25,6,1,1,0,1,1,0,0,0,0,0,0,0,0,0
"hadoop-mapreduce-project/src/test/mapred/org/apache/hadoop/mapreduce/lib/join",1011,102,0.185,27,4,1,0,1,1,0,0,0,0,0,0,0,0,0
"hadoop-mapreduce-project/src/test/mapred/org/apache/hadoop/mapreduce/lib/partition",821,179,0.235,4,6,1,0,1,1,0,0,0,0,0,0,0,0,0
"hadoop-mapreduce-project/src/test/mapred/org/apache/hadoop/mapreduce/security",764,152,0.21,6.75,4,0.925047438330171,2,2,4,1,2,0,1,1,0,1,0,0
"hadoop-mapreduce-project/src/test/mapred/org/apache/hadoop/mapreduce/security/token",194,81,0.42,6,1,0.780487804878049,0,2,2,1,72,54,1,1,0,1,0,0
"hadoop-mapreduce-project/src/test/mapred/org/apache/hadoop/mapreduce/security/token/delegation",79,19,0.24,0,1,0.981818181818182,1,1,2,1,2,3,1,1,0,1,0,0
"hadoop-mapreduce-project/src/test/mapred/org/apache/hadoop/mapreduce/util",674,214,0.335,16,2,0.998050682261209,1,1,2,1,2,3,1,1,0,1,0,0
"hadoop-mapreduce-project/src/test/mapred/org/apache/hadoop/test",92,21,0.23,0,1,0.975609756097561,1,1,2,1,3,1,1,1,0,1,0,0
"hadoop-mapreduce-project/src/test/mapred/org/apache/hadoop/fs",2805,625,0.354444444444445,45.7777777777778,9,0.998182290314204,1,1,2,1,7,1,1,1,0,1,0,0
"hadoop-mapreduce-project/src/test/mapred/org/apache/hadoop/fs/slive",3797,2114,0.902368421052631,8.94736842105263,38,0.980216383307573,3,1,4,0,0,0,0,0,0,0,0,0
"hadoop-mapreduce-project/src/test/mapred/org/apache/hadoop/mapred",25837,7457,0.411096774193548,8.90322580645161,155,0.975277828862675,7,1,8,10,150,1370,5,0.5,0,5,0,0
"hadoop-mapreduce-project/src/test/mapred/org/apache/hadoop/mapred/pipes",287,47,0.25,6.5,2,1,0,1,1,1,0,82,1,1,0,1,0,0
"hadoop-mapreduce-project/src/test/mapred/org/apache/hadoop/mapred/jobcontrol",313,131,0.473333333333333,4.33333333333333,3,1,0,1,1,0,0,0,0,0,0,0,0,0
"hadoop-mapreduce-project/src/test/mapred/org/apache/hadoop/mapred/lib",1029,184,0.357777777777778,7.66666666666667,9,0.984732824427481,1,1,2,0,0,0,0,0,0,0,0,0
"hadoop-mapreduce-project/src/test/mapred/org/apache/hadoop/mapred/lib/db",35,17,0.49,0,1,1,0,1,1,0,0,0,0,0,0,0,0,0
"hadoop-mapreduce-project/src/test/mapred/org/apache/hadoop/mapred/lib/aggregate",140,43,0.305,5,2,1,0,1,1,0,0,0,0,0,0,0,0,0
"hadoop-mapreduce-project/src/test/mapred/org/apache/hadoop/mapred/join",790,93,0.4825,16.25,4,0.977687626774848,1,1,2,0,0,0,0,0,0,0,0,0
"hadoop-mapreduce-project/src/test/mapred/org/apache/hadoop/mapred/tools",25,20,0.8,0,1,0.509433962264151,0,3,3,0,0,0,0,0,0,0,0,0
"hadoop-mapreduce-project/src/test/mapred/org/apache/hadoop/examples",23,18,0.78,3,1,1,0,1,1,0,0,0,0,0,0,0,0,0
"hadoop-mapreduce-project/src/test/mapred/org/apache/hadoop/examples/terasort",46,25,0.54,0,1,1,0,1,1,0,0,0,0,0,0,0,0,0
"hadoop-mapreduce-project/src/test/mapred/org/apache/hadoop/examples/pi/math",424,64,0.24,27.3333333333333,3,1,0,1,1,0,0,0,0,0,0,0,0,0
"hadoop-mapreduce-project/src/test/mapred/org/apache/hadoop/record",334,197,0.485,12.5,2,1,0,1,1,0,0,0,0,0,0,0,0,0
"hadoop-mapreduce-project/src/test/mapred/org/apache/hadoop/hdfs",896,298,0.37,66,2,1,0,1,1,0,0,0,0,0,0,0,0,0
"hadoop-mapreduce-project/src/test/mapred/org/apache/hadoop/io",616,45,0.155,19,2,1,0,1,1,0,0,0,0,0,0,0,0,0
"hadoop-mapreduce-project/src/test/mapred/org/apache/hadoop/tools",1588,175,0.13,18.25,4,0.998973832734736,1,1,2,0,0,0,0,0,0,0,0,0
"hadoop-mapreduce-project/src/test/mapred/org/apache/hadoop/tools/rumen",1719,476,0.352,11.5,10,0.939019683519877,2,1,3,2,76,26,1,1,0,1,0,0
"hadoop-mapreduce-project/src/test/mapred/org/apache/hadoop/security",198,33,0.17,5,1,0.996309963099631,1,1,2,0,0,0,0,0,0,0,0,0
"hadoop-mapreduce-project/src/test/mapred/org/apache/hadoop/security/authorize",147,54,0.67,5.5,2,0.895196506550218,0,2,2,0,0,0,0,0,0,0,0,0
"hadoop-mapreduce-project/src/test/mapred/org/apache/hadoop/conf",189,57,0.305,2.5,2,0.957236842105263,1,1,2,1,13,1,1,1,0,1,0,0
"hadoop-mapreduce-project/src/test/mapred/org/apache/hadoop/cli",130,41,0.93,7,2,0.867724867724868,2,2,4,1,2,0,1,1,0,1,0,0
"hadoop-mapreduce-project/src/test/mapred/org/apache/hadoop/cli/util",6,34,5.67,0,2,0.952380952380952,1,1,2,0,0,0,0,0,0,0,0,0
"hadoop-mapreduce-project/src/test/mapred/org/apache/hadoop/util",47,48,1.025,0.5,2,0.779816513761468,0,2,2,0,0,0,0,0,0,0,0,0
"hadoop-mapreduce-project/src/test/mapred/org/apache/hadoop/ipc",131,45,0.34,11,1,0.989949748743719,1,1,2,1,2,0,1,1,0,1,0,0
"hadoop-mapreduce-project/src/test/mapred/testjar",284,210,2.03,0.777777777777778,9,0.841463414634146,0,3,3,0,0,0,0,0,0,0,0,0
"hadoop-mapreduce-project/src/test/mapred/testshell",98,29,0.3,4,1,1,0,1,1,0,0,0,0,0,0,0,0,0
"hadoop-mapreduce-project/src/test/aop/org/apache/hadoop/fi",59,86,1.45,2,2,0.94375,0,2,2,0,0,0,0,0,0,0,0,0
"hadoop-mapreduce-project/src/test/unit/org/apache/hadoop/mapreduce/lib/jobcontrol",130,42,0.58,0.5,2,0.759433962264151,0,3,3,1,24,0,1,1,0,1,0,0
"hadoop-mapreduce-project/src/test/unit/org/apache/hadoop/mapred",196,85,0.483333333333333,0.666666666666667,3,1,0,1,1,0,0,0,0,0,0,0,0,0
"hadoop-mapreduce-project/src/test/system/test/org/apache/hadoop/mapred",2073,519,0.284545454545455,22.5454545454545,11,1,0,1,1,0,0,0,0,0,0,0,0,0
"hadoop-mapreduce-project/src/test/system/java/org/apache/hadoop/mapreduce/test/system",528,631,2.65181818181818,3.72727272727273,11,0.955350269438029,2,1,3,0,0,0,0,0,0,0,0,0
"hadoop-mapreduce-project/src/test/system/java/org/apache/hadoop/mapred",441,87,0.27,4,4,0.950900163666121,2,1,3,0,0,0,0,0,0,0,0,0
"hadoop-mapreduce-project/src/examples/org/apache/hadoop/examples",2630,765,0.418571428571429,12,14,1,0,1,1,0,0,0,0,0,0,0,0,0
"hadoop-mapreduce-project/src/examples/org/apache/hadoop/examples/terasort",1912,635,0.321818181818182,15.5454545454545,11,0.992421371731717,2,1,3,2,5,25,2,0.5,0,2,0,0
"hadoop-mapreduce-project/src/examples/org/apache/hadoop/examples/dancing",920,454,0.576,23.6,5,1,0,1,1,0,0,0,0,0,0,0,0,0
"hadoop-mapreduce-project/src/examples/org/apache/hadoop/examples/pi",1027,389,1.8925,12.75,8,0.974842767295597,2,1,3,0,0,0,0,0,0,0,0,0
"hadoop-mapreduce-project/src/examples/org/apache/hadoop/examples/pi/math",653,229,0.491666666666667,15.1666666666667,6,1,0,1,1,0,0,0,0,0,0,0,0,0
"hadoop-mapreduce-project/src/examples/python",43,17,0.4,7,1,1,0,1,1,0,0,0,0,0,0,0,0,0
"hadoop-mapreduce-project/src/examples/python/pyAbacus",62,34,0.83,2.5,2,0.805084745762712,0,2,2,0,0,0,0,0,0,0,0,0
"hadoop-mapreduce-project/src/java/org/apache/hadoop/mapreduce/server/tasktracker",161,100,1.965,10.5,2,0.925675675675676,0,2,2,0,0,0,0,0,0,0,0,0
"hadoop-mapreduce-project/src/java/org/apache/hadoop/mapreduce/server/jobtracker",195,121,1.04333333333333,6.33333333333333,3,0.925287356321839,0,2,2,0,0,0,0,0,0,0,0,0
"hadoop-mapreduce-project/src/java/org/apache/hadoop/mapreduce/filecache",738,301,0.385,35.5,2,0.984995586937334,1,1,2,0,0,0,0,0,0,0,0,0
"hadoop-mapreduce-project/src/java/org/apache/hadoop/mapreduce/jobhistory",402,122,0.3,36,1,0.99490662139219,1,1,2,0,0,0,0,0,0,0,0,0
"hadoop-mapreduce-project/src/java/org/apache/hadoop/mapreduce/tools",1,21,21,0,1,0.782608695652174,0,2,2,0,0,0,0,0,0,0,0,0
"hadoop-mapreduce-project/src/java/org/apache/hadoop/mapreduce/util",243,222,1.22666666666667,8.33333333333333,3,0.938461538461538,1,2,3,0,0,0,0,0,0,0,0,0
"hadoop-mapreduce-project/src/java/org/apache/hadoop/mapred",15090,5808,0.995625,34.0208333333333,48,0.973902677849206,8,1,9,8,34,677,4,0.375,0,4,0,0
"hadoop-mapreduce-project/src/java/org/apache/hadoop/mapred/tools",267,116,7.34333333333333,13,3,0.958904109589041,1,1,2,0,0,0,0,0,0,0,0,0
"hadoop-mapreduce-project/src/java/org/apache/hadoop/util",52,114,3.03,0,5,0.426229508196721,0,4,4,0,0,0,0,0,0,0,0,0
"hadoop-mapreduce-project/src/benchmarks/gridmix2/src/java/org/apache/hadoop/mapreduce",713,68,0.223333333333333,19.3333333333333,3,1,0,1,1,0,0,0,0,0,0,0,0,0
"hadoop-mapreduce-project/src/tools/org/apache/hadoop/fs",657,340,10.245,34,2,0.984432234432234,2,1,3,0,0,0,0,0,0,0,0,0
"hadoop-mapreduce-project/src/tools/org/apache/hadoop/tools",2677,586,3.53,52.6666666666667,6,0.995259341885109,2,1,3,0,0,0,0,0,0,0,0,0
"hadoop-mapreduce-project/src/tools/org/apache/hadoop/tools/rumen",7539,3026,6.7244776119403,12.3432835820896,67,0.936790794310372,10,1,11,7,93,69,3,0.428571428571429,0,3,0,0
"hadoop-mapreduce-project/hadoop-yarn/hadoop-yarn-api/src/main/java/org/apache/hadoop/yarn/api",173,439,2.7225,0,4,0.550746268656716,0,3,3,13,569,34,3,0.461538461538462,0,3,0,0
"hadoop-mapreduce-project/hadoop-yarn/hadoop-yarn-api/src/main/java/org/apache/hadoop/yarn/api/protocolrecords",540,1101,2.295,0,30,0.533003300330033,0,3,3,5,1568,115,3,0.6,0,3,0,0
"hadoop-mapreduce-project/hadoop-yarn/hadoop-yarn-api/src/main/java/org/apache/hadoop/yarn/api/protocolrecords/impl/pb",2314,530,0.50741935483871,5.19354838709677,31,0.790911705493241,1,3,4,3,628,22,3,0.333333333333333,0,3,0,0
"hadoop-mapreduce-project/hadoop-yarn/hadoop-yarn-api/src/main/java/org/apache/hadoop/yarn/api/records",1168,1574,1.94575757575758,1.09090909090909,33,0.564432989690722,2,3,5,16,2747,619,4,0.375,0,4,0,0
"hadoop-mapreduce-project/hadoop-yarn/hadoop-yarn-api/src/main/java/org/apache/hadoop/yarn/api/records/impl/pb",3551,436,0.4016,12.08,25,0.824669791222838,1,3,4,17,940,1053,4,0.411764705882353,0,4,0,0
"hadoop-mapreduce-project/hadoop-yarn/hadoop-yarn-api/src/main/java/org/apache/hadoop/yarn/exceptions",36,34,3.095,0,2,0.530864197530864,0,3,3,1,18,0,1,1,0,1,0,0
"hadoop-mapreduce-project/hadoop-yarn/hadoop-yarn-api/src/main/java/org/apache/hadoop/yarn/exceptions/impl/pb",78,34,2.95,4,2,0.703125,0,3,3,1,18,0,1,1,0,1,0,0
"hadoop-mapreduce-project/hadoop-yarn/hadoop-yarn-api/src/main/java/org/apache/hadoop/yarn/util",103,65,3.075,0,2,0.731578947368421,0,4,4,4,82,18,3,0.5,0,3,0,0
"hadoop-mapreduce-project/hadoop-yarn/hadoop-yarn-common/src/test/java/org/apache/hadoop/yarn",473,123,0.324,0.6,5,0.780058651026393,0,3,3,13,200,51,3,0.538461538461538,0,3,0,0
"hadoop-mapreduce-project/hadoop-yarn/hadoop-yarn-common/src/test/java/org/apache/hadoop/yarn/event",53,24,0.45,3,1,1,0,1,1,0,0,0,0,0,0,0,0,0
"hadoop-mapreduce-project/hadoop-yarn/hadoop-yarn-common/src/test/java/org/apache/hadoop/yarn/api",168,68,0.435,0,4,0.996428571428571,1,1,2,2,78,3,2,0.5,0,2,0,0
"hadoop-mapreduce-project/hadoop-yarn/hadoop-yarn-common/src/test/java/org/apache/hadoop/yarn/webapp",301,62,0.28,1.66666666666667,3,1,0,1,1,1,27,0,1,1,0,1,0,0
"hadoop-mapreduce-project/hadoop-yarn/hadoop-yarn-common/src/test/java/org/apache/hadoop/yarn/webapp/test",195,52,0.26,2.5,2,0.948096885813149,0,2,2,2,29,5,2,0.5,0,2,0,0
"hadoop-mapreduce-project/hadoop-yarn/hadoop-yarn-common/src/test/java/org/apache/hadoop/yarn/webapp/hamlet",228,55,0.33,0.333333333333333,3,1,0,1,1,0,0,0,0,0,0,0,0,0
"hadoop-mapreduce-project/hadoop-yarn/hadoop-yarn-common/src/test/java/org/apache/hadoop/yarn/webapp/view",175,85,0.524,0.2,5,1,0,1,1,0,0,0,0,0,0,0,0,0
"hadoop-mapreduce-project/hadoop-yarn/hadoop-yarn-common/src/test/java/org/apache/hadoop/yarn/conf",22,21,0.95,0,1,1,0,1,1,1,0,3,1,1,0,1,0,0
"hadoop-mapreduce-project/hadoop-yarn/hadoop-yarn-common/src/test/java/org/apache/hadoop/yarn/util",1125,264,0.468,12.6,5,0.537926675094817,1,2,3,0,0,0,0,0,0,0,0,0
"hadoop-mapreduce-project/hadoop-yarn/hadoop-yarn-common/src/main/java/org/apache/hadoop/yarn",106,146,2.58166666666667,1.16666666666667,6,0.597902097902098,1,3,4,1,3,1,1,1,0,1,0,0
"hadoop-mapreduce-project/hadoop-yarn/hadoop-yarn-common/src/main/java/org/apache/hadoop/yarn/state",307,276,3.735,3.33333333333333,6,0.967692307692308,1,1,2,1,39,0,1,1,0,1,0,0
"hadoop-mapreduce-project/hadoop-yarn/hadoop-yarn-common/src/main/java/org/apache/hadoop/yarn/event",185,140,3.36666666666667,1.66666666666667,6,0.918918918918919,2,2,4,2,9,6,2,0.5,0,2,0,0
"hadoop-mapreduce-project/hadoop-yarn/hadoop-yarn-common/src/main/java/org/apache/hadoop/yarn/api/impl/pb/client",383,68,1.5425,15,4,0.810975609756098,2,2,4,3,73,20,2,0.666666666666667,0,2,0,0
"hadoop-mapreduce-project/hadoop-yarn/hadoop-yarn-common/src/main/java/org/apache/hadoop/yarn/api/impl/pb/service",289,68,1.58,0,4,0.760204081632653,1,3,4,3,74,20,2,0.666666666666667,0,2,0,0
"hadoop-mapreduce-project/hadoop-yarn/hadoop-yarn-common/src/main/java/org/apache/hadoop/yarn/factory/providers",155,73,1.6975,4.75,4,0.63921568627451,0,4,4,2,71,31,2,0.5,0,2,0,0
"hadoop-mapreduce-project/hadoop-yarn/hadoop-yarn-common/src/main/java/org/apache/hadoop/yarn/webapp",1133,396,1.5225,7.75,12,0.949656750572082,2,1,3,7,136,34,3,0.428571428571429,0,3,0,0
"hadoop-mapreduce-project/hadoop-yarn/hadoop-yarn-common/src/main/java/org/apache/hadoop/yarn/webapp/example",55,57,1.085,0,2,1,0,1,1,0,0,0,0,0,0,0,0,0
"hadoop-mapreduce-project/hadoop-yarn/hadoop-yarn-common/src/main/java/org/apache/hadoop/yarn/webapp/hamlet",26304,2125,0.8375,28.75,4,1,0,1,1,0,0,0,0,0,0,0,0,0
"hadoop-mapreduce-project/hadoop-yarn/hadoop-yarn-common/src/main/java/org/apache/hadoop/yarn/webapp/view",671,356,0.896875,2.4375,16,0.95,0,2,2,4,67,15,2,0.75,0,2,0,0
"hadoop-mapreduce-project/hadoop-yarn/hadoop-yarn-common/src/main/java/org/apache/hadoop/yarn/factories",36,85,3.028,0,5,0.521428571428571,0,3,3,2,73,1,1,1,0,1,0,0
"hadoop-mapreduce-project/hadoop-yarn/hadoop-yarn-common/src/main/java/org/apache/hadoop/yarn/factories/impl/pb",280,85,1.398,0.8,5,0.94811320754717,2,1,3,1,1,1,1,1,0,1,0,0
"hadoop-mapreduce-project/hadoop-yarn/hadoop-yarn-common/src/main/java/org/apache/hadoop/yarn/service",226,124,2.12333333333333,1.16666666666667,6,0.932203389830508,2,2,4,3,52,16,3,0.333333333333333,0,3,0,0
"hadoop-mapreduce-project/hadoop-yarn/hadoop-yarn-common/src/main/java/org/apache/hadoop/yarn/security",336,226,1.22111111111111,1.22222222222222,9,0.65144596651446,3,2,5,6,94,68,3,0.666666666666667,0,3,0,0
"hadoop-mapreduce-project/hadoop-yarn/hadoop-yarn-common/src/main/java/org/apache/hadoop/yarn/security/client",187,89,1.478,2,5,0.48297213622291,0,3,3,2,9,10,1,1,0,1,0,0
"hadoop-mapreduce-project/hadoop-yarn/hadoop-yarn-common/src/main/java/org/apache/hadoop/yarn/conf",279,138,3.055,1,2,0.599613152804642,1,3,4,20,502,102,3,0.45,0,3,0,0
"hadoop-mapreduce-project/hadoop-yarn/hadoop-yarn-common/src/main/java/org/apache/hadoop/yarn/util",1979,760,0.635625,8.9375,16,0.563833278634723,4,2,6,24,359,140,4,0.416666666666667,1,3,0,0
"hadoop-mapreduce-project/hadoop-yarn/hadoop-yarn-common/src/main/java/org/apache/hadoop/yarn/ipc",413,170,1.53,2.5,6,0.919161676646707,3,1,4,5,37,140,3,0.4,0,3,0,0
"hadoop-mapreduce-project/hadoop-yarn/hadoop-yarn-server/hadoop-yarn-server-resourcemanager/src/test/java/org/apache/hadoop/yarn/server/resourcemanager",2831,472,0.188823529411765,6,17,0.697908597986057,1,2,3,25,457,230,3,0.48,0,3,0,0
"hadoop-mapreduce-project/hadoop-yarn/hadoop-yarn-server/hadoop-yarn-server-resourcemanager/src/test/java/org/apache/hadoop/yarn/server/resourcemanager/resourcetracker",273,58,0.3,1,3,0.888888888888889,1,2,3,6,78,70,3,0.333333333333333,0,3,0,0
"hadoop-mapreduce-project/hadoop-yarn/hadoop-yarn-server/hadoop-yarn-server-resourcemanager/src/test/java/org/apache/hadoop/yarn/server/resourcemanager/applicationsmanager",483,970,4.00285714285714,0.285714285714286,7,0.978487614080834,2,1,3,8,96,260,3,0.375,0,3,0,0
"hadoop-mapreduce-project/hadoop-yarn/hadoop-yarn-server/hadoop-yarn-server-resourcemanager/src/test/java/org/apache/hadoop/yarn/server/resourcemanager/rmapp",519,67,0.135,2,2,0.626647144948756,1,3,4,13,251,89,4,0.384615384615385,0,4,0,0
"hadoop-mapreduce-project/hadoop-yarn/hadoop-yarn-server/hadoop-yarn-server-resourcemanager/src/test/java/org/apache/hadoop/yarn/server/resourcemanager/rmapp/attempt",387,56,0.14,0,1,0.984375,1,1,2,3,113,4,2,0.666666666666667,0,2,0,0
"hadoop-mapreduce-project/hadoop-yarn/hadoop-yarn-server/hadoop-yarn-server-resourcemanager/src/test/java/org/apache/hadoop/yarn/server/resourcemanager/scheduler",185,45,0.495,0,2,0.601449275362319,0,3,3,3,54,33,2,0.666666666666667,0,2,0,0
"hadoop-mapreduce-project/hadoop-yarn/hadoop-yarn-server/hadoop-yarn-server-resourcemanager/src/test/java/org/apache/hadoop/yarn/server/resourcemanager/scheduler/fifo",192,46,0.24,0,1,1,0,1,1,0,0,0,0,0,0,0,0,0
"hadoop-mapreduce-project/hadoop-yarn/hadoop-yarn-server/hadoop-yarn-server-resourcemanager/src/test/java/org/apache/hadoop/yarn/server/resourcemanager/scheduler/capacity",1604,339,0.228333333333333,1.33333333333333,6,0.684233261339093,1,2,3,14,513,49,3,0.785714285714286,0,3,0,0
"hadoop-mapreduce-project/hadoop-yarn/hadoop-yarn-server/hadoop-yarn-server-resourcemanager/src/test/java/org/apache/hadoop/yarn/server/resourcemanager/webapp",233,47,0.325,1,2,0.900958466453674,0,2,2,5,104,22,2,0.6,0,2,0,0
"hadoop-mapreduce-project/hadoop-yarn/hadoop-yarn-server/hadoop-yarn-server-resourcemanager/src/test/java/org/apache/hadoop/yarn/server/resourcemanager/security",234,97,0.41,6,1,0.868686868686869,0,2,2,1,52,6,1,1,0,1,0,0
"hadoop-mapreduce-project/hadoop-yarn/hadoop-yarn-server/hadoop-yarn-server-resourcemanager/src/main/java/org/apache/hadoop/yarn/server/resourcemanager",2145,550,0.66,6.2,15,0.619001610305958,0,3,3,35,1041,681,3,0.514285714285714,0,3,0,0
"hadoop-mapreduce-project/hadoop-yarn/hadoop-yarn-server/hadoop-yarn-server-resourcemanager/src/main/java/org/apache/hadoop/yarn/server/resourcemanager/resource",121,52,0.583333333333333,0.333333333333333,3,1,0,1,1,0,0,0,0,0,0,0,0,0
"hadoop-mapreduce-project/hadoop-yarn/hadoop-yarn-server/hadoop-yarn-server-resourcemanager/src/main/java/org/apache/hadoop/yarn/server/resourcemanager/amlauncher",346,79,1.25,2.25,4,0.829875518672199,3,2,5,14,114,92,3,0.428571428571429,0,3,0,0
"hadoop-mapreduce-project/hadoop-yarn/hadoop-yarn-server/hadoop-yarn-server-resourcemanager/src/main/java/org/apache/hadoop/yarn/server/resourcemanager/rmapp",519,218,1.97142857142857,1.14285714285714,7,0.706227967097532,2,2,4,15,355,114,4,0.333333333333333,0,4,0,0
"hadoop-mapreduce-project/hadoop-yarn/hadoop-yarn-server/hadoop-yarn-server-resourcemanager/src/main/java/org/apache/hadoop/yarn/server/resourcemanager/rmapp/attempt",792,244,1.65,1.83333333333333,6,0.742810188989318,0,3,3,13,462,97,3,0.461538461538462,0,3,0,0
"hadoop-mapreduce-project/hadoop-yarn/hadoop-yarn-server/hadoop-yarn-server-resourcemanager/src/main/java/org/apache/hadoop/yarn/server/resourcemanager/rmapp/attempt/event",145,136,0.99125,0,8,0.556213017751479,1,2,3,3,157,12,3,0.333333333333333,0,3,0,0
"hadoop-mapreduce-project/hadoop-yarn/hadoop-yarn-server/hadoop-yarn-server-resourcemanager/src/main/java/org/apache/hadoop/yarn/server/resourcemanager/api",33,17,0.52,0,1,0.896551724137931,0,2,2,1,6,0,1,1,0,1,0,0
"hadoop-mapreduce-project/hadoop-yarn/hadoop-yarn-server/hadoop-yarn-server-resourcemanager/src/main/java/org/apache/hadoop/yarn/server/resourcemanager/api/protocolrecords",36,204,5.67,0,12,0.833333333333333,0,2,2,0,0,0,0,0,0,0,0,0
"hadoop-mapreduce-project/hadoop-yarn/hadoop-yarn-server/hadoop-yarn-server-resourcemanager/src/main/java/org/apache/hadoop/yarn/server/resourcemanager/api/protocolrecords/impl/pb",273,204,0.7475,0,12,0.825311942959002,0,2,2,0,0,0,0,0,0,0,0,0
"hadoop-mapreduce-project/hadoop-yarn/hadoop-yarn-server/hadoop-yarn-server-resourcemanager/src/main/java/org/apache/hadoop/yarn/server/resourcemanager/api/impl/pb/client",160,17,0.11,24,1,0.875647668393782,0,2,2,1,24,0,1,1,0,1,0,0
"hadoop-mapreduce-project/hadoop-yarn/hadoop-yarn-server/hadoop-yarn-server-resourcemanager/src/main/java/org/apache/hadoop/yarn/server/resourcemanager/api/impl/pb/service",112,17,0.15,0,1,0.859154929577465,0,2,2,1,20,0,1,1,0,1,0,0
"hadoop-mapreduce-project/hadoop-yarn/hadoop-yarn-server/hadoop-yarn-server-resourcemanager/src/main/java/org/apache/hadoop/yarn/server/resourcemanager/rmcontainer",345,170,1.095,0.125,8,0.77133655394525,1,2,3,4,146,32,2,0.75,0,2,0,0
"hadoop-mapreduce-project/hadoop-yarn/hadoop-yarn-server/hadoop-yarn-server-resourcemanager/src/main/java/org/apache/hadoop/yarn/server/resourcemanager/scheduler",1199,548,1.15071428571429,5.14285714285714,14,0.766452251360712,0,3,3,14,347,86,3,0.714285714285714,0,3,0,0
"hadoop-mapreduce-project/hadoop-yarn/hadoop-yarn-server/hadoop-yarn-server-resourcemanager/src/main/java/org/apache/hadoop/yarn/server/resourcemanager/scheduler/event",121,144,1.4325,0,8,0.510971786833856,1,2,3,3,156,8,2,0.666666666666667,0,2,0,0
"hadoop-mapreduce-project/hadoop-yarn/hadoop-yarn-server/hadoop-yarn-server-resourcemanager/src/main/java/org/apache/hadoop/yarn/server/resourcemanager/scheduler/fifo",589,68,0.12,41,1,0.868938401048493,0,2,2,14,133,101,2,0.714285714285714,0,2,0,0
"hadoop-mapreduce-project/hadoop-yarn/hadoop-yarn-server/hadoop-yarn-server-resourcemanager/src/main/java/org/apache/hadoop/yarn/server/resourcemanager/scheduler/capacity",2323,427,0.785,25.5,6,0.852896572641796,1,2,3,6,347,106,2,0.833333333333333,0,2,0,0
"hadoop-mapreduce-project/hadoop-yarn/hadoop-yarn-server/hadoop-yarn-server-resourcemanager/src/main/java/org/apache/hadoop/yarn/server/resourcemanager/rmnode",439,210,1.66125,0.875,8,0.802564102564103,0,3,3,6,185,51,3,0.333333333333333,0,3,0,0
"hadoop-mapreduce-project/hadoop-yarn/hadoop-yarn-server/hadoop-yarn-server-resourcemanager/src/main/java/org/apache/hadoop/yarn/server/resourcemanager/webapp",925,252,0.62,2.69230769230769,13,0.871016691957511,1,2,3,11,267,71,3,0.454545454545455,0,3,0,0
"hadoop-mapreduce-project/hadoop-yarn/hadoop-yarn-server/hadoop-yarn-server-resourcemanager/src/main/java/org/apache/hadoop/yarn/server/resourcemanager/tools",249,35,0.14,45,1,0.829113924050633,1,2,3,5,55,14,3,0.6,0,3,0,0
"hadoop-mapreduce-project/hadoop-yarn/hadoop-yarn-server/hadoop-yarn-server-resourcemanager/src/main/java/org/apache/hadoop/yarn/server/resourcemanager/security",261,65,0.25,20,1,0.96524064171123,1,1,2,1,13,4,1,1,0,1,0,0
"hadoop-mapreduce-project/hadoop-yarn/hadoop-yarn-server/hadoop-yarn-server-resourcemanager/src/main/java/org/apache/hadoop/yarn/server/resourcemanager/security/admin",34,17,0.5,1,1,0.672131147540984,1,2,3,0,0,0,0,0,0,0,0,0
"hadoop-mapreduce-project/hadoop-yarn/hadoop-yarn-server/hadoop-yarn-server-resourcemanager/src/main/java/org/apache/hadoop/yarn/server/resourcemanager/security/authorize",37,20,0.54,0,1,1,0,1,1,0,0,0,0,0,0,0,0,0
"hadoop-mapreduce-project/hadoop-yarn/hadoop-yarn-server/hadoop-yarn-server-resourcemanager/src/main/java/org/apache/hadoop/yarn/server/resourcemanager/recovery",564,181,1.08428571428571,2.85714285714286,7,0.976415094339623,1,1,2,3,20,19,1,1,0,1,0,0
"hadoop-mapreduce-project/hadoop-yarn/hadoop-yarn-server/hadoop-yarn-server-tests/src/test/java/org/apache/hadoop/yarn/server",631,65,0.105,4.5,2,0.639593908629442,0,2,2,12,165,497,4,0.666666666666667,0,4,0,0
"hadoop-mapreduce-project/hadoop-yarn/hadoop-yarn-server/hadoop-yarn-server-common/src/test/java/org/apache/hadoop",121,32,0.26,1,1,0.687861271676301,1,2,3,1,4,3,1,1,0,1,0,0
"hadoop-mapreduce-project/hadoop-yarn/hadoop-yarn-server/hadoop-yarn-server-common/src/test/java/org/apache/hadoop/yarn",109,36,0.405,0,2,0.793103448275862,0,2,2,1,36,0,1,1,0,1,0,0
"hadoop-mapreduce-project/hadoop-yarn/hadoop-yarn-server/hadoop-yarn-server-common/src/test/java/org/apache/hadoop/yarn/lib",143,23,0.16,12,1,1,0,1,1,0,0,0,0,0,0,0,0,0
"hadoop-mapreduce-project/hadoop-yarn/hadoop-yarn-server/hadoop-yarn-server-common/src/main/java/org/apache/hadoop",193,134,0.69,17,1,0.909836065573771,1,2,3,1,8,26,1,1,0,1,0,0
"hadoop-mapreduce-project/hadoop-yarn/hadoop-yarn-server/hadoop-yarn-server-common/src/main/java/org/apache/hadoop/yarn/server",34,17,0.5,1,1,0.967213114754098,1,1,2,1,2,32,1,1,0,1,0,0
"hadoop-mapreduce-project/hadoop-yarn/hadoop-yarn-server/hadoop-yarn-server-common/src/main/java/org/apache/hadoop/yarn/server/api",10,17,1.7,0,1,0.645161290322581,1,2,3,0,0,0,0,0,0,0,0,0
"hadoop-mapreduce-project/hadoop-yarn/hadoop-yarn-server/hadoop-yarn-server-common/src/main/java/org/apache/hadoop/yarn/server/api/protocolrecords",29,68,2.51,0,4,0.530434782608696,0,2,2,1,54,0,1,1,0,1,0,0
"hadoop-mapreduce-project/hadoop-yarn/hadoop-yarn-server/hadoop-yarn-server-common/src/main/java/org/apache/hadoop/yarn/server/api/protocolrecords/impl/pb",331,68,0.2125,7.5,4,0.85395537525355,0,2,2,1,72,0,1,1,0,1,0,0
"hadoop-mapreduce-project/hadoop-yarn/hadoop-yarn-server/hadoop-yarn-server-common/src/main/java/org/apache/hadoop/yarn/server/api/records",52,72,2.285,0,4,0.831081081081081,2,2,4,2,10,12,2,0.5,0,2,0,0
"hadoop-mapreduce-project/hadoop-yarn/hadoop-yarn-server/hadoop-yarn-server-common/src/main/java/org/apache/hadoop/yarn/server/api/records/impl/pb",521,51,0.116666666666667,12.3333333333333,3,0.838757396449704,0,3,3,3,164,157,3,0.333333333333333,0,3,0,0
"hadoop-mapreduce-project/hadoop-yarn/hadoop-yarn-server/hadoop-yarn-server-common/src/main/java/org/apache/hadoop/yarn/server/api/impl/pb/client",61,17,0.28,8,1,0.795454545454545,0,2,2,1,18,0,1,1,0,1,0,0
"hadoop-mapreduce-project/hadoop-yarn/hadoop-yarn-server/hadoop-yarn-server-common/src/main/java/org/apache/hadoop/yarn/server/api/impl/pb/service",45,17,0.38,0,1,0.746478873239437,0,2,2,1,18,0,1,1,0,1,0,0
"hadoop-mapreduce-project/hadoop-yarn/hadoop-yarn-server/hadoop-yarn-server-common/src/main/java/org/apache/hadoop/yarn/server/security",123,54,0.43,3.5,2,0.955665024630542,1,1,2,3,22,14,2,0.666666666666667,0,2,0,0
"hadoop-mapreduce-project/hadoop-yarn/hadoop-yarn-server/hadoop-yarn-server-common/src/main/java/org/apache/hadoop/yarn/lib",63,76,3.325,0,2,0.863636363636364,0,2,2,0,0,0,0,0,0,0,0,0
"hadoop-mapreduce-project/hadoop-yarn/hadoop-yarn-server/hadoop-yarn-server-web-proxy/src/test/java/org/apache/hadoop/yarn/server/webproxy",71,17,0.24,0,1,1,0,1,1,0,0,0,0,0,0,0,0,0
"hadoop-mapreduce-project/hadoop-yarn/hadoop-yarn-server/hadoop-yarn-server-web-proxy/src/main/java/org/apache/hadoop/yarn/server/webproxy",456,178,0.49,6.2,5,0.998581560283688,1,1,2,1,1,1,1,1,0,1,0,0
"hadoop-mapreduce-project/hadoop-yarn/hadoop-yarn-server/hadoop-yarn-server-web-proxy/src/main/java/org/apache/hadoop/yarn/server/webproxy/amfilter",143,71,0.79,2.25,4,0.987854251012146,1,1,2,1,3,3,1,1,0,1,0,0
"hadoop-mapreduce-project/hadoop-yarn/hadoop-yarn-server/hadoop-yarn-server-nodemanager/src/test/java/org/apache/hadoop/yarn/server/nodemanager",1466,466,0.53,5.41666666666667,12,0.7951197053407,2,2,4,18,676,278,4,0.5,0,4,0,0
"hadoop-mapreduce-project/hadoop-yarn/hadoop-yarn-server/hadoop-yarn-server-nodemanager/src/test/java/org/apache/hadoop/yarn/server/nodemanager/containermanager",732,93,0.123333333333333,8.33333333333333,3,0.817124735729387,1,2,3,10,282,82,3,0.5,0,3,0,0
"hadoop-mapreduce-project/hadoop-yarn/hadoop-yarn-server/hadoop-yarn-server-nodemanager/src/test/java/org/apache/hadoop/yarn/server/nodemanager/containermanager/application",374,34,0.09,16,1,0.963829787234043,1,1,2,6,76,24,2,0.833333333333333,0,2,0,0
"hadoop-mapreduce-project/hadoop-yarn/hadoop-yarn-server/hadoop-yarn-server-nodemanager/src/test/java/org/apache/hadoop/yarn/server/nodemanager/containermanager/localizer",1201,212,0.332222222222222,2.66666666666667,9,0.9702154626109,3,1,4,9,469,60,4,0.444444444444444,0,4,0,0
"hadoop-mapreduce-project/hadoop-yarn/hadoop-yarn-server/hadoop-yarn-server-nodemanager/src/test/java/org/apache/hadoop/yarn/server/nodemanager/containermanager/logaggregation",413,30,0.07,9,1,0.945692883895131,1,2,3,6,254,135,3,0.5,0,3,0,0
"hadoop-mapreduce-project/hadoop-yarn/hadoop-yarn-server/hadoop-yarn-server-nodemanager/src/test/java/org/apache/hadoop/yarn/server/nodemanager/containermanager/monitor",205,47,0.23,2,1,0.901408450704225,1,2,3,5,32,14,3,0.6,0,3,0,0
"hadoop-mapreduce-project/hadoop-yarn/hadoop-yarn-server/hadoop-yarn-server-nodemanager/src/test/java/org/apache/hadoop/yarn/server/nodemanager/containermanager/launcher",300,43,0.14,14,1,0.676844783715013,0,2,2,2,310,17,2,0.5,0,2,0,0
"hadoop-mapreduce-project/hadoop-yarn/hadoop-yarn-server/hadoop-yarn-server-nodemanager/src/test/java/org/apache/hadoop/yarn/server/nodemanager/containermanager/loghandler",152,18,0.12,2,1,0.916666666666667,0,2,2,1,17,0,1,1,0,1,0,0
"hadoop-mapreduce-project/hadoop-yarn/hadoop-yarn-server/hadoop-yarn-server-nodemanager/src/test/java/org/apache/hadoop/yarn/server/nodemanager/containermanager/container",570,39,0.07,41,1,0.991071428571429,1,1,2,6,510,179,2,0.666666666666667,0,2,0,0
"hadoop-mapreduce-project/hadoop-yarn/hadoop-yarn-server/hadoop-yarn-server-nodemanager/src/test/java/org/apache/hadoop/yarn/server/nodemanager/api/protocolrecords/impl/pb",203,34,0.185,0.5,2,0.910112359550562,1,2,3,3,24,4,2,0.666666666666667,0,2,0,0
"hadoop-mapreduce-project/hadoop-yarn/hadoop-yarn-server/hadoop-yarn-server-nodemanager/src/test/java/org/apache/hadoop/yarn/server/nodemanager/webapp",110,23,0.21,2,1,0.9375,2,1,3,5,21,12,3,0.6,0,3,0,0
"hadoop-mapreduce-project/hadoop-yarn/hadoop-yarn-server/hadoop-yarn-server-nodemanager/src/test/java/org/apache/hadoop/yarn/server/nodemanager/metrics",48,18,0.38,1,1,1,0,1,1,0,0,0,0,0,0,0,0,0
"hadoop-mapreduce-project/hadoop-yarn/hadoop-yarn-server/hadoop-yarn-server-nodemanager/src/test/java/org/apache/hadoop/yarn/server/nodemanager/util",69,18,0.26,3,1,0.83495145631068,0,2,2,1,17,0,1,1,0,1,0,0
"hadoop-mapreduce-project/hadoop-yarn/hadoop-yarn-server/hadoop-yarn-server-nodemanager/src/main/java/org/apache/hadoop/yarn/server/nodemanager",1442,536,1.549375,4.875,16,0.84961728950923,1,2,3,24,423,321,3,0.458333333333333,0,3,0,0
"hadoop-mapreduce-project/hadoop-yarn/hadoop-yarn-server/hadoop-yarn-server-nodemanager/src/main/java/org/apache/hadoop/yarn/server/nodemanager/containermanager",624,152,1.96833333333333,6.83333333333333,6,0.795480225988701,1,2,3,20,327,126,3,0.45,0,3,0,0
"hadoop-mapreduce-project/hadoop-yarn/hadoop-yarn-server/hadoop-yarn-server-nodemanager/src/main/java/org/apache/hadoop/yarn/server/nodemanager/containermanager/application",387,203,1.75555555555556,1.11111111111111,9,0.998540145985401,1,1,2,9,164,86,2,0.888888888888889,0,2,0,0
"hadoop-mapreduce-project/hadoop-yarn/hadoop-yarn-server/hadoop-yarn-server-nodemanager/src/main/java/org/apache/hadoop/yarn/server/nodemanager/containermanager/localizer",1545,339,0.764444444444444,11.4444444444444,9,0.938697318007663,5,1,6,16,462,254,3,0.4375,0,3,0,0
"hadoop-mapreduce-project/hadoop-yarn/hadoop-yarn-server/hadoop-yarn-server-nodemanager/src/main/java/org/apache/hadoop/yarn/server/nodemanager/containermanager/localizer/event",203,271,1.66142857142857,0,14,0.965328467153285,2,1,3,4,46,21,3,0.5,0,3,0,0
"hadoop-mapreduce-project/hadoop-yarn/hadoop-yarn-server/hadoop-yarn-server-nodemanager/src/main/java/org/apache/hadoop/yarn/server/nodemanager/containermanager/localizer/security",105,74,0.75,0.75,4,0.943396226415094,0,2,2,1,12,10,1,1,0,1,0,0
"hadoop-mapreduce-project/hadoop-yarn/hadoop-yarn-server/hadoop-yarn-server-nodemanager/src/main/java/org/apache/hadoop/yarn/server/nodemanager/containermanager/logaggregation",1018,277,1.20666666666667,10.8333333333333,6,0.96636925188744,2,1,3,8,693,176,3,0.375,0,3,0,0
"hadoop-mapreduce-project/hadoop-yarn/hadoop-yarn-server/hadoop-yarn-server-nodemanager/src/main/java/org/apache/hadoop/yarn/server/nodemanager/containermanager/monitor",422,187,1.76833333333333,5,6,0.82378223495702,0,3,3,4,125,71,2,0.5,0,2,0,0
"hadoop-mapreduce-project/hadoop-yarn/hadoop-yarn-server/hadoop-yarn-server-nodemanager/src/main/java/org/apache/hadoop/yarn/server/nodemanager/containermanager/launcher",537,137,1.5075,9,4,0.955901426718547,2,1,3,12,340,100,3,0.416666666666667,0,3,0,0
"hadoop-mapreduce-project/hadoop-yarn/hadoop-yarn-server/hadoop-yarn-server-nodemanager/src/main/java/org/apache/hadoop/yarn/server/nodemanager/containermanager/loghandler",134,44,1.52,2.5,2,0.913265306122449,0,2,2,1,17,0,1,1,0,1,0,0
"hadoop-mapreduce-project/hadoop-yarn/hadoop-yarn-server/hadoop-yarn-server-nodemanager/src/main/java/org/apache/hadoop/yarn/server/nodemanager/containermanager/loghandler/event",79,85,1.898,0,5,0.984848484848485,1,1,2,0,0,0,0,0,0,0,0,0
"hadoop-mapreduce-project/hadoop-yarn/hadoop-yarn-server/hadoop-yarn-server-nodemanager/src/main/java/org/apache/hadoop/yarn/server/nodemanager/containermanager/container",775,325,1.40083333333333,2.08333333333333,12,0.937248592115849,2,1,3,12,274,101,3,0.5,0,3,0,0
"hadoop-mapreduce-project/hadoop-yarn/hadoop-yarn-server/hadoop-yarn-server-nodemanager/src/main/java/org/apache/hadoop/yarn/server/nodemanager/api",8,17,2.12,0,1,1,0,1,1,0,0,0,0,0,0,0,0,0
"hadoop-mapreduce-project/hadoop-yarn/hadoop-yarn-server/hadoop-yarn-server-nodemanager/src/main/java/org/apache/hadoop/yarn/server/nodemanager/api/protocolrecords",51,85,2.174,0,5,1,0,1,1,0,0,0,0,0,0,0,0,0
"hadoop-mapreduce-project/hadoop-yarn/hadoop-yarn-server/hadoop-yarn-server-nodemanager/src/main/java/org/apache/hadoop/yarn/server/nodemanager/api/protocolrecords/impl/pb",466,51,0.113333333333333,11.3333333333333,3,1,0,1,1,0,0,0,0,0,0,0,0,0
"hadoop-mapreduce-project/hadoop-yarn/hadoop-yarn-server/hadoop-yarn-server-nodemanager/src/main/java/org/apache/hadoop/yarn/server/nodemanager/api/impl/pb/client",41,17,0.41,4,1,1,0,1,1,0,0,0,0,0,0,0,0,0
"hadoop-mapreduce-project/hadoop-yarn/hadoop-yarn-server/hadoop-yarn-server-nodemanager/src/main/java/org/apache/hadoop/yarn/server/nodemanager/api/impl/pb/service",28,17,0.61,0,1,1,0,1,1,0,0,0,0,0,0,0,0,0
"hadoop-mapreduce-project/hadoop-yarn/hadoop-yarn-server/hadoop-yarn-server-nodemanager/src/main/java/org/apache/hadoop/yarn/server/nodemanager/webapp",992,258,0.557142857142857,3.35714285714286,14,0.960479887085392,1,1,2,10,368,149,2,0.5,0,2,0,0
"hadoop-mapreduce-project/hadoop-yarn/hadoop-yarn-server/hadoop-yarn-server-nodemanager/src/main/java/org/apache/hadoop/yarn/server/nodemanager/metrics",68,18,0.26,0,1,1,0,1,1,0,0,0,0,0,0,0,0,0
"hadoop-mapreduce-project/hadoop-yarn/hadoop-yarn-server/hadoop-yarn-server-nodemanager/src/main/java/org/apache/hadoop/yarn/server/nodemanager/security/authorize",24,20,0.83,0,1,1,0,1,1,0,0,0,0,0,0,0,0,0
"hadoop-mapreduce-project/hadoop-yarn/hadoop-yarn-server/hadoop-yarn-server-nodemanager/src/main/java/org/apache/hadoop/yarn/server/nodemanager/util",55,28,0.51,10,1,0.813186813186813,0,2,2,1,17,0,1,1,0,1,0,0
"hadoop-mapreduce-project/hadoop-yarn/hadoop-yarn-server/hadoop-yarn-server-nodemanager/src/main/native/container-executor/test",1270,96,0.075,108,2,0.506114130434783,0,3,3,0,0,0,0,0,0,0,0,0
"hadoop-mapreduce-project/hadoop-yarn/hadoop-yarn-server/hadoop-yarn-server-nodemanager/src/main/native/container-executor/impl",1278,384,1.466,43.4,5,0.625203693644758,1,4,5,2,383,480,2,0.5,0,2,0,0
"hadoop-mapreduce-project/hadoop-yarn/hadoop-yarn-applications/hadoop-yarn-applications-distributedshell/src/test/java/org/apache/hadoop/yarn/applications/distributedshell",60,17,0.28,4,1,1,0,1,1,2,2,2,1,1,0,1,0,0
"hadoop-mapreduce-project/hadoop-yarn/hadoop-yarn-applications/hadoop-yarn-applications-distributedshell/src/main/java/org/apache/hadoop/yarn/applications/distributedshell",967,503,1.36333333333333,28.3333333333333,3,0.989260143198091,2,1,3,3,18,6,2,0.666666666666667,0,2,0,0
"hadoop-mapreduce-project/hadoop-mapreduce-client/hadoop-mapreduce-client-app/src/test/java/org/apache/hadoop/mapreduce/v2/app",3548,544,0.218,6.53333333333333,15,0.73251200668198,1,2,3,25,1382,581,3,0.52,0,3,0,0
"hadoop-mapreduce-project/hadoop-mapreduce-client/hadoop-mapreduce-client-app/src/test/java/org/apache/hadoop/mapreduce/v2/app/speculate",47,17,0.36,0,1,1,0,1,1,0,0,0,0,0,0,0,0,0
"hadoop-mapreduce-project/hadoop-mapreduce-client/hadoop-mapreduce-client-app/src/test/java/org/apache/hadoop/mapreduce/v2/app/webapp",138,18,0.13,0,1,0.812834224598931,1,2,3,4,58,7,3,0.5,0,3,0,0
"hadoop-mapreduce-project/hadoop-mapreduce-client/hadoop-mapreduce-client-app/src/test/java/org/apache/hadoop/mapreduce/v2/app/metrics",90,20,0.22,0,1,1,0,1,1,0,0,0,0,0,0,0,0,0
"hadoop-mapreduce-project/hadoop-mapreduce-client/hadoop-mapreduce-client-app/src/test/java/org/apache/hadoop/mapreduce/v2/app/job/impl",474,94,0.213333333333333,3,3,0.974436090225564,1,1,2,1,17,0,1,1,0,1,0,0
"hadoop-mapreduce-project/hadoop-mapreduce-client/hadoop-mapreduce-client-app/src/test/java/org/apache/hadoop/mapred",62,24,0.39,0,1,1,0,1,1,0,0,0,0,0,0,0,0,0
"hadoop-mapreduce-project/hadoop-mapreduce-client/hadoop-mapreduce-client-app/src/main/java/org/apache/hadoop",55,17,0.31,0,1,0.788235294117647,0,2,2,1,18,0,1,1,0,1,0,0
"hadoop-mapreduce-project/hadoop-mapreduce-client/hadoop-mapreduce-client-app/src/main/java/org/apache/hadoop/mapreduce/jobhistory",728,133,0.426666666666667,16.6666666666667,3,0.927624872579001,1,2,3,5,103,70,3,0.4,0,3,0,0
"hadoop-mapreduce-project/hadoop-mapreduce-client/hadoop-mapreduce-client-app/src/main/java/org/apache/hadoop/mapreduce/v2/app",931,307,1.67714285714286,5.14285714285714,7,0.78999295278365,2,2,4,22,653,344,3,0.545454545454545,0,3,0,0
"hadoop-mapreduce-project/hadoop-mapreduce-client/hadoop-mapreduce-client-app/src/main/java/org/apache/hadoop/mapreduce/v2/app/client",328,57,2.85666666666667,2.33333333333333,3,0.884976525821596,3,1,4,6,32,46,3,0.5,0,3,0,0
"hadoop-mapreduce-project/hadoop-mapreduce-client/hadoop-mapreduce-client-app/src/main/java/org/apache/hadoop/mapreduce/v2/app/speculate",869,347,1.42636363636364,6.36363636363636,11,0.977941176470588,3,1,4,4,18,22,3,0.5,0,3,0,0
"hadoop-mapreduce-project/hadoop-mapreduce-client/hadoop-mapreduce-client-app/src/main/java/org/apache/hadoop/mapreduce/v2/app/local",112,52,2.995,2,2,0.53072625698324,0,4,4,4,67,8,3,0.5,0,3,0,0
"hadoop-mapreduce-project/hadoop-mapreduce-client/hadoop-mapreduce-client-app/src/main/java/org/apache/hadoop/mapreduce/v2/app/taskclean",117,74,2.285,0.25,4,0.872146118721461,1,2,3,1,8,1,1,1,0,1,0,0
"hadoop-mapreduce-project/hadoop-mapreduce-client/hadoop-mapreduce-client-app/src/main/java/org/apache/hadoop/mapreduce/v2/app/webapp",1377,510,0.844761904761905,4.57142857142857,21,0.858173076923077,1,3,4,12,308,53,3,0.416666666666667,0,3,0,0
"hadoop-mapreduce-project/hadoop-mapreduce-client/hadoop-mapreduce-client-app/src/main/java/org/apache/hadoop/mapreduce/v2/app/rm",1274,280,1.38625,18.625,8,0.786497403346797,2,2,4,14,385,166,3,0.428571428571429,0,3,0,0
"hadoop-mapreduce-project/hadoop-mapreduce-client/hadoop-mapreduce-client-app/src/main/java/org/apache/hadoop/mapreduce/v2/app/metrics",145,35,2.9,7.5,2,0.901477832512315,0,2,2,0,0,0,0,0,0,0,0,0
"hadoop-mapreduce-project/hadoop-mapreduce-client/hadoop-mapreduce-client-app/src/main/java/org/apache/hadoop/mapreduce/v2/app/recover",372,95,1.97,8,4,0.92925430210325,2,1,3,9,106,48,2,0.777777777777778,0,2,0,0
"hadoop-mapreduce-project/hadoop-mapreduce-client/hadoop-mapreduce-client-app/src/main/java/org/apache/hadoop/mapreduce/v2/app/launcher",406,132,1.74,6.8,5,0.639291465378422,2,2,4,10,253,116,3,0.6,0,3,0,0
"hadoop-mapreduce-project/hadoop-mapreduce-client/hadoop-mapreduce-client-app/src/main/java/org/apache/hadoop/mapreduce/v2/app/security/authorize",28,37,3.235,0,2,0.714285714285714,0,2,2,0,0,0,0,0,0,0,0,0
"hadoop-mapreduce-project/hadoop-mapreduce-client/hadoop-mapreduce-client-app/src/main/java/org/apache/hadoop/mapreduce/v2/app/job",86,131,2.5325,0,4,0.749003984063745,1,3,4,6,54,7,3,0.5,0,3,0,0
"hadoop-mapreduce-project/hadoop-mapreduce-client/hadoop-mapreduce-client-app/src/main/java/org/apache/hadoop/mapreduce/v2/app/job/event",297,380,1.59736842105263,0,19,0.953601953601954,2,1,3,4,34,6,2,0.75,0,2,0,0
"hadoop-mapreduce-project/hadoop-mapreduce-client/hadoop-mapreduce-client-app/src/main/java/org/apache/hadoop/mapreduce/v2/app/job/impl",3108,460,1.125,28.5,6,0.954545454545455,3,1,4,32,373,379,3,0.46875,0,3,0,0
"hadoop-mapreduce-project/hadoop-mapreduce-client/hadoop-mapreduce-client-app/src/main/java/org/apache/hadoop/mapred",1213,596,0.919,6.8,10,0.965315095261358,2,1,3,15,255,171,3,0.533333333333333,0,3,0,0
"hadoop-mapreduce-project/hadoop-mapreduce-client/hadoop-mapreduce-client-common/src/test/java/org/apache/hadoop/mapreduce",106,17,0.16,5,1,0.554744525547445,0,3,3,5,100,5,3,0.4,0,3,0,0
"hadoop-mapreduce-project/hadoop-mapreduce-client/hadoop-mapreduce-client-common/src/test/java/org/apache/hadoop/mapreduce/v2",173,45,0.385,0,2,0.859922178988327,0,2,2,1,36,0,1,1,0,1,0,0
"hadoop-mapreduce-project/hadoop-mapreduce-client/hadoop-mapreduce-client-common/src/test/java/org/apache/hadoop/mapreduce/v2/api/records",98,17,0.17,0,1,1,0,1,1,0,0,0,0,0,0,0,0,0
"hadoop-mapreduce-project/hadoop-mapreduce-client/hadoop-mapreduce-client-common/src/test/java/org/apache/hadoop/mapreduce/v2/jobhistory",98,17,0.17,0,1,1,0,1,1,0,0,0,0,0,0,0,0,0
"hadoop-mapreduce-project/hadoop-mapreduce-client/hadoop-mapreduce-client-common/src/test/java/org/apache/hadoop/mapreduce/v2/util",88,19,0.22,0,1,0.983870967741935,1,1,2,3,17,3,2,0.666666666666667,0,2,0,0
"hadoop-mapreduce-project/hadoop-mapreduce-client/hadoop-mapreduce-client-common/src/test/java/org/apache/hadoop/mapred",119,47,0.39,2,1,1,0,1,1,0,0,0,0,0,0,0,0,0
"hadoop-mapreduce-project/hadoop-mapreduce-client/hadoop-mapreduce-client-common/src/main/java/org/apache/hadoop/mapreduce",419,21,0.05,23,1,0.946502057613169,1,2,3,9,95,68,4,0.444444444444444,0,4,0,0
"hadoop-mapreduce-project/hadoop-mapreduce-client/hadoop-mapreduce-client-common/src/main/java/org/apache/hadoop/mapreduce/v2/api",40,34,3.065,0,2,0.506493506493506,0,3,3,1,18,0,1,1,0,1,0,0
"hadoop-mapreduce-project/hadoop-mapreduce-client/hadoop-mapreduce-client-common/src/main/java/org/apache/hadoop/mapreduce/v2/api/protocolrecords",147,391,3.17913043478261,0,23,0.631578947368421,1,2,3,1,396,0,1,1,0,1,0,0
"hadoop-mapreduce-project/hadoop-mapreduce-client/hadoop-mapreduce-client-common/src/main/java/org/apache/hadoop/mapreduce/v2/api/protocolrecords/impl/pb",1564,391,0.526521739130435,5.08695652173913,23,0.828947368421053,1,2,3,1,396,0,1,1,0,1,0,0
"hadoop-mapreduce-project/hadoop-mapreduce-client/hadoop-mapreduce-client-common/src/main/java/org/apache/hadoop/mapreduce/v2/api/records",408,378,1.86444444444444,1.33333333333333,18,0.648,3,2,5,7,557,9,3,0.571428571428571,0,3,0,0
"hadoop-mapreduce-project/hadoop-mapreduce-client/hadoop-mapreduce-client-common/src/main/java/org/apache/hadoop/mapreduce/v2/api/records/impl/pb",1838,208,0.595833333333333,10.9166666666667,12,0.915652538816618,2,2,4,7,455,154,3,0.571428571428571,0,3,0,0
"hadoop-mapreduce-project/hadoop-mapreduce-client/hadoop-mapreduce-client-common/src/main/java/org/apache/hadoop/mapreduce/v2/api/impl/pb/client",253,34,2.87,22,2,0.875816993464052,0,3,3,1,18,0,1,1,0,1,0,0
"hadoop-mapreduce-project/hadoop-mapreduce-client/hadoop-mapreduce-client-common/src/main/java/org/apache/hadoop/mapreduce/v2/api/impl/pb/service",204,34,2.875,0,2,0.8515625,0,3,3,1,18,0,1,1,0,1,0,0
"hadoop-mapreduce-project/hadoop-mapreduce-client/hadoop-mapreduce-client-common/src/main/java/org/apache/hadoop/mapreduce/v2/jobhistory",536,301,1.614,6.4,5,0.81948717948718,2,2,4,6,65,178,2,0.5,0,2,0,0
"hadoop-mapreduce-project/hadoop-mapreduce-client/hadoop-mapreduce-client-common/src/main/java/org/apache/hadoop/mapreduce/v2/security/client",38,34,3.08,0.5,2,0.731707317073171,1,2,3,1,2,2,1,1,0,1,0,0
"hadoop-mapreduce-project/hadoop-mapreduce-client/hadoop-mapreduce-client-common/src/main/java/org/apache/hadoop/mapreduce/v2/util",409,110,1.67,4,4,0.638743455497382,1,3,4,12,308,117,3,0.5,0,3,0,0
"hadoop-mapreduce-project/hadoop-mapreduce-client/hadoop-mapreduce-client-common/src/main/java/org/apache/hadoop/mapred",826,206,0.3625,13.5,4,0.635906040268456,1,2,3,0,0,0,0,0,0,0,0,0
"hadoop-mapreduce-project/hadoop-mapreduce-client/hadoop-mapreduce-client-core/src/test/java/org/apache/hadoop/mapreduce",119,40,0.365,1.5,2,0.65,0,2,2,2,18,1,2,0.5,0,2,0,0
"hadoop-mapreduce-project/hadoop-mapreduce-client/hadoop-mapreduce-client-core/src/test/java/org/apache/hadoop/mapreduce/lib/output",271,38,0.14,9,1,0.810734463276836,0,2,2,1,67,3,1,1,0,1,0,0
"hadoop-mapreduce-project/hadoop-mapreduce-client/hadoop-mapreduce-client-core/src/test/java/org/apache/hadoop/mapreduce/util",178,42,0.24,1,1,0.991525423728814,1,1,2,0,0,0,0,0,0,0,0,0
"hadoop-mapreduce-project/hadoop-mapreduce-client/hadoop-mapreduce-client-core/src/test/java/org/apache/hadoop/mapred",306,65,0.39,4.5,2,0.997706422018349,1,1,2,2,68,4,2,0.5,0,2,0,0
"hadoop-mapreduce-project/hadoop-mapreduce-client/hadoop-mapreduce-client-core/src/main/java/org/apache/hadoop/mapreduce",3842,3313,1.83488888888889,4.37777777777778,45,0.822594661700807,8,2,10,34,616,118,4,0.411764705882353,0,4,0,0
"hadoop-mapreduce-project/hadoop-mapreduce-client/hadoop-mapreduce-client-core/src/main/java/org/apache/hadoop/mapreduce/split",351,107,1.065,3,4,0.945674044265594,2,1,3,1,6,6,1,1,0,1,0,0
"hadoop-mapreduce-project/hadoop-mapreduce-client/hadoop-mapreduce-client-core/src/main/java/org/apache/hadoop/mapreduce/server/tasktracker",75,30,0.4,0,1,1,0,1,1,0,0,0,0,0,0,0,0,0
"hadoop-mapreduce-project/hadoop-mapreduce-client/hadoop-mapreduce-client-core/src/main/java/org/apache/hadoop/mapreduce/server/jobtracker",91,27,0.3,0,1,0.975409836065574,1,1,2,0,0,0,0,0,0,0,0,0
"hadoop-mapreduce-project/hadoop-mapreduce-client/hadoop-mapreduce-client-core/src/main/java/org/apache/hadoop/mapreduce/filecache",316,379,2.63333333333333,10.6666666666667,3,0.931635388739946,2,1,3,0,0,0,0,0,0,0,0,0
"hadoop-mapreduce-project/hadoop-mapreduce-client/hadoop-mapreduce-client-core/src/main/java/org/apache/hadoop/mapreduce/protocol",107,279,2.51333333333333,0,3,0.824766355140187,2,2,4,1,15,0,1,1,0,1,0,0
"hadoop-mapreduce-project/hadoop-mapreduce-client/hadoop-mapreduce-client-core/src/main/java/org/apache/hadoop/mapreduce/jobhistory",2249,1084,0.9816,6,25,0.778050108932462,4,3,7,9,240,92,3,0.555555555555556,0,3,0,0
"hadoop-mapreduce-project/hadoop-mapreduce-client/hadoop-mapreduce-client-core/src/main/java/org/apache/hadoop/mapreduce/task",618,390,1.15,4.83333333333333,6,0.974932855863921,2,1,3,4,21,12,3,0.5,0,3,0,0
"hadoop-mapreduce-project/hadoop-mapreduce-client/hadoop-mapreduce-client-core/src/main/java/org/apache/hadoop/mapreduce/task/reduce",2117,474,0.847142857142857,10.0714285714286,14,0.97883064516129,3,1,4,1,8,4,1,1,0,1,0,0
"hadoop-mapreduce-project/hadoop-mapreduce-client/hadoop-mapreduce-client-core/src/main/java/org/apache/hadoop/mapreduce/lib/reduce",288,60,0.576666666666667,0.666666666666667,3,0.859188544152745,1,2,3,0,0,0,0,0,0,0,0,0
"hadoop-mapreduce-project/hadoop-mapreduce-client/hadoop-mapreduce-client-core/src/main/java/org/apache/hadoop/mapreduce/lib/input",2278,1056,0.617826086956522,9.69565217391304,23,0.974324685744852,3,1,4,0,0,0,0,0,0,0,0,0
"hadoop-mapreduce-project/hadoop-mapreduce-client/hadoop-mapreduce-client-core/src/main/java/org/apache/hadoop/mapreduce/lib/chain",1198,521,1.016,10.6,5,1,0,1,1,0,0,0,0,0,0,0,0,0
"hadoop-mapreduce-project/hadoop-mapreduce-client/hadoop-mapreduce-client-core/src/main/java/org/apache/hadoop/mapreduce/lib/output",1179,689,0.67,7.27272727272727,11,0.913294797687861,2,1,3,3,169,36,2,0.666666666666667,0,2,0,0
"hadoop-mapreduce-project/hadoop-mapreduce-client/hadoop-mapreduce-client-core/src/main/java/org/apache/hadoop/mapreduce/lib/fieldsel",248,143,0.713333333333333,8.66666666666667,3,1,0,1,1,0,0,0,0,0,0,0,0,0
"hadoop-mapreduce-project/hadoop-mapreduce-client/hadoop-mapreduce-client-core/src/main/java/org/apache/hadoop/mapreduce/lib/db",1702,894,0.9755,6,20,0.969656992084433,3,1,4,0,0,0,0,0,0,0,0,0
"hadoop-mapreduce-project/hadoop-mapreduce-client/hadoop-mapreduce-client-core/src/main/java/org/apache/hadoop/mapreduce/lib/jobcontrol",368,201,0.54,20.5,2,0.825119236883943,0,2,2,1,110,111,1,1,0,1,0,0
"hadoop-mapreduce-project/hadoop-mapreduce-client/hadoop-mapreduce-client-core/src/main/java/org/apache/hadoop/mapreduce/lib/aggregate",822,797,1.28058823529412,3.76470588235294,17,0.983686786296901,2,1,3,0,0,0,0,0,0,0,0,0
"hadoop-mapreduce-project/hadoop-mapreduce-client/hadoop-mapreduce-client-core/src/main/java/org/apache/hadoop/mapreduce/lib/map",493,150,0.652,2.4,5,0.921646746347942,1,2,3,0,0,0,0,0,0,0,0,0
"hadoop-mapreduce-project/hadoop-mapreduce-client/hadoop-mapreduce-client-core/src/main/java/org/apache/hadoop/mapreduce/lib/join",1741,854,0.745625,10.1875,16,0.96711664935964,3,1,4,0,0,0,0,0,0,0,0,0
"hadoop-mapreduce-project/hadoop-mapreduce-client/hadoop-mapreduce-client-core/src/main/java/org/apache/hadoop/mapreduce/lib/partition",1157,540,0.78,25.7142857142857,7,0.978213507625272,3,1,4,0,0,0,0,0,0,0,0,0
"hadoop-mapreduce-project/hadoop-mapreduce-client/hadoop-mapreduce-client-core/src/main/java/org/apache/hadoop/mapreduce/v2",38,17,0.45,0,1,1,0,1,1,0,0,0,0,0,0,0,0,0
"hadoop-mapreduce-project/hadoop-mapreduce-client/hadoop-mapreduce-client-core/src/main/java/org/apache/hadoop/mapreduce/tools",515,54,0.1,141,1,0.887394957983193,2,2,4,4,60,8,3,0.5,0,3,0,0
"hadoop-mapreduce-project/hadoop-mapreduce-client/hadoop-mapreduce-client-core/src/main/java/org/apache/hadoop/mapreduce/counters",1067,482,1.19363636363636,8.18181818181818,11,1,0,1,1,0,0,0,0,0,0,0,0,0
"hadoop-mapreduce-project/hadoop-mapreduce-client/hadoop-mapreduce-client-core/src/main/java/org/apache/hadoop/mapreduce/security",187,142,0.885,7,2,0.947513812154696,2,1,3,0,0,0,0,0,0,0,0,0
"hadoop-mapreduce-project/hadoop-mapreduce-client/hadoop-mapreduce-client-core/src/main/java/org/apache/hadoop/mapreduce/security/token",369,194,1.24,5,5,0.795238095238095,1,3,4,1,63,199,1,1,0,1,0,0
"hadoop-mapreduce-project/hadoop-mapreduce-client/hadoop-mapreduce-client-core/src/main/java/org/apache/hadoop/mapreduce/security/token/delegation",58,98,2.0125,0,4,0.566473988439306,1,3,4,1,1,1,1,1,0,1,0,0
"hadoop-mapreduce-project/hadoop-mapreduce-client/hadoop-mapreduce-client-core/src/main/java/org/apache/hadoop/mapreduce/util",1682,738,1.12555555555556,10.2222222222222,9,0.822971948445792,3,2,5,5,33,4,2,0.6,0,2,0,0
"hadoop-mapreduce-project/hadoop-mapreduce-client/hadoop-mapreduce-client-core/src/main/java/org/apache/hadoop/mapred",13771,8976,1.59357142857143,9.15178571428571,112,0.899249774146667,11,2,13,25,422,139,5,0.52,1,4,1,1
"hadoop-mapreduce-project/hadoop-mapreduce-client/hadoop-mapreduce-client-core/src/main/java/org/apache/hadoop/mapred/pipes",1157,638,1.282,8,10,0.998485613326603,1,1,2,1,3,2,1,1,0,1,0,0
"hadoop-mapreduce-project/hadoop-mapreduce-client/hadoop-mapreduce-client-core/src/main/java/org/apache/hadoop/mapred/jobcontrol",146,95,0.665,7,2,1,0,1,1,0,0,0,0,0,0,0,0,0
"hadoop-mapreduce-project/hadoop-mapreduce-client/hadoop-mapreduce-client-core/src/main/java/org/apache/hadoop/mapred/lib",1833,1741,1.105,2.96875,32,0.916417165668663,2,2,4,0,0,0,0,0,0,0,0,0
"hadoop-mapreduce-project/hadoop-mapreduce-client/hadoop-mapreduce-client-core/src/main/java/org/apache/hadoop/mapred/lib/db",260,191,1.1125,1.75,4,0.952015355086372,2,1,3,0,0,0,0,0,0,0,0,0
"hadoop-mapreduce-project/hadoop-mapreduce-client/hadoop-mapreduce-client-core/src/main/java/org/apache/hadoop/mapred/lib/aggregate",487,553,1.77411764705882,2.17647058823529,17,0.791917454858126,2,2,4,0,0,0,0,0,0,0,0,0
"hadoop-mapreduce-project/hadoop-mapreduce-client/hadoop-mapreduce-client-core/src/main/java/org/apache/hadoop/mapred/join",1308,816,1.106875,7,16,0.921052631578947,5,1,6,0,0,0,0,0,0,0,0,0
"hadoop-mapreduce-project/hadoop-mapreduce-client/hadoop-mapreduce-client-core/src/main/java/org/apache/hadoop/filecache",15,135,9.635,0,2,0.895424836601307,0,2,2,0,0,0,0,0,0,0,0,0
"hadoop-mapreduce-project/hadoop-mapreduce-client/hadoop-mapreduce-client-shuffle/src/test/java/org/apache/hadoop/mapred",44,17,0.39,0,1,1,0,1,1,1,10,0,1,1,0,1,0,0
"hadoop-mapreduce-project/hadoop-mapreduce-client/hadoop-mapreduce-client-shuffle/src/main/java/org/apache/hadoop/mapred",427,60,0.14,17,1,0.970149253731343,2,1,3,6,94,19,3,0.5,0,3,1,1
"hadoop-mapreduce-project/hadoop-mapreduce-client/hadoop-mapreduce-client-jobclient/src/test/java/org/apache/hadoop",949,113,0.5275,6.5,4,0.765638766519824,2,2,4,2,34,0,2,0.5,0,2,0,0
"hadoop-mapreduce-project/hadoop-mapreduce-client/hadoop-mapreduce-client-jobclient/src/test/java/org/apache/hadoop/mapreduce",47,17,0.36,2,1,0.746835443037975,0,2,2,1,20,0,1,1,0,1,0,0
"hadoop-mapreduce-project/hadoop-mapreduce-client/hadoop-mapreduce-client-jobclient/src/test/java/org/apache/hadoop/mapreduce/v2",1068,180,0.186666666666667,6.66666666666667,6,0.819327731092437,0,3,3,18,267,78,3,0.5,0,3,0,0
"hadoop-mapreduce-project/hadoop-mapreduce-client/hadoop-mapreduce-client-jobclient/src/test/java/org/apache/hadoop/mapred",599,66,0.12,3,2,0.563870967741935,1,3,4,15,443,279,4,0.4,0,4,0,0
"hadoop-mapreduce-project/hadoop-mapreduce-client/hadoop-mapreduce-client-jobclient/src/main/java/org/apache/hadoop/mapred",1265,187,0.255,7.16666666666667,6,0.663030303030303,0,4,4,37,824,902,4,0.405405405405405,1,3,0,0
"hadoop-mapreduce-project/hadoop-mapreduce-client/hadoop-mapreduce-client-hs/src/test/java/org/apache/hadoop/mapreduce/v2/hs",324,64,0.205,3,2,0.774487471526196,1,2,3,9,225,67,2,0.555555555555556,0,2,0,0
"hadoop-mapreduce-project/hadoop-mapreduce-client/hadoop-mapreduce-client-hs/src/test/java/org/apache/hadoop/mapreduce/v2/hs/webapp",184,18,0.1,0,1,0.5,0,3,3,10,265,38,3,0.4,0,3,0,0
"hadoop-mapreduce-project/hadoop-mapreduce-client/hadoop-mapreduce-client-hs/src/main/java/org/apache/hadoop/mapreduce/v2/hs",1776,321,0.983333333333333,13.5555555555556,9,0.88898269311946,2,2,4,23,363,334,3,0.391304347826087,0,3,0,0
"hadoop-mapreduce-project/hadoop-mapreduce-client/hadoop-mapreduce-client-hs/src/main/java/org/apache/hadoop/mapreduce/v2/hs/webapp",1268,596,1.05352941176471,4,17,0.37439379243453,1,3,4,1,18,0,1,1,0,1,0,0
"hadoop-hdfs-project/hadoop-hdfs/src/contrib/fuse-dfs/src",1495,944,1.16324324324324,4.45945945945946,37,0.7966398319916,5,2,7,0,0,0,0,0,0,0,0,0
"hadoop-hdfs-project/hadoop-hdfs/src/contrib/fuse-dfs/src/test",260,62,0.24,11,1,1,0,1,1,0,0,0,0,0,0,0,0,0
"hadoop-hdfs-project/hadoop-hdfs/src/test/aop/org/apache/hadoop/fs",247,84,0.345,4.5,2,1,0,1,1,0,0,0,0,0,0,0,0,0
"hadoop-hdfs-project/hadoop-hdfs/src/test/aop/org/apache/hadoop/fi",553,338,1.13,5.42857142857143,7,0.796,4,2,6,0,0,0,0,0,0,0,0,0
"hadoop-hdfs-project/hadoop-hdfs/src/test/aop/org/apache/hadoop/hdfs",517,182,0.37,7,4,0.998702983138781,1,1,2,0,0,0,0,0,0,0,0,0
"hadoop-hdfs-project/hadoop-hdfs/src/test/aop/org/apache/hadoop/hdfs/server/datanode",558,297,0.5225,0.75,4,0.897136797454931,0,2,2,0,0,0,0,0,0,0,0,0
"hadoop-hdfs-project/hadoop-hdfs/src/test/unit/org/apache/hadoop/hdfs/server/namenode",526,132,0.316666666666667,7,3,0.907038512616202,2,2,4,2,22,22,2,0.5,0,2,0,0
"hadoop-hdfs-project/hadoop-hdfs/src/test/unit/org/apache/hadoop/hdfs/server/datanode",403,113,0.38,7,2,0.998257839721254,1,1,2,1,1,1,1,1,0,1,0,0
"hadoop-hdfs-project/hadoop-hdfs/src/test/system/test/org/apache/hadoop/hdfs",60,17,0.28,2,1,1,0,1,1,0,0,0,0,0,0,0,0,0
"hadoop-hdfs-project/hadoop-hdfs/src/test/system/java/org/apache/hadoop/hdfs/test/system",256,138,1.21,2.5,6,0.834801762114537,0,3,3,0,0,0,0,0,0,0,0,0
"hadoop-hdfs-project/hadoop-hdfs/src/test/java/org/apache/hadoop/test",128,77,0.625,2,2,0.69327731092437,2,3,5,1,5,2,1,1,0,1,0,0
"hadoop-hdfs-project/hadoop-hdfs/src/test/java/org/apache/hadoop/fs",969,265,0.38,3,7,0.972043010752688,3,1,4,2,16,16,2,0.5,0,2,0,0
"hadoop-hdfs-project/hadoop-hdfs/src/test/java/org/apache/hadoop/fs/permission",169,72,0.43,4,1,1,0,1,1,0,0,0,0,0,0,0,0,0
"hadoop-hdfs-project/hadoop-hdfs/src/test/java/org/apache/hadoop/fs/viewfs",170,67,0.393333333333333,0,3,0.786713286713287,1,2,3,0,0,0,0,0,0,0,1,1
"hadoop-hdfs-project/hadoop-hdfs/src/test/java/org/apache/hadoop/fs/loadGenerator",199,29,0.15,0,1,1,0,1,1,0,0,0,0,0,0,0,0,0
"hadoop-hdfs-project/hadoop-hdfs/src/test/java/org/apache/hadoop/net",115,35,0.3,11,1,0.994152046783626,1,1,2,0,0,0,0,0,0,0,0,0
"hadoop-hdfs-project/hadoop-hdfs/src/test/java/org/apache/hadoop/hdfs",17997,5904,0.514081632653061,10,98,0.931648009489213,13,1,14,24,769,378,7,0.541666666666667,5,2,0,0
"hadoop-hdfs-project/hadoop-hdfs/src/test/java/org/apache/hadoop/hdfs/server/namenode",9900,3124,0.406346153846154,10.3269230769231,52,0.92560204493475,10,1,11,10,235,144,6,0.4,0,6,0,0
"hadoop-hdfs-project/hadoop-hdfs/src/test/java/org/apache/hadoop/hdfs/server/namenode/metrics",226,87,0.395,0.5,2,0.957627118644068,1,1,2,1,2,2,1,1,0,1,0,0
"hadoop-hdfs-project/hadoop-hdfs/src/test/java/org/apache/hadoop/hdfs/server/balancer",585,141,0.24,20,2,0.991432068543452,1,1,2,2,3,3,1,1,0,1,0,0
"hadoop-hdfs-project/hadoop-hdfs/src/test/java/org/apache/hadoop/hdfs/server/datanode",4506,1258,0.458461538461539,11.1153846153846,26,0.925977011494253,7,1,8,8,169,76,5,0.375,0,5,1,1
"hadoop-hdfs-project/hadoop-hdfs/src/test/java/org/apache/hadoop/hdfs/server/blockmanagement",1971,768,0.462666666666667,5.8,15,0.865916398713826,2,2,4,7,44,36,4,0.428571428571429,0,4,0,0
"hadoop-hdfs-project/hadoop-hdfs/src/test/java/org/apache/hadoop/hdfs/server/common",366,164,0.856,0.4,5,1,0,1,1,1,2,2,1,1,0,1,0,0
"hadoop-hdfs-project/hadoop-hdfs/src/test/java/org/apache/hadoop/hdfs/protocol",72,60,0.855,1,2,1,0,1,1,0,0,0,0,0,0,0,0,0
"hadoop-hdfs-project/hadoop-hdfs/src/test/java/org/apache/hadoop/hdfs/web",631,163,0.294285714285714,0.714285714285714,7,1,0,1,1,13,387,112,1,1,0,1,0,0
"hadoop-hdfs-project/hadoop-hdfs/src/test/java/org/apache/hadoop/hdfs/web/resources",172,17,0.1,0,1,1,0,1,1,0,0,0,0,0,0,0,0,0
"hadoop-hdfs-project/hadoop-hdfs/src/test/java/org/apache/hadoop/hdfs/tools",240,109,0.605,8,2,0.917312661498708,1,2,3,0,0,0,0,0,0,0,0,0
"hadoop-hdfs-project/hadoop-hdfs/src/test/java/org/apache/hadoop/hdfs/tools/offlineImageViewer",461,144,0.4075,9.5,4,0.997191011235955,1,1,2,3,5,4,2,0.666666666666667,0,2,0,0
"hadoop-hdfs-project/hadoop-hdfs/src/test/java/org/apache/hadoop/hdfs/tools/offlineEditsViewer",149,76,0.51,8,1,1,0,1,1,0,0,0,0,0,0,0,0,0
"hadoop-hdfs-project/hadoop-hdfs/src/test/java/org/apache/hadoop/hdfs/security",480,68,0.146666666666667,2,3,0.761666666666667,1,2,3,4,134,7,2,0.75,0,2,0,0
"hadoop-hdfs-project/hadoop-hdfs/src/test/java/org/apache/hadoop/hdfs/security/token/block",314,77,0.92,4.5,2,0.906818181818182,1,2,3,1,2,2,1,1,0,1,0,0
"hadoop-hdfs-project/hadoop-hdfs/src/test/java/org/apache/hadoop/hdfs/util",615,161,0.39,8.2,5,0.931151241534989,1,2,3,0,0,0,0,0,0,0,0,0
"hadoop-hdfs-project/hadoop-hdfs/src/test/java/org/apache/hadoop/tools",169,64,0.405,1,2,0.821561338289963,0,2,2,1,48,13,1,1,0,1,0,0
"hadoop-hdfs-project/hadoop-hdfs/src/test/java/org/apache/hadoop/security",374,72,0.19,5,2,0.978515625,1,1,2,1,11,3,1,1,0,1,0,0
"hadoop-hdfs-project/hadoop-hdfs/src/test/java/org/apache/hadoop/cli",109,56,0.72,2.33333333333333,3,0.881720430107527,1,2,3,1,3,1,1,1,0,1,0,0
"hadoop-hdfs-project/hadoop-hdfs/src/test/java/org/apache/hadoop/cli/util",3,17,5.67,0,1,0.952380952380952,1,1,2,0,0,0,0,0,0,0,0,0
"hadoop-hdfs-project/hadoop-hdfs/src/ant/org/apache/hadoop/ant",107,73,0.68,11,1,1,0,1,1,0,0,0,0,0,0,0,0,0
"hadoop-hdfs-project/hadoop-hdfs/src/ant/org/apache/hadoop/ant/condition",40,85,2.89,0,4,0.614285714285714,1,2,3,0,0,0,0,0,0,0,0,0
"hadoop-hdfs-project/hadoop-hdfs/src/main/java/org/apache/hadoop/fs",303,79,0.26,18,1,0.995402298850575,1,1,2,2,5,3,2,0.5,0,2,0,0
"hadoop-hdfs-project/hadoop-hdfs/src/main/java/org/apache/hadoop/hdfs",5922,2293,0.709473684210526,28.3157894736842,19,0.900825536598789,8,2,10,20,584,403,6,0.65,0,6,0,0
"hadoop-hdfs-project/hadoop-hdfs/src/main/java/org/apache/hadoop/hdfs/server/namenode",18152,6430,0.923380281690141,26.5070422535211,71,0.941643885547658,12,1,13,23,583,1248,6,0.739130434782609,4,2,0,0
"hadoop-hdfs-project/hadoop-hdfs/src/main/java/org/apache/hadoop/hdfs/server/namenode/web/resources",623,32,0.05,21,1,1,0,1,1,22,556,162,1,1,0,1,0,0
"hadoop-hdfs-project/hadoop-hdfs/src/main/java/org/apache/hadoop/hdfs/server/namenode/metrics",130,102,2.475,0,2,1,0,1,1,1,1,1,1,1,0,1,0,0
"hadoop-hdfs-project/hadoop-hdfs/src/main/java/org/apache/hadoop/hdfs/server/balancer",1269,475,0.38,50,3,0.994775339602926,2,1,3,2,8,7,1,1,0,1,0,0
"hadoop-hdfs-project/hadoop-hdfs/src/main/java/org/apache/hadoop/hdfs/server/protocol",1083,936,1.16434782608696,0.869565217391304,23,0.882456140350877,3,2,5,1,7,7,1,1,0,1,0,0
"hadoop-hdfs-project/hadoop-hdfs/src/main/java/org/apache/hadoop/hdfs/server/datanode",9761,3713,1.06969696969697,32.4242424242424,33,0.945000667467628,12,1,13,11,790,413,3,0.545454545454545,0,3,0,0
"hadoop-hdfs-project/hadoop-hdfs/src/main/java/org/apache/hadoop/hdfs/server/datanode/web/resources",342,26,0.08,4,1,1,0,1,1,13,314,85,1,1,0,1,0,0
"hadoop-hdfs-project/hadoop-hdfs/src/main/java/org/apache/hadoop/hdfs/server/datanode/metrics",122,88,2.59,0,2,0.983870967741935,1,1,2,0,0,0,0,0,0,0,0,0
"hadoop-hdfs-project/hadoop-hdfs/src/main/java/org/apache/hadoop/hdfs/server/blockmanagement",4772,1993,0.637647058823529,38.4117647058824,17,0.626019521326381,4,2,6,7,289,160,4,0.571428571428571,0,4,0,0
"hadoop-hdfs-project/hadoop-hdfs/src/main/java/org/apache/hadoop/hdfs/server/common",1641,878,1.08153846153846,13.1538461538462,13,0.900609974883387,7,1,8,1,24,24,1,1,0,1,1,1
"hadoop-hdfs-project/hadoop-hdfs/src/main/java/org/apache/hadoop/hdfs/protocol",2020,1806,1.1456,3.64,25,0.958265329913733,6,1,7,0,0,0,0,0,0,0,0,0
"hadoop-hdfs-project/hadoop-hdfs/src/main/java/org/apache/hadoop/hdfs/protocol/proto",12622,316,0.025,736.5,2,0.997491938373343,1,1,2,2,3662,2112,1,1,0,1,0,0
"hadoop-hdfs-project/hadoop-hdfs/src/main/java/org/apache/hadoop/hdfs/protocol/datatransfer",625,328,0.722222222222222,3.77777777777778,9,0.778711484593838,3,2,5,1,55,5,1,1,0,1,0,0
"hadoop-hdfs-project/hadoop-hdfs/src/main/java/org/apache/hadoop/hdfs/web",1204,204,0.41,16.6,5,1,0,1,1,22,1241,334,1,1,0,1,0,0
"hadoop-hdfs-project/hadoop-hdfs/src/main/java/org/apache/hadoop/hdfs/web/resources",1007,868,1.15685714285714,1.22857142857143,35,1,0,1,1,10,192,71,1,1,0,1,0,0
"hadoop-hdfs-project/hadoop-hdfs/src/main/java/org/apache/hadoop/hdfs/tools",1865,493,0.405714285714286,44.1428571428571,7,0.9375,4,1,5,3,54,52,3,0.333333333333333,0,3,0,0
"hadoop-hdfs-project/hadoop-hdfs/src/main/java/org/apache/hadoop/hdfs/tools/offlineImageViewer",1070,659,0.875,8.66666666666667,12,0.990160538581046,1,1,2,0,0,0,0,0,0,0,0,0
"hadoop-hdfs-project/hadoop-hdfs/src/main/java/org/apache/hadoop/hdfs/tools/offlineEditsViewer",1253,829,1.06357142857143,4.85714285714286,14,0.97221052631579,2,1,3,0,0,0,0,0,0,0,0,0
"hadoop-hdfs-project/hadoop-hdfs/src/main/java/org/apache/hadoop/hdfs/security/token/block",530,245,0.781428571428571,4.85714285714286,7,0.863218390804598,5,1,6,1,9,0,1,1,0,1,0,0
"hadoop-hdfs-project/hadoop-hdfs/src/main/java/org/apache/hadoop/hdfs/security/token/delegation",350,204,0.6425,5.75,4,0.512234910277325,3,2,5,3,60,3,1,1,0,1,0,0
"hadoop-hdfs-project/hadoop-hdfs/src/main/java/org/apache/hadoop/hdfs/util",612,471,1.46833333333333,5,12,0.794407894736842,3,2,5,0,0,0,0,0,0,0,0,0
"hadoop-hdfs-project/hadoop-hdfs/src/main/native",2447,804,0.992857142857143,47.4285714285714,7,0.987445554701512,1,1,2,0,0,0,0,0,0,0,0,0
