File,SLOC,Comments,Ratio_code_comment,McCabe,NumFiles,Ownership_Lines,Minor_Lines,Major_lines,LineAuthors,Commits,LineAdded,LineDeleted,CommitAuthors,Ownership_Commits,Minor_Commits,Major_Commits,HasBug,BugCount
hbase-shell/src/test/ruby,96,42,0.455,3.0,2,0.879746835443038,0,2,2,0.0,0.0,0.0,0.0,0.0,0.0,0.0,0.0,0.0
hbase-shell/src/test/ruby/hbase,665,95,0.3333333333333333,0.0,3,0.8763676148796499,3,2,5,0.0,0.0,0.0,0.0,0.0,0.0,0.0,0.0,0.0
hbase-shell/src/test/ruby/shell,81,66,0.93,0.0,3,0.6608187134502924,1,2,3,0.0,0.0,0.0,0.0,0.0,0.0,0.0,0.0,0.0
hbase-shell/src/test/java/org/apache/hadoop/hbase/client,42,21,0.5,0.0,1,0.9594594594594594,1,1,2,3.0,45.0,32.0,2.0,0.6666666666666666,0.0,2.0,0.0,0.0
hbase-shell/src/main/ruby,218,63,0.42000000000000004,3.5,2,0.7728337236533958,8,2,10,0.0,0.0,0.0,0.0,0.0,0.0,0.0,0.0,0.0
hbase-shell/src/main/ruby/hbase,1055,391,0.548,36.0,5,0.6712882726747544,17,2,19,1.0,1.0,1.0,1.0,1.0,0.0,1.0,0.0,0.0
hbase-shell/src/main/ruby/shell,178,58,0.33999999999999997,10.5,2,0.7947761194029851,4,2,6,0.0,0.0,0.0,0.0,0.0,0.0,0.0,0.0,0.0
hbase-shell/src/main/ruby/shell/commands,1094,1229,1.1636764705882352,0.11764705882352941,68,0.4751102709514808,11,5,16,0.0,0.0,0.0,0.0,0.0,0.0,0.0,0.0,0.0
hbase-shell/src/main/ruby/irb,23,33,1.43,2.0,1,0.6779661016949152,0,2,2,0.0,0.0,0.0,0.0,0.0,0.0,0.0,0.0,0.0
hbase-hadoop1-compat/src/test/java/org/apache/hadoop/hbase,12,27,2.25,0.0,1,1.0,0,1,1,0.0,0.0,0.0,0.0,0.0,0.0,0.0,0.0,0.0
hbase-hadoop1-compat/src/test/java/org/apache/hadoop/hbase/thrift,25,22,0.88,0.0,1,0.8181818181818182,0,2,2,0.0,0.0,0.0,0.0,0.0,0.0,0.0,0.0,0.0
hbase-hadoop1-compat/src/test/java/org/apache/hadoop/hbase/test,165,21,0.13,1.0,1,0.8883928571428571,0,2,2,0.0,0.0,0.0,0.0,0.0,0.0,0.0,0.0,0.0
hbase-hadoop1-compat/src/test/java/org/apache/hadoop/hbase/rest,14,20,1.43,0.0,1,0.75,0,3,3,0.0,0.0,0.0,0.0,0.0,0.0,0.0,0.0,0.0
hbase-hadoop1-compat/src/test/java/org/apache/hadoop/hbase/regionserver,96,41,0.65,0.0,2,0.8081395348837209,0,2,2,2.0,27.0,7.0,1.0,1.0,0.0,1.0,0.0,0.0
hbase-hadoop1-compat/src/test/java/org/apache/hadoop/hbase/regionserver/wal,15,17,1.13,0.0,1,1.0,0,1,1,0.0,0.0,0.0,0.0,0.0,0.0,0.0,0.0,0.0
hbase-hadoop1-compat/src/test/java/org/apache/hadoop/hbase/metrics,57,20,0.35,0.0,1,0.9340659340659341,0,2,2,0.0,0.0,0.0,0.0,0.0,0.0,0.0,0.0,0.0
hbase-hadoop1-compat/src/test/java/org/apache/hadoop/hbase/replication/regionserver,14,20,1.43,0.0,1,0.7948717948717948,1,2,3,0.0,0.0,0.0,0.0,0.0,0.0,0.0,0.0,0.0
hbase-hadoop1-compat/src/test/java/org/apache/hadoop/hbase/master,18,20,1.11,0.0,1,0.75,0,2,2,0.0,0.0,0.0,0.0,0.0,0.0,0.0,0.0,0.0
hbase-hadoop1-compat/src/main/java/org/apache/hadoop/hbase/thrift,81,47,0.7549999999999999,0.0,2,0.8278145695364238,0,2,2,1.0,12.0,11.0,1.0,1.0,0.0,1.0,0.0,0.0
hbase-hadoop1-compat/src/main/java/org/apache/hadoop/hbase/mapreduce,24,28,1.17,0.0,1,1.0,0,1,1,0.0,0.0,0.0,0.0,0.0,0.0,0.0,0.0,0.0
hbase-hadoop1-compat/src/main/java/org/apache/hadoop/hbase/rest,60,23,0.38,0.0,1,0.9292929292929293,0,2,2,0.0,0.0,0.0,0.0,0.0,0.0,0.0,0.0,0.0
hbase-hadoop1-compat/src/main/java/org/apache/hadoop/hbase/regionserver,373,94,0.4,2.0,4,0.927797833935018,2,1,3,2.0,26.0,10.0,1.0,1.0,0.0,1.0,0.0,0.0
hbase-hadoop1-compat/src/main/java/org/apache/hadoop/hbase/regionserver/wal,87,45,0.515,0.0,2,0.5222929936305732,0,2,2,0.0,0.0,0.0,0.0,0.0,0.0,0.0,0.0,0.0
hbase-hadoop1-compat/src/main/java/org/apache/hadoop/hbase/metrics,102,90,1.84,0.5,2,0.6266666666666667,0,3,3,0.0,0.0,0.0,0.0,0.0,0.0,0.0,0.0,0.0
hbase-hadoop1-compat/src/main/java/org/apache/hadoop/hbase/replication/regionserver,14,23,1.64,0.0,1,0.6666666666666666,0,3,3,0.0,0.0,0.0,0.0,0.0,0.0,0.0,0.0,0.0
hbase-hadoop1-compat/src/main/java/org/apache/hadoop/hbase/master,196,100,0.634,0.4,5,0.6752873563218391,1,3,4,1.0,1.0,70.0,1.0,1.0,0.0,1.0,0.0,0.0
hbase-hadoop1-compat/src/main/java/org/apache/hadoop/hbase/master/balancer,29,17,0.59,0.0,1,1.0,0,1,1,0.0,0.0,0.0,0.0,0.0,0.0,0.0,0.0,0.0
hbase-hadoop1-compat/src/main/java/org/apache/hadoop/hbase/ipc,117,38,0.45499999999999996,1.0,2,1.0,0,1,1,0.0,0.0,0.0,0.0,0.0,0.0,0.0,0.0,0.0
hbase-hadoop1-compat/src/main/java/org/apache/hadoop/metrics2/impl,35,31,0.89,1.0,1,0.9615384615384616,1,1,2,0.0,0.0,0.0,0.0,0.0,0.0,0.0,0.0,0.0
hbase-hadoop1-compat/src/main/java/org/apache/hadoop/metrics2/lib,404,261,0.5399999999999999,7.25,4,0.5279583875162549,2,2,4,1.0,1.0,2.0,1.0,1.0,0.0,1.0,0.0,0.0
hbase-hadoop1-compat/src/main/java/org/apache/hadoop/metrics2/util,176,143,0.77,10.5,2,1.0,0,1,1,0.0,0.0,0.0,0.0,0.0,0.0,0.0,0.0,0.0
hbase-protocol/src/main/java/org/apache/hadoop/hbase/protobuf/generated,155576,30634,0.20680000000000004,591.0,25,0.8253075624170788,14,2,16,7.0,75399.0,34868.0,3.0,0.7142857142857143,0.0,3.0,1.0,1.0
hbase-it/src/test/java/org/apache/hadoop/hbase,1153,361,0.45444444444444454,8.555555555555555,9,0.6214039125431531,3,4,7,5.0,128.0,61.0,4.0,0.4,0.0,4.0,1.0,3.0
hbase-it/src/test/java/org/apache/hadoop/hbase/mapreduce,659,202,0.30000000000000004,12.5,2,0.6059701492537314,3,3,6,6.0,24.0,22.0,3.0,0.5,0.0,3.0,1.0,1.0
hbase-it/src/test/java/org/apache/hadoop/hbase/test,1185,199,0.155,52.5,2,0.7723627390499691,4,3,7,10.0,95.0,41.0,6.0,0.4,0.0,6.0,1.0,2.0
hbase-it/src/test/java/org/apache/hadoop/hbase/mttr,371,142,0.38,13.0,1,0.8130217028380634,2,2,4,4.0,98.0,33.0,3.0,0.5,0.0,3.0,0.0,0.0
hbase-it/src/test/java/org/apache/hadoop/hbase/trace,231,20,0.09,19.0,1,0.996551724137931,1,1,2,1.0,1.0,1.0,1.0,1.0,0.0,1.0,0.0,0.0
hbase-it/src/test/java/org/apache/hadoop/hbase/chaos/actions,905,530,0.7828,2.04,25,0.9197568389057751,2,1,3,8.0,126.0,28.0,3.0,0.375,0.0,3.0,1.0,1.0
hbase-it/src/test/java/org/apache/hadoop/hbase/chaos/monkies,118,91,1.8033333333333335,3.6666666666666665,3,1.0,0,1,1,2.0,29.0,19.0,1.0,1.0,0.0,1.0,0.0,0.0
hbase-it/src/test/java/org/apache/hadoop/hbase/chaos/policies,157,100,0.704,2.0,5,1.0,0,1,1,0.0,0.0,0.0,0.0,0.0,0.0,0.0,0.0,0.0
hbase-it/src/test/java/org/apache/hadoop/hbase/chaos/factories,126,84,1.065,0.25,4,0.9666666666666667,1,1,2,3.0,14.0,11.0,2.0,0.6666666666666666,0.0,2.0,1.0,1.0
hbase-examples/src/test/java/org/apache/hadoop/hbase/coprocessor/example,521,103,0.2866666666666667,7.0,3,0.5838235294117647,3,3,6,2.0,31.0,34.0,2.0,0.5,0.0,2.0,0.0,0.0
hbase-examples/src/main/python/thrift2,33,31,0.94,2.0,1,1.0,0,1,1,0.0,0.0,0.0,0.0,0.0,0.0,0.0,0.0,0.0
hbase-examples/src/main/python/thrift2/gen-py/hbase,3247,713,0.985,192.75,4,1.0,0,1,1,0.0,0.0,0.0,0.0,0.0,0.0,0.0,0.0,0.0
hbase-examples/src/main/python/thrift1,135,40,0.3,16.0,1,1.0,0,1,1,0.0,0.0,0.0,0.0,0.0,0.0,0.0,0.0,0.0
hbase-examples/src/main/python/thrift1/gen-py/hbase,8647,1850,0.9775,481.0,4,1.0,0,1,1,0.0,0.0,0.0,0.0,0.0,0.0,0.0,0.0,0.0
hbase-examples/src/main/cpp,230,42,0.18,19.0,1,0.8407643312101911,0,2,2,0.0,0.0,0.0,0.0,0.0,0.0,0.0,0.0,0.0
hbase-examples/src/main/cpp/gen-cpp,20332,279,0.3457142857142857,373.42857142857144,7,1.0,0,1,1,0.0,0.0,0.0,0.0,0.0,0.0,0.0,0.0,0.0
hbase-examples/src/main/ruby,191,56,0.775,3.0,2,0.7359154929577465,0,3,3,0.0,0.0,0.0,0.0,0.0,0.0,0.0,0.0,0.0
hbase-examples/src/main/ruby/gen-rb,2420,177,0.23333333333333336,0.0,3,1.0,0,1,1,0.0,0.0,0.0,0.0,0.0,0.0,0.0,0.0,0.0
hbase-examples/src/main/java/org/apache/hadoop/hbase/thrift,233,45,0.19,19.0,1,0.975975975975976,2,1,3,0.0,0.0,0.0,0.0,0.0,0.0,0.0,0.0,0.0
hbase-examples/src/main/java/org/apache/hadoop/hbase/mapreduce,154,121,0.79,4.0,2,0.47157190635451507,2,3,5,0.0,0.0,0.0,0.0,0.0,0.0,0.0,0.0,0.0
hbase-examples/src/main/java/org/apache/hadoop/hbase/coprocessor/example,465,182,0.39666666666666667,19.0,3,0.3875181422351234,6,3,9,2.0,37.0,34.0,1.0,1.0,0.0,1.0,0.0,0.0
hbase-examples/src/main/java/org/apache/hadoop/hbase/coprocessor/example/generated,2256,44,0.02,83.0,2,0.593872741555381,0,2,2,0.0,0.0,0.0,0.0,0.0,0.0,0.0,0.0,0.0
hbase-examples/src/main/java/org/apache/hadoop/hbase/thrift2,62,21,0.34,4.0,1,0.898989898989899,0,2,2,0.0,0.0,0.0,0.0,0.0,0.0,0.0,0.0,0.0
hbase-server/src/test/java/org/apache/hadoop/hbase,8330,3385,0.5023684210526316,12.394736842105264,38,0.46978587213289646,22,4,26,35.0,895.0,1206.0,10.0,0.34285714285714286,3.0,7.0,1.0,2.0
hbase-server/src/test/java/org/apache/hadoop/hbase/mapreduce,3465,1087,0.577391304347826,6.391304347826087,23,0.3323581041544763,12,6,18,6.0,67.0,62.0,2.0,0.6666666666666666,0.0,2.0,1.0,3.0
hbase-server/src/test/java/org/apache/hadoop/hbase/mapreduce/hadoopbackport,97,23,0.24,6.0,1,1.0,0,1,1,0.0,0.0,0.0,0.0,0.0,0.0,0.0,0.0,0.0
hbase-server/src/test/java/org/apache/hadoop/hbase/client,10120,2244,0.38964285714285707,13.535714285714286,28,0.37186035122087735,17,6,23,19.0,494.0,379.0,8.0,0.2631578947368421,0.0,8.0,1.0,6.0
hbase-server/src/test/java/org/apache/hadoop/hbase/client/replication,69,40,0.58,0.0,1,0.7851239669421488,0,3,3,1.0,1.0,1.0,1.0,1.0,0.0,1.0,0.0,0.0
hbase-server/src/test/java/org/apache/hadoop/hbase/zookeeper,1117,298,0.36999999999999994,4.444444444444445,9,0.39543491671807524,2,5,7,0.0,0.0,0.0,0.0,0.0,0.0,0.0,1.0,1.0
hbase-server/src/test/java/org/apache/hadoop/hbase/zookeeper/lock,297,31,0.1,2.0,1,1.0,0,1,1,0.0,0.0,0.0,0.0,0.0,0.0,0.0,0.0,0.0
hbase-server/src/test/java/org/apache/hadoop/hbase/errorhandling,160,109,0.7066666666666667,0.0,3,0.9902597402597403,1,1,2,0.0,0.0,0.0,0.0,0.0,0.0,0.0,0.0,0.0
hbase-server/src/test/java/org/apache/hadoop/hbase/backup,270,97,0.36,16.0,1,0.591324200913242,2,4,6,0.0,0.0,0.0,0.0,0.0,0.0,0.0,0.0,0.0
hbase-server/src/test/java/org/apache/hadoop/hbase/backup/example,266,100,0.38,16.0,1,0.7242206235011991,1,2,3,2.0,7.0,6.0,2.0,0.5,0.0,2.0,0.0,0.0
hbase-server/src/test/java/org/apache/hadoop/hbase/fs,300,70,0.23,23.0,1,0.9557109557109557,2,1,3,0.0,0.0,0.0,0.0,0.0,0.0,0.0,0.0,0.0
hbase-server/src/test/java/org/apache/hadoop/hbase/mapred,396,189,0.465,10.0,2,0.5245398773006135,1,4,5,3.0,6.0,6.0,1.0,1.0,0.0,1.0,0.0,0.0
hbase-server/src/test/java/org/apache/hadoop/hbase/coprocessor,5352,807,0.25526315789473686,10.526315789473685,19,0.23247863247863249,14,6,20,15.0,278.0,166.0,4.0,0.4,0.0,4.0,0.0,0.0
hbase-server/src/test/java/org/apache/hadoop/hbase/coprocessor/protobuf/generated,8505,856,0.10333333333333333,176.0,3,0.7508312145511441,0,2,2,1.0,3683.0,2233.0,1.0,1.0,0.0,1.0,0.0,0.0
hbase-server/src/test/java/org/apache/hadoop/hbase/protobuf,249,93,0.43000000000000005,3.5,2,0.9712041884816754,2,1,3,0.0,0.0,0.0,0.0,0.0,0.0,0.0,0.0,0.0
hbase-server/src/test/java/org/apache/hadoop/hbase/codec,194,45,0.23,3.5,2,1.0,0,1,1,0.0,0.0,0.0,0.0,0.0,0.0,0.0,0.0,0.0
hbase-server/src/test/java/org/apache/hadoop/hbase/rest,3621,560,0.22384615384615386,10.538461538461538,13,0.819898175647009,6,3,9,6.0,158.0,36.0,3.0,0.5,0.0,3.0,0.0,0.0
hbase-server/src/test/java/org/apache/hadoop/hbase/rest/model,855,243,0.3223076923076923,0.3076923076923077,13,0.6138461538461538,4,2,6,3.0,263.0,552.0,2.0,0.6666666666666666,0.0,2.0,0.0,0.0
hbase-server/src/test/java/org/apache/hadoop/hbase/rest/client,334,31,0.09,7.0,1,0.8398058252427184,4,2,6,4.0,48.0,33.0,2.0,0.5,0.0,2.0,0.0,0.0
hbase-server/src/test/java/org/apache/hadoop/hbase/migration,397,119,0.31,17.0,2,1.0,0,1,1,3.0,39.0,18.0,1.0,1.0,0.0,1.0,0.0,0.0
hbase-server/src/test/java/org/apache/hadoop/hbase/trace,90,19,0.21,4.0,1,0.8549618320610687,0,2,2,2.0,11.0,1.0,2.0,0.5,0.0,2.0,0.0,0.0
hbase-server/src/test/java/org/apache/hadoop/hbase/snapshot,1657,511,0.34909090909090906,5.454545454545454,11,0.7302819779321619,5,3,8,7.0,110.0,178.0,5.0,0.2857142857142857,0.0,5.0,1.0,1.0
hbase-server/src/test/java/org/apache/hadoop/hbase/catalog,976,362,0.44200000000000006,6.6,5,0.8685983827493261,10,1,11,5.0,81.0,93.0,4.0,0.4,0.0,4.0,1.0,1.0
hbase-server/src/test/java/org/apache/hadoop/hbase/io,824,255,0.4366666666666667,9.0,6,0.7066881547139404,9,2,11,2.0,31.0,10.0,2.0,0.5,0.0,2.0,0.0,0.0
hbase-server/src/test/java/org/apache/hadoop/hbase/io/encoding,946,168,0.29333333333333333,13.166666666666666,6,0.6727853152434158,8,3,11,4.0,14.0,19.0,2.0,0.75,0.0,2.0,0.0,0.0
hbase-server/src/test/java/org/apache/hadoop/hbase/io/hfile,5186,1403,0.34879999999999994,15.04,25,0.3766522706452035,13,3,16,7.0,85.0,104.0,2.0,0.7142857142857143,0.0,2.0,0.0,0.0
hbase-server/src/test/java/org/apache/hadoop/hbase/io/hfile/slab,152,79,0.5333333333333333,2.0,3,0.8487084870848709,0,2,2,0.0,0.0,0.0,0.0,0.0,0.0,0.0,0.0,0.0
hbase-server/src/test/java/org/apache/hadoop/hbase/io/hfile/bucket,191,72,0.44333333333333336,6.0,3,1.0,0,1,1,0.0,0.0,0.0,0.0,0.0,0.0,0.0,0.0,0.0
hbase-server/src/test/java/org/apache/hadoop/hbase/filter,4432,1083,0.3734782608695652,6.826086956521739,23,0.503814367450731,7,4,11,4.0,156.0,326.0,2.0,0.75,0.0,2.0,0.0,0.0
hbase-server/src/test/java/org/apache/hadoop/hbase/regionserver,19247,4226,0.3168,13.773333333333333,75,0.3134888212136968,23,6,29,30.0,1742.0,1670.0,9.0,0.26666666666666666,3.0,6.0,1.0,1.0
hbase-server/src/test/java/org/apache/hadoop/hbase/regionserver/wal,4683,1160,0.5931818181818183,13.772727272727273,22,0.6090283091048202,21,3,24,11.0,60.0,37.0,4.0,0.6363636363636364,0.0,4.0,1.0,1.0
hbase-server/src/test/java/org/apache/hadoop/hbase/regionserver/handler,323,139,0.445,0.0,2,0.462890625,3,4,7,2.0,70.0,21.0,2.0,0.5,0.0,2.0,0.0,0.0
hbase-server/src/test/java/org/apache/hadoop/hbase/regionserver/compactions,491,223,0.63,1.5454545454545454,11,0.8996458087367178,1,2,3,0.0,0.0,0.0,0.0,0.0,0.0,0.0,0.0,0.0
hbase-server/src/test/java/org/apache/hadoop/hbase/constraint,333,237,1.76,1.5714285714285714,7,0.9332321699544764,3,1,4,1.0,0.0,5.0,1.0,1.0,0.0,1.0,0.0,0.0
hbase-server/src/test/java/org/apache/hadoop/hbase/procedure,1185,446,0.378,4.8,5,0.9780042918454935,3,1,4,1.0,3.0,2.0,1.0,1.0,0.0,1.0,0.0,0.0
hbase-server/src/test/java/org/apache/hadoop/hbase/executor,114,31,0.27,5.0,1,0.7443181818181818,3,3,6,0.0,0.0,0.0,0.0,0.0,0.0,0.0,0.0,0.0
hbase-server/src/test/java/org/apache/hadoop/hbase/monitoring,100,53,0.53,1.0,2,0.8956043956043956,4,1,5,0.0,0.0,0.0,0.0,0.0,0.0,0.0,0.0,0.0
hbase-server/src/test/java/org/apache/hadoop/hbase/security,69,27,0.39,1.0,1,0.6909090909090909,1,2,3,0.0,0.0,0.0,0.0,0.0,0.0,0.0,0.0,0.0
hbase-server/src/test/java/org/apache/hadoop/hbase/security/access,2438,250,0.176,11.2,5,0.39927464556544673,9,4,13,4.0,22.0,17.0,3.0,0.5,0.0,3.0,0.0,0.0
hbase-server/src/test/java/org/apache/hadoop/hbase/security/token,497,78,0.17,9.0,2,0.8711656441717791,2,2,4,3.0,13.0,16.0,3.0,0.3333333333333333,0.0,3.0,1.0,1.0
hbase-server/src/test/java/org/apache/hadoop/hbase/replication,1936,530,0.6099999999999999,10.533333333333333,15,0.4474431818181818,6,3,9,8.0,345.0,240.0,4.0,0.375,0.0,4.0,1.0,1.0
hbase-server/src/test/java/org/apache/hadoop/hbase/replication/regionserver,784,145,0.20500000000000002,8.5,4,0.4990990990990991,2,3,5,1.0,4.0,2.0,1.0,1.0,0.0,1.0,1.0,1.0
hbase-server/src/test/java/org/apache/hadoop/hbase/master,7905,2542,0.46599999999999997,13.6,30,0.46261165461505743,16,5,21,27.0,901.0,302.0,9.0,0.25925925925925924,4.0,5.0,1.0,3.0
hbase-server/src/test/java/org/apache/hadoop/hbase/master/balancer,975,250,0.29599999999999993,13.8,5,0.5513673318551368,1,3,4,2.0,50.0,9.0,2.0,0.5,0.0,2.0,1.0,2.0
hbase-server/src/test/java/org/apache/hadoop/hbase/master/snapshot,369,122,0.3875,0.25,4,0.9664902998236331,2,1,3,0.0,0.0,0.0,0.0,0.0,0.0,0.0,0.0,0.0
hbase-server/src/test/java/org/apache/hadoop/hbase/master/cleaner,852,270,0.30999999999999994,3.4,5,0.3943338437978561,7,4,11,6.0,37.0,24.0,4.0,0.5,0.0,4.0,1.0,1.0
hbase-server/src/test/java/org/apache/hadoop/hbase/master/handler,358,92,0.26999999999999996,5.666666666666667,3,0.2978303747534517,1,5,6,3.0,61.0,13.0,3.0,0.3333333333333333,0.0,3.0,0.0,0.0
hbase-server/src/test/java/org/apache/hadoop/hbase/util,6821,1778,0.4456410256410257,9.846153846153847,39,0.21897362502555714,18,7,25,3.0,4.0,14.0,2.0,0.6666666666666666,0.0,2.0,1.0,2.0
hbase-server/src/test/java/org/apache/hadoop/hbase/util/hbck,435,177,0.466,2.4,5,0.7675753228120517,6,2,8,3.0,8.0,8.0,2.0,0.6666666666666666,0.0,2.0,0.0,0.0
hbase-server/src/test/java/org/apache/hadoop/hbase/ipc,732,202,0.3833333333333333,3.1666666666666665,6,0.5977011494252874,2,5,7,2.0,54.0,11.0,1.0,1.0,0.0,1.0,1.0,1.0
hbase-server/src/test/java/org/apache/hadoop/hbase/ipc/protobuf/generated,2855,238,0.08666666666666667,53.333333333333336,3,1.0,0,1,1,1.0,1145.0,714.0,1.0,1.0,0.0,1.0,0.0,0.0
hbase-server/src/main/python/hbase,96,34,0.35,14.0,1,0.9019607843137255,0,2,2,0.0,0.0,0.0,0.0,0.0,0.0,0.0,0.0,0.0
hbase-server/src/main/java/org/apache/hadoop/hbase,1103,673,1.3685714285714283,5.857142857142857,14,0.5831632653061225,10,4,14,2.0,9.0,3.0,2.0,0.5,0.0,2.0,0.0,0.0
hbase-server/src/main/java/org/apache/hadoop/hbase/mapreduce,5229,2799,4.815500000000002,12.375,40,0.43383527264430755,15,5,20,12.0,115.0,69.0,4.0,0.4166666666666667,0.0,4.0,1.0,2.0
hbase-server/src/main/java/org/apache/hadoop/hbase/mapreduce/hadoopbackport,130,31,0.24,18.0,1,1.0,0,1,1,0.0,0.0,0.0,0.0,0.0,0.0,0.0,0.0,0.0
hbase-server/src/main/java/org/apache/hadoop/hbase/mapreduce/replication,219,56,0.26,27.0,1,0.864406779661017,1,2,3,2.0,6.0,5.0,2.0,0.5,0.0,2.0,0.0,0.0
hbase-server/src/main/java/org/apache/hadoop/hbase/client,275,38,0.14,3.0,1,0.9869451697127938,1,1,2,1.0,5.0,18.0,1.0,1.0,0.0,1.0,0.0,0.0
hbase-server/src/main/java/org/apache/hadoop/hbase/client/coprocessor,25,22,0.88,1.0,1,0.5294117647058824,1,3,4,2.0,6.0,5.0,2.0,0.5,0.0,2.0,0.0,0.0
hbase-server/src/main/java/org/apache/hadoop/hbase/zookeeper,775,391,0.657,5.9,10,0.7023901310717039,9,4,13,1.0,5.0,2.0,1.0,1.0,0.0,1.0,1.0,1.0
hbase-server/src/main/java/org/apache/hadoop/hbase/zookeeper/lock,395,206,0.87,8.25,4,0.9877862595419847,2,1,3,0.0,0.0,0.0,0.0,0.0,0.0,0.0,0.0,0.0
hbase-server/src/main/java/org/apache/hadoop/hbase/errorhandling,268,290,2.1166666666666667,2.8333333333333335,6,0.965742251223491,2,1,3,1.0,3.0,7.0,1.0,1.0,0.0,1.0,0.0,0.0
hbase-server/src/main/java/org/apache/hadoop/hbase/backup,382,230,0.6,43.0,1,0.7956521739130434,3,2,5,2.0,11.0,12.0,1.0,1.0,0.0,1.0,0.0,0.0
hbase-server/src/main/java/org/apache/hadoop/hbase/backup/example,348,353,1.114,3.8,5,0.979381443298969,3,1,4,1.0,1.0,1.0,1.0,1.0,0.0,1.0,0.0,0.0
hbase-server/src/main/java/org/apache/hadoop/hbase/fs,220,126,0.57,20.0,1,0.44473684210526315,5,3,8,1.0,4.0,1.0,1.0,1.0,0.0,1.0,0.0,0.0
hbase-server/src/main/java/org/apache/hadoop/hbase/mapred,962,850,8.525000000000002,3.1875,16,0.6788617886178862,6,2,8,8.0,81.0,20.0,3.0,0.5,0.0,3.0,1.0,1.0
hbase-server/src/main/java/org/apache/hadoop/hbase/coprocessor,1859,2001,19.353125,2.875,16,0.29567251461988303,8,7,15,7.0,163.0,43.0,4.0,0.42857142857142855,0.0,4.0,0.0,0.0
hbase-server/src/main/java/org/apache/hadoop/hbase/protobuf,114,40,0.35,8.0,1,0.47878787878787876,2,2,4,2.0,3.0,33.0,2.0,0.5,0.0,2.0,0.0,0.0
hbase-server/src/main/java/org/apache/hadoop/hbase/tool,200,62,0.31,26.0,1,0.9932885906040269,2,1,3,0.0,0.0,0.0,0.0,0.0,0.0,0.0,0.0,0.0
hbase-server/src/main/java/org/apache/hadoop/hbase/codec,58,23,0.4,0.0,1,0.9888888888888889,1,1,2,1.0,1.0,2.0,1.0,1.0,0.0,1.0,0.0,0.0
hbase-server/src/main/java/org/apache/hadoop/hbase/rest,2536,665,0.6970833333333332,10.708333333333334,24,0.7030851967166714,9,3,12,10.0,328.0,248.0,5.0,0.4,0.0,5.0,0.0,0.0
hbase-server/src/main/java/org/apache/hadoop/hbase/rest/model,1983,1188,0.8415384615384617,11.076923076923077,13,0.9052092228864219,6,1,7,3.0,55.0,16.0,2.0,0.6666666666666666,0.0,2.0,0.0,0.0
hbase-server/src/main/java/org/apache/hadoop/hbase/rest/client,1264,479,0.732,18.8,5,0.7279335410176532,9,3,12,7.0,38.0,20.0,5.0,0.2857142857142857,0.0,5.0,0.0,0.0
hbase-server/src/main/java/org/apache/hadoop/hbase/rest/protobuf/generated,11203,3027,0.25,127.55555555555556,9,0.39742305894919555,2,3,5,1.0,5953.0,2290.0,1.0,1.0,0.0,1.0,0.0,0.0
hbase-server/src/main/java/org/apache/hadoop/hbase/rest/provider,60,46,2.055,0.0,2,0.725,0,2,2,0.0,0.0,0.0,0.0,0.0,0.0,0.0,0.0,0.0
hbase-server/src/main/java/org/apache/hadoop/hbase/rest/provider/consumer,59,22,0.37,3.0,1,0.9772727272727273,1,1,2,0.0,0.0,0.0,0.0,0.0,0.0,0.0,0.0,0.0
hbase-server/src/main/java/org/apache/hadoop/hbase/rest/provider/producer,89,48,0.5449999999999999,0.0,2,0.9741935483870968,1,1,2,0.0,0.0,0.0,0.0,0.0,0.0,0.0,0.0,0.0
hbase-server/src/main/java/org/apache/hadoop/hbase/rest/filter,318,117,0.4483333333333334,3.8333333333333335,6,0.7964071856287425,1,2,3,0.0,0.0,0.0,0.0,0.0,0.0,0.0,0.0,0.0
hbase-server/src/main/java/org/apache/hadoop/hbase/migration,580,124,0.215,38.5,2,0.9883870967741936,1,1,2,6.0,82.0,29.0,3.0,0.6666666666666666,0.0,3.0,1.0,2.0
hbase-server/src/main/java/org/apache/hadoop/hbase/trace,119,48,0.545,4.0,2,0.5263157894736842,0,2,2,1.0,0.0,1.0,1.0,1.0,0.0,1.0,0.0,0.0
hbase-server/src/main/java/org/apache/hadoop/hbase/snapshot,2040,1020,0.6525,16.916666666666668,12,0.8708357685563998,4,2,6,7.0,95.0,22.0,3.0,0.42857142857142855,0.0,3.0,1.0,1.0
hbase-server/src/main/java/org/apache/hadoop/hbase/catalog,400,275,0.63,14.0,2,0.621438263229308,3,5,8,6.0,99.0,69.0,2.0,0.6666666666666666,0.0,2.0,0.0,0.0
hbase-server/src/main/java/org/apache/hadoop/hbase/io,1003,770,1.3080000000000003,7.9,10,0.6730964467005076,9,3,12,5.0,56.0,13.0,5.0,0.2,0.0,5.0,0.0,0.0
hbase-server/src/main/java/org/apache/hadoop/hbase/io/hfile,6408,3739,1.3328125000000002,16.6875,32,0.4150307013750757,18,3,21,8.0,149.0,109.0,5.0,0.375,0.0,5.0,1.0,1.0
hbase-server/src/main/java/org/apache/hadoop/hbase/io/hfile/slab,575,259,1.335,9.5,4,0.816580310880829,3,2,5,0.0,0.0,0.0,0.0,0.0,0.0,0.0,0.0,0.0
hbase-server/src/main/java/org/apache/hadoop/hbase/io/hfile/bucket,1507,567,1.202,17.6,10,0.9991419991419992,2,1,3,2.0,2.0,2.0,2.0,0.5,0.0,2.0,0.0,0.0
hbase-server/src/main/java/org/apache/hadoop/hbase/regionserver,19866,10272,1.3926744186046507,28.36046511627907,86,0.31590977443609025,25,6,31,48.0,1726.0,1570.0,16.0,0.2916666666666667,10.0,6.0,1.0,10.0
hbase-server/src/main/java/org/apache/hadoop/hbase/regionserver/wal,5000,2193,0.9088,22.88,25,0.5931755225384034,19,3,22,23.0,559.0,393.0,6.0,0.6086956521739131,3.0,3.0,0.0,0.0
hbase-server/src/main/java/org/apache/hadoop/hbase/regionserver/snapshot,296,188,0.6100000000000001,5.5,2,0.9590316573556797,5,1,6,0.0,0.0,0.0,0.0,0.0,0.0,0.0,0.0,0.0
hbase-server/src/main/java/org/apache/hadoop/hbase/regionserver/handler,603,281,0.716,9.2,5,0.558792924037461,8,4,12,7.0,40.0,22.0,4.0,0.42857142857142855,0.0,4.0,1.0,1.0
hbase-server/src/main/java/org/apache/hadoop/hbase/regionserver/compactions,963,581,0.8881818181818185,7.909090909090909,11,0.4325581395348837,7,4,11,3.0,8.0,4.0,3.0,0.3333333333333333,0.0,3.0,0.0,0.0
hbase-server/src/main/java/org/apache/hadoop/hbase/constraint,335,726,46.10333333333333,3.6666666666666665,6,0.9308231173380035,2,2,4,0.0,0.0,0.0,0.0,0.0,0.0,0.0,1.0,1.0
hbase-server/src/main/java/org/apache/hadoop/hbase/procedure,1163,969,1.7870000000000001,8.2,10,0.9260832625318607,5,1,6,4.0,18.0,27.0,3.0,0.5,0.0,3.0,0.0,0.0
hbase-server/src/main/java/org/apache/hadoop/hbase/executor,303,217,0.92,12.0,2,0.6286701208981001,6,2,8,1.0,0.0,3.0,1.0,1.0,0.0,1.0,0.0,0.0
hbase-server/src/main/java/org/apache/hadoop/hbase/monitoring,676,344,0.6466666666666666,5.333333333333333,9,0.580952380952381,1,2,3,0.0,0.0,0.0,0.0,0.0,0.0,0.0,1.0,1.0
hbase-server/src/main/java/org/apache/hadoop/hbase/metrics,418,189,0.5459999999999999,9.8,5,0.8064046579330422,4,2,6,1.0,25.0,25.0,1.0,1.0,0.0,1.0,0.0,0.0
hbase-server/src/main/java/org/apache/hadoop/hbase/metrics/histogram,159,46,0.29,11.0,1,0.9166666666666666,0,2,2,0.0,0.0,0.0,0.0,0.0,0.0,0.0,0.0,0.0
hbase-server/src/main/java/org/apache/hadoop/hbase/security,183,48,0.465,14.5,2,0.7559055118110236,4,2,6,1.0,2.0,4.0,1.0,1.0,0.0,1.0,0.0,0.0
hbase-server/src/main/java/org/apache/hadoop/hbase/security/access,3240,890,0.5311111111111111,49.333333333333336,9,0.34029136768862794,17,4,21,12.0,60.0,50.0,5.0,0.3333333333333333,0.0,5.0,0.0,0.0
hbase-server/src/main/java/org/apache/hadoop/hbase/security/token,720,179,0.26,10.4,5,0.9582504970178927,4,1,5,1.0,6.0,6.0,1.0,1.0,0.0,1.0,0.0,0.0
hbase-server/src/main/java/org/apache/hadoop/hbase/replication/regionserver,1592,823,0.8999999999999999,18.333333333333332,9,0.6432103461392165,6,4,10,5.0,51.0,42.0,3.0,0.4,0.0,3.0,0.0,0.0
hbase-server/src/main/java/org/apache/hadoop/hbase/replication/master,116,32,0.28,13.0,1,0.484472049689441,2,2,4,3.0,37.0,42.0,2.0,0.6666666666666666,0.0,2.0,0.0,0.0
hbase-server/src/main/java/org/apache/hadoop/hbase/master,12409,4332,0.7799999999999999,45.47222222222222,36,0.3675690456658463,23,4,27,45.0,2211.0,4840.0,13.0,0.3333333333333333,9.0,4.0,1.0,5.0
hbase-server/src/main/java/org/apache/hadoop/hbase/master/balancer,2293,942,0.7742857142857142,23.5,14,0.397103033615742,5,4,9,10.0,352.0,208.0,3.0,0.4,0.0,3.0,1.0,2.0
hbase-server/src/main/java/org/apache/hadoop/hbase/master/snapshot,1656,846,0.506,13.3,10,0.7134711332858161,6,2,8,6.0,248.0,125.0,3.0,0.6666666666666666,0.0,3.0,1.0,2.0
hbase-server/src/main/java/org/apache/hadoop/hbase/master/cleaner,402,342,1.436,3.3,10,0.4932844932844933,3,3,6,1.0,115.0,101.0,1.0,1.0,0.0,1.0,0.0,0.0
hbase-server/src/main/java/org/apache/hadoop/hbase/master/handler,1917,609,0.514375,12.6875,16,0.4965163182984965,11,6,17,6.0,109.0,332.0,3.0,0.5,0.0,3.0,1.0,1.0
hbase-server/src/main/java/org/apache/hadoop/hbase/util,9217,4477,1.0304081632653062,23.836734693877553,49,0.3555452926040773,22,5,27,24.0,631.0,268.0,7.0,0.3333333333333333,3.0,4.0,1.0,3.0
hbase-server/src/main/java/org/apache/hadoop/hbase/util/hbck,425,287,1.282,7.4,5,0.48419721871049304,4,3,7,1.0,1.0,1.0,1.0,1.0,0.0,1.0,0.0,0.0
hbase-server/src/main/java/org/apache/hadoop/hbase/ipc,2074,759,2.537,24.5,10,0.8495632481397606,8,2,10,4.0,42.0,41.0,3.0,0.5,0.0,3.0,1.0,1.0
hbase-server/src/main/native/src/mlockall_agent,93,34,0.37,13.0,1,1.0,0,1,1,0.0,0.0,0.0,0.0,0.0,0.0,0.0,0.0,0.0
hbase-prefix-tree/src/test/java/org/apache/hadoop/hbase/codec/keyvalue,30,17,0.57,0.0,1,0.9636363636363636,1,1,2,0.0,0.0,0.0,0.0,0.0,0.0,0.0,0.0,0.0
hbase-prefix-tree/src/test/java/org/apache/hadoop/hbase/codec/prefixtree,5,17,3.4,0.0,1,0.9629629629629629,1,1,2,0.0,0.0,0.0,0.0,0.0,0.0,0.0,0.0,0.0
hbase-prefix-tree/src/test/java/org/apache/hadoop/hbase/codec/prefixtree/builder,119,51,0.5366666666666666,1.0,3,0.9303482587064676,2,1,3,0.0,0.0,0.0,0.0,0.0,0.0,0.0,0.0,0.0
hbase-prefix-tree/src/test/java/org/apache/hadoop/hbase/codec/prefixtree/builder/data,43,43,1.0050000000000001,0.0,2,0.9615384615384616,1,1,2,0.0,0.0,0.0,0.0,0.0,0.0,0.0,0.0,0.0
hbase-prefix-tree/src/test/java/org/apache/hadoop/hbase/codec/prefixtree/timestamp,85,34,0.54,1.5,2,0.9343065693430657,0,2,2,0.0,0.0,0.0,0.0,0.0,0.0,0.0,0.0,0.0
hbase-prefix-tree/src/test/java/org/apache/hadoop/hbase/codec/prefixtree/timestamp/data,85,51,0.6033333333333334,0.0,3,0.9629629629629629,1,1,2,0.0,0.0,0.0,0.0,0.0,0.0,0.0,0.0,0.0
hbase-prefix-tree/src/test/java/org/apache/hadoop/hbase/codec/prefixtree/column,104,39,0.54,3.0,2,0.9212121212121213,1,2,3,0.0,0.0,0.0,0.0,0.0,0.0,0.0,0.0,0.0
hbase-prefix-tree/src/test/java/org/apache/hadoop/hbase/codec/prefixtree/column/data,62,34,0.56,1.0,2,0.9035087719298246,1,2,3,0.0,0.0,0.0,0.0,0.0,0.0,0.0,0.0,0.0
hbase-prefix-tree/src/test/java/org/apache/hadoop/hbase/codec/prefixtree/blockmeta,55,17,0.31,0.0,1,0.9302325581395349,0,2,2,1.0,4.0,0.0,1.0,1.0,0.0,1.0,0.0,0.0
hbase-prefix-tree/src/test/java/org/apache/hadoop/hbase/codec/prefixtree/row,363,99,0.36999999999999994,6.0,4,0.8386491557223265,0,3,3,0.0,0.0,0.0,0.0,0.0,0.0,0.0,0.0,0.0
hbase-prefix-tree/src/test/java/org/apache/hadoop/hbase/codec/prefixtree/row/data,715,358,0.5925,1.1875,16,0.9256651017214398,1,2,3,0.0,0.0,0.0,0.0,0.0,0.0,0.0,0.0,0.0
hbase-prefix-tree/src/test/java/org/apache/hadoop/hbase/util/vint,236,55,0.23666666666666666,1.0,3,0.9786585365853658,1,1,2,0.0,0.0,0.0,0.0,0.0,0.0,0.0,0.0,0.0
hbase-prefix-tree/src/test/java/org/apache/hadoop/hbase/util/number,22,35,1.6099999999999999,1.5,2,0.9701492537313433,1,1,2,0.0,0.0,0.0,0.0,0.0,0.0,0.0,0.0,0.0
hbase-prefix-tree/src/test/java/org/apache/hadoop/hbase/util/bytes,12,17,1.42,0.0,1,0.9142857142857143,1,2,3,0.0,0.0,0.0,0.0,0.0,0.0,0.0,0.0,0.0
hbase-prefix-tree/src/test/java/org/apache/hadoop/hbase/util/comparator,9,17,1.89,0.0,1,0.96875,1,1,2,0.0,0.0,0.0,0.0,0.0,0.0,0.0,0.0,0.0
hbase-prefix-tree/src/main/java/org/apache/hadoop/hbase/codec/prefixtree,959,179,0.3666666666666667,20.0,3,0.8973977695167287,2,2,4,3.0,89.0,10.0,2.0,0.6666666666666666,0.0,2.0,0.0,0.0
hbase-prefix-tree/src/main/java/org/apache/hadoop/hbase/codec/prefixtree/encode,335,205,1.3925,2.0,4,0.9567233384853169,2,1,3,0.0,0.0,0.0,0.0,0.0,0.0,0.0,0.0,0.0
hbase-prefix-tree/src/main/java/org/apache/hadoop/hbase/codec/prefixtree/encode/other,136,62,0.665,5.0,2,0.9880478087649402,1,1,2,0.0,0.0,0.0,0.0,0.0,0.0,0.0,0.0,0.0
hbase-prefix-tree/src/main/java/org/apache/hadoop/hbase/codec/prefixtree/encode/tokenize,576,288,1.374,12.2,5,0.9904580152671756,2,1,3,0.0,0.0,0.0,0.0,0.0,0.0,0.0,0.0,0.0
hbase-prefix-tree/src/main/java/org/apache/hadoop/hbase/codec/prefixtree/encode/column,186,84,0.47500000000000003,7.5,2,0.9698795180722891,1,1,2,0.0,0.0,0.0,0.0,0.0,0.0,0.0,0.0,0.0
hbase-prefix-tree/src/main/java/org/apache/hadoop/hbase/codec/prefixtree/encode/row,320,98,0.305,14.5,2,0.9742063492063492,2,1,3,0.0,0.0,0.0,0.0,0.0,0.0,0.0,0.0,0.0
hbase-prefix-tree/src/main/java/org/apache/hadoop/hbase/codec/prefixtree/decode,922,295,0.49500000000000005,21.0,6,0.9390581717451524,3,1,4,3.0,27.0,5.0,2.0,0.6666666666666666,0.0,2.0,0.0,0.0
hbase-prefix-tree/src/main/java/org/apache/hadoop/hbase/codec/prefixtree/decode/timestamp,46,46,1.0,1.0,2,0.9473684210526315,0,2,2,0.0,0.0,0.0,0.0,0.0,0.0,0.0,0.0,0.0
hbase-prefix-tree/src/main/java/org/apache/hadoop/hbase/codec/prefixtree/decode/column,113,48,0.42500000000000004,4.0,2,0.9711538461538461,1,1,2,0.0,0.0,0.0,0.0,0.0,0.0,0.0,0.0,0.0
hbase-prefix-tree/src/main/java/org/apache/hadoop/hbase/codec/prefixtree/decode/row,182,32,0.18,5.0,1,0.9775280898876404,2,1,3,0.0,0.0,0.0,0.0,0.0,0.0,0.0,0.0,0.0
hbase-prefix-tree/src/main/java/org/apache/hadoop/hbase/codec/prefixtree/scanner,32,175,5.373333333333334,0.0,3,0.6336206896551724,1,2,3,1.0,1.0,3.0,1.0,1.0,0.0,1.0,0.0,0.0
hbase-prefix-tree/src/main/java/org/apache/hadoop/hbase/util/vint,191,108,0.5766666666666667,6.333333333333333,3,0.9912790697674418,1,1,2,0.0,0.0,0.0,0.0,0.0,0.0,0.0,0.0,0.0
hbase-prefix-tree/src/main/java/org/apache/hadoop/hbase/util/byterange,110,38,0.35,7.0,1,0.9723756906077348,2,1,3,0.0,0.0,0.0,0.0,0.0,0.0,0.0,0.0,0.0
hbase-prefix-tree/src/main/java/org/apache/hadoop/hbase/util/byterange/impl,48,45,0.94,1.0,2,0.954954954954955,2,1,3,0.0,0.0,0.0,0.0,0.0,0.0,0.0,0.0,0.0
hbase-common/src/test/java/org/apache/hadoop/hbase,1572,642,3.3892857142857147,8.357142857142858,14,0.47680516337232753,8,4,12,4.0,41.0,38.0,3.0,0.5,0.0,3.0,0.0,0.0
hbase-common/src/test/java/org/apache/hadoop/hbase/types,772,206,0.3966666666666666,5.888888888888889,9,0.8038147138964578,1,2,3,2.0,57.0,14.0,2.0,0.5,0.0,2.0,0.0,0.0
hbase-common/src/test/java/org/apache/hadoop/hbase/codec,198,38,0.195,0.0,2,1.0,0,1,1,0.0,0.0,0.0,0.0,0.0,0.0,0.0,0.0,0.0
hbase-common/src/test/java/org/apache/hadoop/hbase/util,1877,606,0.5746666666666668,8.866666666666667,15,0.3898968338669513,8,5,13,2.0,270.0,83.0,2.0,0.5,0.0,2.0,1.0,2.0
hbase-common/src/main/java/org/apache/hadoop/hbase,2919,2372,1.59875,12.5,16,0.4860353660551975,20,4,24,27.0,801.0,897.0,9.0,0.3333333333333333,5.0,4.0,1.0,4.0
hbase-common/src/main/java/org/apache/hadoop/hbase/types,1253,1193,2.520303030303031,1.696969696969697,33,0.8675945753033547,3,2,5,3.0,52.0,11.0,3.0,0.3333333333333333,0.0,3.0,0.0,0.0
hbase-common/src/main/java/org/apache/hadoop/hbase/codec,208,177,1.0833333333333333,0.8333333333333334,6,0.8883720930232558,1,2,3,1.0,19.0,0.0,1.0,1.0,0.0,1.0,0.0,0.0
hbase-common/src/main/java/org/apache/hadoop/hbase/io,387,358,2.275714285714286,3.857142857142857,7,0.34850299401197604,5,4,9,1.0,4.0,0.0,1.0,1.0,0.0,1.0,0.0,0.0
hbase-common/src/main/java/org/apache/hadoop/hbase/io/encoding,1808,790,1.0850000000000002,11.642857142857142,14,0.932157394843962,7,1,8,5.0,31.0,16.0,2.0,0.8,0.0,2.0,0.0,0.0
hbase-common/src/main/java/org/apache/hadoop/hbase/io/hfile,108,70,0.65,7.0,1,0.6940639269406392,1,3,4,0.0,0.0,0.0,0.0,0.0,0.0,0.0,0.0,0.0
hbase-common/src/main/java/org/apache/hadoop/hbase/io/compress,452,116,0.265,19.0,2,0.41965678627145087,5,4,9,3.0,3.0,2.0,3.0,0.3333333333333333,0.0,3.0,0.0,0.0
hbase-common/src/main/java/org/apache/hadoop/hbase/util,5601,4626,1.1561904761904767,16.071428571428573,42,0.25540240106714096,15,5,20,9.0,162.0,67.0,5.0,0.4444444444444444,0.0,5.0,1.0,4.0
hbase-common/src/main/java/org/apache/hadoop/hbase/util/test,342,172,1.7300000000000002,7.0,3,0.4396694214876033,3,3,6,1.0,7.0,0.0,1.0,1.0,0.0,1.0,0.0,0.0
hbase-client/src/test/java/org/apache/hadoop/hbase/client,1555,405,0.38,3.1,10,0.35638297872340424,7,4,11,11.0,235.0,92.0,4.0,0.36363636363636365,0.0,4.0,1.0,5.0
hbase-client/src/test/java/org/apache/hadoop/hbase/ipc,295,69,0.235,6.5,2,0.8619854721549637,1,2,3,2.0,40.0,16.0,2.0,0.5,0.0,2.0,0.0,0.0
hbase-client/src/main/java/org/apache/hadoop/hbase,3620,2800,1.500263157894737,9.052631578947368,38,0.48584706379383186,19,4,23,9.0,116.0,82.0,4.0,0.3333333333333333,0.0,4.0,1.0,7.0
hbase-client/src/main/java/org/apache/hadoop/hbase/client,10109,7095,4.60155172413793,14.879310344827585,58,0.4590059473237043,25,5,30,49.0,1102.0,1130.0,12.0,0.32653061224489793,6.0,6.0,1.0,15.0
hbase-client/src/main/java/org/apache/hadoop/hbase/client/coprocessor,324,361,45.872,3.4,5,0.3949801849405548,3,5,8,5.0,74.0,77.0,3.0,0.6,0.0,3.0,1.0,1.0
hbase-client/src/main/java/org/apache/hadoop/hbase/client/metrics,42,74,1.76,2.0,1,0.5957446808510638,2,2,4,1.0,6.0,7.0,1.0,1.0,0.0,1.0,0.0,0.0
hbase-client/src/main/java/org/apache/hadoop/hbase/client/replication,113,95,0.84,5.0,1,0.6724137931034483,1,4,5,3.0,24.0,20.0,3.0,0.3333333333333333,0.0,3.0,0.0,0.0
hbase-client/src/main/java/org/apache/hadoop/hbase/zookeeper,3529,2244,0.8980000000000001,21.066666666666666,15,0.6244597406755242,17,3,20,6.0,140.0,87.0,2.0,0.6666666666666666,0.0,2.0,1.0,2.0
hbase-client/src/main/java/org/apache/hadoop/hbase/coprocessor,55,168,2.71,0.0,2,0.4007936507936508,2,4,6,2.0,27.0,8.0,1.0,1.0,0.0,1.0,0.0,0.0
hbase-client/src/main/java/org/apache/hadoop/hbase/protobuf,2649,1261,0.5366666666666666,108.66666666666667,3,0.8027456647398844,15,2,17,12.0,464.0,326.0,5.0,0.6666666666666666,0.0,5.0,1.0,10.0
hbase-client/src/main/java/org/apache/hadoop/hbase/snapshot,187,296,1.657,0.3,10,0.8246268656716418,4,2,6,2.0,9.0,3.0,2.0,0.5,0.0,2.0,0.0,0.0
hbase-client/src/main/java/org/apache/hadoop/hbase/catalog,558,432,0.8,27.5,2,0.8738140417457305,10,1,11,5.0,33.0,30.0,4.0,0.4,0.0,4.0,0.0,0.0
hbase-client/src/main/java/org/apache/hadoop/hbase/filter,3929,2741,1.6977500000000003,10.25,40,0.5724091520861373,8,6,14,5.0,416.0,179.0,2.0,0.6,0.0,2.0,1.0,1.0
hbase-client/src/main/java/org/apache/hadoop/hbase/regionserver,102,191,1.9250000000000003,0.0,8,0.6565349544072948,4,4,8,1.0,19.0,6.0,1.0,1.0,0.0,1.0,0.0,0.0
hbase-client/src/main/java/org/apache/hadoop/hbase/regionserver/wal,15,28,1.87,0.0,1,0.75,3,3,6,1.0,3.0,1.0,1.0,1.0,0.0,1.0,0.0,0.0
hbase-client/src/main/java/org/apache/hadoop/hbase/exceptions,260,258,1.3880000000000003,1.6,10,0.218213058419244,2,8,10,0.0,0.0,0.0,0.0,0.0,0.0,0.0,1.0,2.0
hbase-client/src/main/java/org/apache/hadoop/hbase/executor,88,238,2.225,1.0,2,0.5086206896551724,1,3,4,2.0,23.0,9.0,2.0,0.5,0.0,2.0,0.0,0.0
hbase-client/src/main/java/org/apache/hadoop/hbase/security,591,321,0.9775,5.75,8,0.5134061569016882,3,3,6,3.0,19.0,25.0,2.0,0.6666666666666666,0.0,2.0,0.0,0.0
hbase-client/src/main/java/org/apache/hadoop/hbase/security/access,490,240,0.5266666666666667,22.333333333333332,3,0.7378048780487805,2,2,4,1.0,3.0,3.0,1.0,1.0,0.0,1.0,0.0,0.0
hbase-client/src/main/java/org/apache/hadoop/hbase/security/token,167,39,0.35500000000000004,7.0,2,0.9747899159663865,1,1,2,0.0,0.0,0.0,0.0,0.0,0.0,0.0,0.0,0.0
hbase-client/src/main/java/org/apache/hadoop/hbase/replication,1245,810,1.8921428571428573,6.142857142857143,14,0.5544292639929485,3,2,5,2.0,109.0,68.0,1.0,1.0,0.0,1.0,0.0,0.0
hbase-client/src/main/java/org/apache/hadoop/hbase/master,279,67,0.24,30.0,1,0.947103274559194,2,1,3,3.0,82.0,8.0,2.0,0.6666666666666666,0.0,2.0,0.0,0.0
hbase-client/src/main/java/org/apache/hadoop/hbase/util,527,249,0.75,9.4,5,0.9267734553775744,7,1,8,1.0,4.0,8.0,1.0,1.0,0.0,1.0,0.0,0.0
hbase-client/src/main/java/org/apache/hadoop/hbase/ipc,1750,969,0.9652941176470589,10.411764705882353,17,0.6430252100840336,12,4,16,11.0,198.0,104.0,4.0,0.6363636363636364,0.0,4.0,0.0,0.0
dev-support/jenkins-tools/buildstats/src/main/java/org/apache/hadoop/hbase/devtools/buildstats,327,106,0.5,7.4,5,1.0,0,1,1,0.0,0.0,0.0,0.0,0.0,0.0,0.0,0.0,0.0
bin,561,200,0.5125,17.75,4,0.6808009422850412,7,3,10,11.0,134.0,93.0,6.0,0.36363636363636365,0.0,6.0,1.0,3.0
bin/replication,33,25,0.76,2.0,1,1.0,0,1,1,0.0,0.0,0.0,0.0,0.0,0.0,0.0,0.0,0.0
hbase-thrift/src/test/java/org/apache/hadoop/hbase/thrift,713,220,0.26,9.666666666666666,3,0.4658040665434381,6,3,9,4.0,47.0,17.0,1.0,1.0,0.0,1.0,0.0,0.0
hbase-thrift/src/test/java/org/apache/hadoop/hbase/thrift2,697,91,0.13,14.0,1,0.5159574468085106,2,2,4,0.0,0.0,0.0,0.0,0.0,0.0,0.0,0.0,0.0
hbase-thrift/src/main/java/org/apache/hadoop/hbase/thrift,2380,480,0.43200000000000005,21.4,10,0.6714241390009308,14,2,16,1.0,0.0,1.0,1.0,1.0,0.0,1.0,0.0,0.0
hbase-thrift/src/main/java/org/apache/hadoop/hbase/thrift/generated,48284,5278,0.08923076923076922,501.9230769230769,13,0.3800042294991297,2,4,6,0.0,0.0,0.0,0.0,0.0,0.0,0.0,0.0,0.0
hbase-thrift/src/main/java/org/apache/hadoop/hbase/thrift2,833,182,0.21333333333333337,30.333333333333332,3,0.7046861184792219,3,2,5,0.0,0.0,0.0,0.0,0.0,0.0,0.0,0.0,0.0
hbase-thrift/src/main/java/org/apache/hadoop/hbase/thrift2/generated,21085,2298,0.1664705882352941,167.05882352941177,17,0.8214989771247908,0,2,2,0.0,0.0,0.0,0.0,0.0,0.0,0.0,0.0,0.0
hbase-hadoop2-compat/src/test/java/org/apache/hadoop/hbase,12,27,2.25,0.0,1,1.0,0,1,1,0.0,0.0,0.0,0.0,0.0,0.0,0.0,0.0,0.0
hbase-hadoop2-compat/src/test/java/org/apache/hadoop/hbase/thrift,25,22,0.88,0.0,1,0.8,0,2,2,0.0,0.0,0.0,0.0,0.0,0.0,0.0,0.0,0.0
hbase-hadoop2-compat/src/test/java/org/apache/hadoop/hbase/test,179,22,0.12,1.0,1,0.8979591836734694,0,2,2,0.0,0.0,0.0,0.0,0.0,0.0,0.0,0.0,0.0
hbase-hadoop2-compat/src/test/java/org/apache/hadoop/hbase/rest,14,20,1.43,0.0,1,0.75,0,3,3,0.0,0.0,0.0,0.0,0.0,0.0,0.0,0.0,0.0
hbase-hadoop2-compat/src/test/java/org/apache/hadoop/hbase/regionserver,96,41,0.65,0.0,2,0.8070175438596491,0,2,2,2.0,27.0,7.0,1.0,1.0,0.0,1.0,0.0,0.0
hbase-hadoop2-compat/src/test/java/org/apache/hadoop/hbase/regionserver/wal,15,17,1.13,0.0,1,0.5277777777777778,0,2,2,0.0,0.0,0.0,0.0,0.0,0.0,0.0,0.0,0.0
hbase-hadoop2-compat/src/test/java/org/apache/hadoop/hbase/metrics,48,20,0.42,0.0,1,0.9285714285714286,0,2,2,0.0,0.0,0.0,0.0,0.0,0.0,0.0,0.0,0.0
hbase-hadoop2-compat/src/test/java/org/apache/hadoop/hbase/replication/regionserver,14,18,1.29,0.0,1,0.7837837837837838,0,2,2,0.0,0.0,0.0,0.0,0.0,0.0,0.0,0.0,0.0
hbase-hadoop2-compat/src/test/java/org/apache/hadoop/hbase/master,18,20,1.11,0.0,1,0.75,0,2,2,0.0,0.0,0.0,0.0,0.0,0.0,0.0,0.0,0.0
hbase-hadoop2-compat/src/main/java/org/apache/hadoop/hbase/thrift,84,46,0.685,0.0,2,0.7843137254901961,1,2,3,2.0,17.0,14.0,2.0,0.5,0.0,2.0,0.0,0.0
hbase-hadoop2-compat/src/main/java/org/apache/hadoop/hbase/mapreduce,22,28,1.27,0.0,1,1.0,0,1,1,0.0,0.0,0.0,0.0,0.0,0.0,0.0,0.0,0.0
hbase-hadoop2-compat/src/main/java/org/apache/hadoop/hbase/rest,62,23,0.37,0.0,1,0.900990099009901,1,2,3,1.0,2.0,0.0,1.0,1.0,0.0,1.0,0.0,0.0
hbase-hadoop2-compat/src/main/java/org/apache/hadoop/hbase/regionserver,374,94,0.38749999999999996,2.0,4,0.9074733096085409,3,1,4,3.0,32.0,13.0,2.0,0.6666666666666666,0.0,2.0,0.0,0.0
hbase-hadoop2-compat/src/main/java/org/apache/hadoop/hbase/regionserver/wal,91,44,0.485,0.0,2,0.5094339622641509,1,2,3,1.0,4.0,0.0,1.0,1.0,0.0,1.0,0.0,0.0
hbase-hadoop2-compat/src/main/java/org/apache/hadoop/hbase/metrics,108,80,1.5,0.5,2,0.5701357466063348,1,3,4,1.0,6.0,2.0,1.0,1.0,0.0,1.0,0.0,0.0
hbase-hadoop2-compat/src/main/java/org/apache/hadoop/hbase/replication/regionserver,16,23,1.44,0.0,1,0.6222222222222222,1,3,4,1.0,2.0,0.0,1.0,1.0,0.0,1.0,0.0,0.0
hbase-hadoop2-compat/src/main/java/org/apache/hadoop/hbase/master,205,94,0.5680000000000001,0.4,5,0.6695156695156695,1,3,4,2.0,11.0,74.0,2.0,0.5,0.0,2.0,0.0,0.0
hbase-hadoop2-compat/src/main/java/org/apache/hadoop/hbase/master/balancer,31,17,0.55,0.0,1,0.9661016949152542,1,1,2,1.0,2.0,0.0,1.0,1.0,0.0,1.0,0.0,0.0
hbase-hadoop2-compat/src/main/java/org/apache/hadoop/hbase/ipc,125,38,0.43000000000000005,1.0,2,0.9742268041237113,1,1,2,1.0,5.0,0.0,1.0,1.0,0.0,1.0,0.0,0.0
hbase-hadoop2-compat/src/main/java/org/apache/hadoop/metrics2/impl,39,31,0.79,2.0,1,0.9012345679012346,1,2,3,1.0,5.0,3.0,1.0,1.0,0.0,1.0,0.0,0.0
hbase-hadoop2-compat/src/main/java/org/apache/hadoop/metrics2/lib,490,296,0.495,9.25,4,0.5077433628318584,2,2,4,1.0,23.0,20.0,1.0,1.0,0.0,1.0,0.0,0.0
hbase-hadoop2-compat/src/main/java/org/apache/hadoop/metrics2/util,178,143,0.76,10.5,2,1.0,0,1,1,0.0,0.0,0.0,0.0,0.0,0.0,0.0,0.0,0.0
hbase-hadoop-compat/src/test/java/org/apache/hadoop/hbase,64,85,3.2975,0.75,4,0.7944444444444444,0,2,2,0.0,0.0,0.0,0.0,0.0,0.0,0.0,0.0,0.0
hbase-hadoop-compat/src/test/java/org/apache/hadoop/hbase/thrift,10,21,2.1,0.0,1,0.7837837837837838,0,3,3,0.0,0.0,0.0,0.0,0.0,0.0,0.0,0.0,0.0
hbase-hadoop-compat/src/test/java/org/apache/hadoop/hbase/test,18,126,7.0,0.0,1,0.9130434782608695,0,2,2,0.0,0.0,0.0,0.0,0.0,0.0,0.0,0.0,0.0
hbase-hadoop-compat/src/test/java/org/apache/hadoop/hbase/rest,10,21,2.1,0.0,1,0.8108108108108109,0,3,3,0.0,0.0,0.0,0.0,0.0,0.0,0.0,0.0,0.0
hbase-hadoop-compat/src/test/java/org/apache/hadoop/hbase/regionserver,10,21,2.1,0.0,1,0.8055555555555556,1,2,3,0.0,0.0,0.0,0.0,0.0,0.0,0.0,0.0,0.0
hbase-hadoop-compat/src/test/java/org/apache/hadoop/hbase/regionserver/wal,9,18,2.0,0.0,1,1.0,0,1,1,0.0,0.0,0.0,0.0,0.0,0.0,0.0,0.0,0.0
hbase-hadoop-compat/src/test/java/org/apache/hadoop/hbase/replication/regionserver,10,21,2.1,0.0,1,0.8571428571428571,0,2,2,0.0,0.0,0.0,0.0,0.0,0.0,0.0,0.0,0.0
hbase-hadoop-compat/src/test/java/org/apache/hadoop/hbase/master,10,21,2.1,0.0,1,0.8055555555555556,1,2,3,0.0,0.0,0.0,0.0,0.0,0.0,0.0,0.0,0.0
hbase-hadoop-compat/src/main/java/org/apache/hadoop/hbase,92,54,0.585,3.5,2,0.50920245398773,0,3,3,0.0,0.0,0.0,0.0,0.0,0.0,0.0,0.0,0.0
hbase-hadoop-compat/src/main/java/org/apache/hadoop/hbase/thrift,28,69,2.35,0.0,2,0.7130434782608696,1,3,4,1.0,1.0,1.0,1.0,1.0,0.0,1.0,0.0,0.0
hbase-hadoop-compat/src/main/java/org/apache/hadoop/hbase/rest,22,55,2.5,0.0,1,0.8979591836734694,0,2,2,0.0,0.0,0.0,0.0,0.0,0.0,0.0,0.0,0.0
hbase-hadoop-compat/src/main/java/org/apache/hadoop/hbase/regionserver,209,385,3.418333333333333,0.0,6,0.7085137085137085,1,2,3,2.0,25.0,0.0,1.0,1.0,0.0,1.0,0.0,0.0
hbase-hadoop-compat/src/main/java/org/apache/hadoop/hbase/regionserver/wal,40,89,2.255,0.0,2,0.5569620253164557,0,2,2,0.0,0.0,0.0,0.0,0.0,0.0,0.0,0.0,0.0
hbase-hadoop-compat/src/main/java/org/apache/hadoop/hbase/metrics,22,109,4.8100000000000005,0.0,2,0.6143790849673203,0,3,3,0.0,0.0,0.0,0.0,0.0,0.0,0.0,0.0,0.0
hbase-hadoop-compat/src/main/java/org/apache/hadoop/hbase/replication/regionserver,8,33,4.12,0.0,1,0.7708333333333334,0,3,3,0.0,0.0,0.0,0.0,0.0,0.0,0.0,0.0,0.0
hbase-hadoop-compat/src/main/java/org/apache/hadoop/hbase/master,100,229,2.8783333333333334,0.0,6,0.55,0,3,3,2.0,5.0,50.0,2.0,0.5,0.0,2.0,0.0,0.0
hbase-hadoop-compat/src/main/java/org/apache/hadoop/hbase/master/balancer,12,29,2.42,0.0,1,1.0,0,1,1,0.0,0.0,0.0,0.0,0.0,0.0,0.0,0.0,0.0
hbase-hadoop-compat/src/main/java/org/apache/hadoop/hbase/ipc,66,72,1.6900000000000002,1.0,3,0.8343949044585988,0,2,2,0.0,0.0,0.0,0.0,0.0,0.0,0.0,0.0,0.0
hbase-hadoop-compat/src/main/java/org/apache/hadoop/metrics2,18,46,2.75,0.0,2,0.8666666666666667,0,2,2,0.0,0.0,0.0,0.0,0.0,0.0,0.0,0.0,0.0
