"Filename","X","LineOWN","LineMinor","LineMajor","LineNumDev"
"security/src/main/java/org/apache/hadoop/hbase/ipc/SecureClient.java",0,1,0,1,1
"security/src/main/java/org/apache/hadoop/hbase/ipc/SecureConnectionHeader.java",0,1,0,1,1
"security/src/main/java/org/apache/hadoop/hbase/ipc/SecureRpcEngine.java",0,1,0,1,1
"security/src/main/java/org/apache/hadoop/hbase/ipc/SecureServer.java",0,1,0,1,1
"security/src/main/java/org/apache/hadoop/hbase/security/AccessDeniedException.java",0,1,0,1,1
"security/src/main/java/org/apache/hadoop/hbase/security/HBasePolicyProvider.java",0,1,0,1,1
"security/src/main/java/org/apache/hadoop/hbase/security/HBaseSaslRpcClient.java",0,1,0,1,1
"security/src/main/java/org/apache/hadoop/hbase/security/HBaseSaslRpcServer.java",0,1,0,1,1
"security/src/main/java/org/apache/hadoop/hbase/security/access/AccessControlFilter.java",0,1,0,1,1
"security/src/main/java/org/apache/hadoop/hbase/security/access/AccessControlLists.java",0,1,0,1,1
"security/src/main/java/org/apache/hadoop/hbase/security/access/AccessController.java",0,0.996963562753036,1,1,2
"security/src/main/java/org/apache/hadoop/hbase/security/access/AccessControllerProtocol.java",0,1,0,1,1
"security/src/main/java/org/apache/hadoop/hbase/security/access/Permission.java",0,1,0,1,1
"security/src/main/java/org/apache/hadoop/hbase/security/access/TableAuthManager.java",0,1,0,1,1
"security/src/main/java/org/apache/hadoop/hbase/security/access/TablePermission.java",0,1,0,1,1
"security/src/main/java/org/apache/hadoop/hbase/security/access/UserPermission.java",0,1,0,1,1
"security/src/main/java/org/apache/hadoop/hbase/security/access/ZKPermissionWatcher.java",0,1,0,1,1
"security/src/main/java/org/apache/hadoop/hbase/security/token/AuthenticationKey.java",0,1,0,1,1
"security/src/main/java/org/apache/hadoop/hbase/security/token/AuthenticationProtocol.java",0,1,0,1,1
"security/src/main/java/org/apache/hadoop/hbase/security/token/AuthenticationTokenIdentifier.java",0,1,0,1,1
"security/src/main/java/org/apache/hadoop/hbase/security/token/AuthenticationTokenSecretManager.java",0,1,0,1,1
"security/src/main/java/org/apache/hadoop/hbase/security/token/AuthenticationTokenSelector.java",0,1,0,1,1
"security/src/main/java/org/apache/hadoop/hbase/security/token/TokenProvider.java",0,1,0,1,1
"security/src/main/java/org/apache/hadoop/hbase/security/token/TokenUtil.java",0,1,0,1,1
"security/src/main/java/org/apache/hadoop/hbase/security/token/ZKSecretWatcher.java",0,1,0,1,1
"security/src/test/java/org/apache/hadoop/hbase/security/access/SecureTestUtil.java",0,1,0,1,1
"security/src/test/java/org/apache/hadoop/hbase/security/access/TestAccessControlFilter.java",0,1,0,1,1
"security/src/test/java/org/apache/hadoop/hbase/security/access/TestAccessController.java",0,1,0,1,1
"security/src/test/java/org/apache/hadoop/hbase/security/access/TestTablePermissions.java",0,1,0,1,1
"security/src/test/java/org/apache/hadoop/hbase/security/access/TestZKPermissionsWatcher.java",0,1,0,1,1
"security/src/test/java/org/apache/hadoop/hbase/security/token/TestTokenAuthentication.java",0,1,0,1,1
"security/src/test/java/org/apache/hadoop/hbase/security/token/TestZKSecretWatcher.java",0,1,0,1,1
"src/examples/mapreduce/org/apache/hadoop/hbase/mapreduce/IndexBuilder.java",0,0.993506493506494,1,1,2
"src/examples/mapreduce/org/apache/hadoop/hbase/mapreduce/SampleUploader.java",0,0.817567567567568,0,2,2
"src/examples/thrift/DemoClient.java",0,0.950867052023121,1,1,2
"src/main/java/org/apache/hadoop/hbase/Abortable.java",0,0.534883720930233,0,2,2
"src/main/java/org/apache/hadoop/hbase/Chore.java",0,0.849557522123894,1,2,3
"src/main/java/org/apache/hadoop/hbase/ClockOutOfSyncException.java",0,1,0,1,1
"src/main/java/org/apache/hadoop/hbase/ClusterStatus.java",0,0.675090252707581,0,3,3
"src/main/java/org/apache/hadoop/hbase/Coprocessor.java",0,0.730769230769231,1,2,3
"src/main/java/org/apache/hadoop/hbase/CoprocessorEnvironment.java",0,0.923076923076923,1,2,3
"src/main/java/org/apache/hadoop/hbase/DoNotRetryIOException.java",0,0.886792452830189,0,2,2
"src/main/java/org/apache/hadoop/hbase/DroppedSnapshotException.java",0,0.853658536585366,0,2,2
"src/main/java/org/apache/hadoop/hbase/HBaseConfiguration.java",0,0.518248175182482,2,5,7
"src/main/java/org/apache/hadoop/hbase/HColumnDescriptor.java",0,0.480254777070064,3,3,6
"src/main/java/org/apache/hadoop/hbase/HConstants.java",0,0.538461538461538,6,4,10
"src/main/java/org/apache/hadoop/hbase/HDFSBlocksDistribution.java",0,1,0,1,1
"src/main/java/org/apache/hadoop/hbase/HRegionInfo.java",0,0.626865671641791,4,3,7
"src/main/java/org/apache/hadoop/hbase/HRegionLocation.java",0,0.626865671641791,0,2,2
"src/main/java/org/apache/hadoop/hbase/HServerAddress.java",0,0.45,3,4,7
"src/main/java/org/apache/hadoop/hbase/HServerInfo.java",0,0.609271523178808,1,3,4
"src/main/java/org/apache/hadoop/hbase/HServerLoad.java",0,0.419308357348703,1,4,5
"src/main/java/org/apache/hadoop/hbase/HTableDescriptor.java",0,0.483754512635379,5,3,8
"src/main/java/org/apache/hadoop/hbase/InvalidFamilyOperationException.java",0,0.98,1,1,2
"src/main/java/org/apache/hadoop/hbase/KeyValue.java",0,0.589426877470356,7,2,9
"src/main/java/org/apache/hadoop/hbase/LocalHBaseCluster.java",0,0.533185840707965,2,2,4
"src/main/java/org/apache/hadoop/hbase/MasterAddressTracker.java",0,0.974683544303797,1,1,2
"src/main/java/org/apache/hadoop/hbase/MasterNotRunningException.java",0,0.836734693877551,0,2,2
"src/main/java/org/apache/hadoop/hbase/NotAllMetaRegionsOnlineException.java",0,0.906976744186046,1,2,3
"src/main/java/org/apache/hadoop/hbase/NotServingRegionException.java",0,0.792452830188679,0,2,2
"src/main/java/org/apache/hadoop/hbase/PleaseHoldException.java",0,0.941176470588235,0,2,2
"src/main/java/org/apache/hadoop/hbase/RegionException.java",0,1,0,1,1
"src/main/java/org/apache/hadoop/hbase/RemoteExceptionHandler.java",0,0.558333333333333,0,2,2
"src/main/java/org/apache/hadoop/hbase/Server.java",0,1,0,1,1
"src/main/java/org/apache/hadoop/hbase/ServerName.java",0,1,0,1,1
"src/main/java/org/apache/hadoop/hbase/Stoppable.java",0,0.583333333333333,0,2,2
"src/main/java/org/apache/hadoop/hbase/TableDescriptors.java",0,1,0,1,1
"src/main/java/org/apache/hadoop/hbase/TableExistsException.java",0,0.763157894736842,0,2,2
"src/main/java/org/apache/hadoop/hbase/TableNotDisabledException.java",0,0.8,0,2,2
"src/main/java/org/apache/hadoop/hbase/TableNotEnabledException.java",0,1,0,1,1
"src/main/java/org/apache/hadoop/hbase/TableNotFoundException.java",0,0.971428571428571,1,1,2
"src/main/java/org/apache/hadoop/hbase/UnknownRegionException.java",0,0.696969696969697,0,2,2
"src/main/java/org/apache/hadoop/hbase/UnknownRowLockException.java",0,0.975609756097561,1,1,2
"src/main/java/org/apache/hadoop/hbase/UnknownScannerException.java",0,0.886363636363636,0,2,2
"src/main/java/org/apache/hadoop/hbase/VersionAnnotation.java",0,1,0,1,1
"src/main/java/org/apache/hadoop/hbase/YouAreDeadException.java",0,0.941176470588235,0,2,2
"src/main/java/org/apache/hadoop/hbase/ZooKeeperConnectionException.java",0,0.938775510204082,2,1,3
"src/main/java/org/apache/hadoop/hbase/avro/AvroServer.java",0,0.882926829268293,2,2,4
"src/main/java/org/apache/hadoop/hbase/avro/AvroUtil.java",0,0.924939467312349,0,2,2
"src/main/java/org/apache/hadoop/hbase/catalog/CatalogTracker.java",0,0.913169319826339,2,2,4
"src/main/java/org/apache/hadoop/hbase/catalog/MetaEditor.java",0,0.934579439252336,0,2,2
"src/main/java/org/apache/hadoop/hbase/catalog/MetaMigrationRemovingHTD.java",0,1,0,1,1
"src/main/java/org/apache/hadoop/hbase/catalog/MetaReader.java",0,0.901315789473684,3,1,4
"src/main/java/org/apache/hadoop/hbase/catalog/RootLocationEditor.java",0,1,0,1,1
"src/main/java/org/apache/hadoop/hbase/client/Action.java",0,0.811320754716981,0,3,3
"src/main/java/org/apache/hadoop/hbase/client/Attributes.java",0,1,0,1,1
"src/main/java/org/apache/hadoop/hbase/client/Delete.java",0,0.692579505300353,2,2,4
"src/main/java/org/apache/hadoop/hbase/client/Get.java",0,0.697826086956522,2,3,5
"src/main/java/org/apache/hadoop/hbase/client/HBaseAdmin.java",0,0.461822660098522,7,3,10
"src/main/java/org/apache/hadoop/hbase/client/HConnection.java",0,0.502659574468085,2,5,7
"src/main/java/org/apache/hadoop/hbase/client/HConnectionManager.java",0,0.608079748163694,8,4,12
"src/main/java/org/apache/hadoop/hbase/client/HTable.java",0,0.4375,5,5,10
"src/main/java/org/apache/hadoop/hbase/client/HTableFactory.java",0,0.891304347826087,1,2,3
"src/main/java/org/apache/hadoop/hbase/client/HTableInterface.java",0,0.729306487695749,4,2,6
"src/main/java/org/apache/hadoop/hbase/client/HTableInterfaceFactory.java",0,0.918367346938776,1,2,3
"src/main/java/org/apache/hadoop/hbase/client/HTablePool.java",0,0.840864440078585,4,2,6
"src/main/java/org/apache/hadoop/hbase/client/HTableUtil.java",0,1,0,1,1
"src/main/java/org/apache/hadoop/hbase/client/Increment.java",0,0.978851963746224,2,1,3
"src/main/java/org/apache/hadoop/hbase/client/MetaScanner.java",0,0.831831831831832,3,3,6
"src/main/java/org/apache/hadoop/hbase/client/MultiAction.java",0,0.885245901639344,1,2,3
"src/main/java/org/apache/hadoop/hbase/client/MultiPut.java",0,0.51271186440678,0,2,2
"src/main/java/org/apache/hadoop/hbase/client/MultiPutResponse.java",0,0.972602739726027,1,1,2
"src/main/java/org/apache/hadoop/hbase/client/MultiResponse.java",0,0.934131736526946,1,2,3
"src/main/java/org/apache/hadoop/hbase/client/Mutation.java",0,0.941463414634146,2,1,3
"src/main/java/org/apache/hadoop/hbase/client/NoServerForRegionException.java",0,0.976190476190476,1,1,2
"src/main/java/org/apache/hadoop/hbase/client/Operation.java",0,1,0,1,1
"src/main/java/org/apache/hadoop/hbase/client/OperationWithAttributes.java",0,1,0,1,1
"src/main/java/org/apache/hadoop/hbase/client/Put.java",0,0.540983606557377,2,2,4
"src/main/java/org/apache/hadoop/hbase/client/RegionOfflineException.java",0,0.861111111111111,1,3,4
"src/main/java/org/apache/hadoop/hbase/client/Result.java",0,0.71583850931677,4,3,7
"src/main/java/org/apache/hadoop/hbase/client/ResultScanner.java",0,0.92,0,2,2
"src/main/java/org/apache/hadoop/hbase/client/RetriesExhaustedException.java",0,0.685714285714286,1,3,4
"src/main/java/org/apache/hadoop/hbase/client/RetriesExhaustedWithDetailsException.java",0,0.833333333333333,1,2,3
"src/main/java/org/apache/hadoop/hbase/client/Row.java",0,0.84375,0,2,2
"src/main/java/org/apache/hadoop/hbase/client/RowLock.java",0,0.919354838709677,1,2,3
"src/main/java/org/apache/hadoop/hbase/client/Scan.java",0,0.593698175787728,2,3,5
"src/main/java/org/apache/hadoop/hbase/client/ScannerCallable.java",0,0.40625,1,4,5
"src/main/java/org/apache/hadoop/hbase/client/ScannerTimeoutException.java",0,0.878048780487805,1,2,3
"src/main/java/org/apache/hadoop/hbase/client/ServerCallable.java",0,0.595238095238095,1,2,3
"src/main/java/org/apache/hadoop/hbase/client/UnmodifyableHColumnDescriptor.java",0,0.720430107526882,0,3,3
"src/main/java/org/apache/hadoop/hbase/client/UnmodifyableHRegionInfo.java",0,0.94,2,1,3
"src/main/java/org/apache/hadoop/hbase/client/UnmodifyableHTableDescriptor.java",0,0.766129032258065,1,3,4
"src/main/java/org/apache/hadoop/hbase/client/coprocessor/AggregationClient.java",0,1,0,1,1
"src/main/java/org/apache/hadoop/hbase/client/coprocessor/Batch.java",0,1,0,1,1
"src/main/java/org/apache/hadoop/hbase/client/coprocessor/Exec.java",0,0.734375,0,3,3
"src/main/java/org/apache/hadoop/hbase/client/coprocessor/ExecResult.java",0,0.950617283950617,2,1,3
"src/main/java/org/apache/hadoop/hbase/client/coprocessor/LongColumnInterpreter.java",0,1,0,1,1
"src/main/java/org/apache/hadoop/hbase/client/coprocessor/package-info.java",0,1,0,1,1
"src/main/java/org/apache/hadoop/hbase/client/package-info.java",0,0.897849462365591,1,2,3
"src/main/java/org/apache/hadoop/hbase/client/replication/ReplicationAdmin.java",0,0.904761904761905,2,1,3
"src/main/java/org/apache/hadoop/hbase/coprocessor/AggregateImplementation.java",0,1,0,1,1
"src/main/java/org/apache/hadoop/hbase/coprocessor/AggregateProtocol.java",0,1,0,1,1
"src/main/java/org/apache/hadoop/hbase/coprocessor/BaseEndpointCoprocessor.java",0,0.662337662337662,2,2,4
"src/main/java/org/apache/hadoop/hbase/coprocessor/BaseMasterObserver.java",0,0.771276595744681,1,2,3
"src/main/java/org/apache/hadoop/hbase/coprocessor/BaseRegionObserver.java",0,0.693798449612403,4,2,6
"src/main/java/org/apache/hadoop/hbase/coprocessor/ColumnInterpreter.java",0,1,0,1,1
"src/main/java/org/apache/hadoop/hbase/coprocessor/CoprocessorException.java",0,1,0,1,1
"src/main/java/org/apache/hadoop/hbase/coprocessor/CoprocessorHost.java",0,0.749258160237389,1,3,4
"src/main/java/org/apache/hadoop/hbase/coprocessor/MasterCoprocessorEnvironment.java",0,0.96551724137931,1,1,2
"src/main/java/org/apache/hadoop/hbase/coprocessor/MasterObserver.java",0,0.979452054794521,2,1,3
"src/main/java/org/apache/hadoop/hbase/coprocessor/ObserverContext.java",0,0.981818181818182,1,1,2
"src/main/java/org/apache/hadoop/hbase/coprocessor/RegionCoprocessorEnvironment.java",0,0.970588235294118,1,1,2
"src/main/java/org/apache/hadoop/hbase/coprocessor/RegionObserver.java",0,0.686178861788618,4,2,6
"src/main/java/org/apache/hadoop/hbase/coprocessor/WALCoprocessorEnvironment.java",0,0.96551724137931,1,1,2
"src/main/java/org/apache/hadoop/hbase/coprocessor/WALObserver.java",0,0.926470588235294,1,2,3
"src/main/java/org/apache/hadoop/hbase/coprocessor/package-info.java",0,0.983651226158038,2,1,3
"src/main/java/org/apache/hadoop/hbase/executor/EventHandler.java",0,0.868725868725869,3,2,5
"src/main/java/org/apache/hadoop/hbase/executor/ExecutorService.java",0,0.644444444444444,1,2,3
"src/main/java/org/apache/hadoop/hbase/executor/RegionTransitionData.java",0,0.988,1,1,2
"src/main/java/org/apache/hadoop/hbase/filter/BinaryComparator.java",0,0.725,1,3,4
"src/main/java/org/apache/hadoop/hbase/filter/BinaryPrefixComparator.java",0,0.735849056603774,1,3,4
"src/main/java/org/apache/hadoop/hbase/filter/BitComparator.java",0,0.929292929292929,0,2,2
"src/main/java/org/apache/hadoop/hbase/filter/ColumnCountGetFilter.java",0,0.637362637362637,1,2,3
"src/main/java/org/apache/hadoop/hbase/filter/ColumnPaginationFilter.java",0,0.825688073394495,1,2,3
"src/main/java/org/apache/hadoop/hbase/filter/ColumnPrefixFilter.java",0,0.884615384615385,0,2,2
"src/main/java/org/apache/hadoop/hbase/filter/ColumnRangeFilter.java",0,0.931707317073171,0,2,2
"src/main/java/org/apache/hadoop/hbase/filter/CompareFilter.java",0,0.598765432098765,0,4,4
"src/main/java/org/apache/hadoop/hbase/filter/DependentColumnFilter.java",0,0.567226890756303,0,4,4
"src/main/java/org/apache/hadoop/hbase/filter/FamilyFilter.java",0,1,0,1,1
"src/main/java/org/apache/hadoop/hbase/filter/Filter.java",0,0.867469879518072,1,2,3
"src/main/java/org/apache/hadoop/hbase/filter/FilterBase.java",0,0.852112676056338,0,3,3
"src/main/java/org/apache/hadoop/hbase/filter/FilterList.java",0,0.840255591054313,3,2,5
"src/main/java/org/apache/hadoop/hbase/filter/FirstKeyOnlyFilter.java",0,0.8125,1,2,3
"src/main/java/org/apache/hadoop/hbase/filter/InclusiveStopFilter.java",0,0.695652173913043,1,3,4
"src/main/java/org/apache/hadoop/hbase/filter/IncompatibleFilterException.java",0,0.525,0,2,2
"src/main/java/org/apache/hadoop/hbase/filter/InvalidRowFilterException.java",0,0.658536585365854,1,2,3
"src/main/java/org/apache/hadoop/hbase/filter/KeyOnlyFilter.java",0,0.650793650793651,1,3,4
"src/main/java/org/apache/hadoop/hbase/filter/MultipleColumnPrefixFilter.java",0,1,0,1,1
"src/main/java/org/apache/hadoop/hbase/filter/NullComparator.java",0,1,0,1,1
"src/main/java/org/apache/hadoop/hbase/filter/PageFilter.java",0,0.813186813186813,2,2,4
"src/main/java/org/apache/hadoop/hbase/filter/ParseConstants.java",0,1,0,1,1
"src/main/java/org/apache/hadoop/hbase/filter/ParseFilter.java",0,1,0,1,1
"src/main/java/org/apache/hadoop/hbase/filter/PrefixFilter.java",0,0.563218390804598,1,3,4
"src/main/java/org/apache/hadoop/hbase/filter/QualifierFilter.java",0,0.792207792207792,2,2,4
"src/main/java/org/apache/hadoop/hbase/filter/RandomRowFilter.java",0,1,0,1,1
"src/main/java/org/apache/hadoop/hbase/filter/RegexStringComparator.java",0,0.616666666666667,2,2,4
"src/main/java/org/apache/hadoop/hbase/filter/RowFilter.java",0,0.827956989247312,1,2,3
"src/main/java/org/apache/hadoop/hbase/filter/SingleColumnValueExcludeFilter.java",0,0.990384615384615,1,1,2
"src/main/java/org/apache/hadoop/hbase/filter/SingleColumnValueFilter.java",0,0.532051282051282,2,3,5
"src/main/java/org/apache/hadoop/hbase/filter/SkipFilter.java",0,0.858490566037736,4,1,5
"src/main/java/org/apache/hadoop/hbase/filter/SubstringComparator.java",0,0.951807228915663,2,1,3
"src/main/java/org/apache/hadoop/hbase/filter/TimestampsFilter.java",0,0.666666666666667,1,2,3
"src/main/java/org/apache/hadoop/hbase/filter/ValueFilter.java",0,0.684931506849315,1,2,3
"src/main/java/org/apache/hadoop/hbase/filter/WhileMatchFilter.java",0,0.738317757009346,2,2,4
"src/main/java/org/apache/hadoop/hbase/filter/WritableByteArrayComparable.java",0,0.621212121212121,0,3,3
"src/main/java/org/apache/hadoop/hbase/filter/package-info.java",0,0.885714285714286,0,2,2
"src/main/java/org/apache/hadoop/hbase/io/CodeToClassAndBack.java",0,0.957746478873239,2,1,3
"src/main/java/org/apache/hadoop/hbase/io/DoubleOutputStream.java",0,1,0,1,1
"src/main/java/org/apache/hadoop/hbase/io/HalfStoreFileReader.java",0,0.789667896678967,2,2,4
"src/main/java/org/apache/hadoop/hbase/io/HbaseMapWritable.java",0,0.990950226244344,1,1,2
"src/main/java/org/apache/hadoop/hbase/io/HbaseObjectWritable.java",0,0.727131782945736,6,3,9
"src/main/java/org/apache/hadoop/hbase/io/HeapSize.java",0,0.723404255319149,1,2,3
"src/main/java/org/apache/hadoop/hbase/io/ImmutableBytesWritable.java",0,0.505576208178439,2,3,5
"src/main/java/org/apache/hadoop/hbase/io/Reference.java",0,0.838709677419355,2,2,4
"src/main/java/org/apache/hadoop/hbase/io/TimeRange.java",0,0.825396825396825,0,3,3
"src/main/java/org/apache/hadoop/hbase/io/WritableWithSize.java",0,1,0,1,1
"src/main/java/org/apache/hadoop/hbase/io/hfile/AbstractHFileReader.java",0,0.967455621301775,3,1,4
"src/main/java/org/apache/hadoop/hbase/io/hfile/AbstractHFileWriter.java",0,0.976923076923077,2,1,3
"src/main/java/org/apache/hadoop/hbase/io/hfile/BlockCache.java",0,0.552845528455285,0,3,3
"src/main/java/org/apache/hadoop/hbase/io/hfile/BlockCacheColumnFamilySummary.java",0,1,0,1,1
"src/main/java/org/apache/hadoop/hbase/io/hfile/BlockCacheKey.java",0,1,0,1,1
"src/main/java/org/apache/hadoop/hbase/io/hfile/BlockType.java",0,0.862637362637363,0,2,2
"src/main/java/org/apache/hadoop/hbase/io/hfile/BoundedRangeFileInputStream.java",0,1,0,1,1
"src/main/java/org/apache/hadoop/hbase/io/hfile/CacheConfig.java",0,0.949152542372881,0,2,2
"src/main/java/org/apache/hadoop/hbase/io/hfile/CacheStats.java",0,1,0,1,1
"src/main/java/org/apache/hadoop/hbase/io/hfile/Cacheable.java",0,1,0,1,1
"src/main/java/org/apache/hadoop/hbase/io/hfile/CacheableDeserializer.java",0,1,0,1,1
"src/main/java/org/apache/hadoop/hbase/io/hfile/CachedBlock.java",0,0.990825688073395,1,1,2
"src/main/java/org/apache/hadoop/hbase/io/hfile/CachedBlockQueue.java",0,0.990384615384615,1,1,2
"src/main/java/org/apache/hadoop/hbase/io/hfile/Compression.java",0,0.911111111111111,1,2,3
"src/main/java/org/apache/hadoop/hbase/io/hfile/DoubleBlockCache.java",0,0.971264367816092,1,1,2
"src/main/java/org/apache/hadoop/hbase/io/hfile/FixedFileTrailer.java",0,1,0,1,1
"src/main/java/org/apache/hadoop/hbase/io/hfile/HFile.java",0,0.517894736842105,3,3,6
"src/main/java/org/apache/hadoop/hbase/io/hfile/HFileBlock.java",0,0.933683519369665,0,2,2
"src/main/java/org/apache/hadoop/hbase/io/hfile/HFileBlockIndex.java",0,0.990144048521607,1,1,2
"src/main/java/org/apache/hadoop/hbase/io/hfile/HFilePrettyPrinter.java",0,0.755610972568579,1,2,3
"src/main/java/org/apache/hadoop/hbase/io/hfile/HFileReaderV1.java",0,0.935103244837758,4,1,5
"src/main/java/org/apache/hadoop/hbase/io/hfile/HFileReaderV2.java",0,0.880154639175258,3,2,5
"src/main/java/org/apache/hadoop/hbase/io/hfile/HFileScanner.java",0,0.815068493150685,0,2,2
"src/main/java/org/apache/hadoop/hbase/io/hfile/HFileWriterV1.java",0,0.944672131147541,0,2,2
"src/main/java/org/apache/hadoop/hbase/io/hfile/HFileWriterV2.java",0,0.855691056910569,1,3,4
"src/main/java/org/apache/hadoop/hbase/io/hfile/InlineBlockWriter.java",0,0.985915492957746,1,1,2
"src/main/java/org/apache/hadoop/hbase/io/hfile/InvalidHFileException.java",0,1,0,1,1
"src/main/java/org/apache/hadoop/hbase/io/hfile/LruBlockCache.java",0,0.877667140825036,3,2,5
"src/main/java/org/apache/hadoop/hbase/io/hfile/SimpleBlockCache.java",0,0.608695652173913,1,4,5
"src/main/java/org/apache/hadoop/hbase/io/hfile/slab/SingleSizeCache.java",0,0.787790697674419,1,2,3
"src/main/java/org/apache/hadoop/hbase/io/hfile/slab/Slab.java",0,0.925373134328358,0,2,2
"src/main/java/org/apache/hadoop/hbase/io/hfile/slab/SlabCache.java",0,0.875878220140515,1,2,3
"src/main/java/org/apache/hadoop/hbase/io/hfile/slab/SlabItemActionWatcher.java",0,1,0,1,1
"src/main/java/org/apache/hadoop/hbase/ipc/ConnectionHeader.java",0,0.893333333333333,1,2,3
"src/main/java/org/apache/hadoop/hbase/ipc/CoprocessorProtocol.java",0,0.974358974358974,1,1,2
"src/main/java/org/apache/hadoop/hbase/ipc/Delayable.java",0,0.605633802816901,0,2,2
"src/main/java/org/apache/hadoop/hbase/ipc/ExecRPCInvoker.java",0,0.967391304347826,1,1,2
"src/main/java/org/apache/hadoop/hbase/ipc/HBaseClient.java",0,0.720629047178538,2,5,7
"src/main/java/org/apache/hadoop/hbase/ipc/HBaseRPC.java",0,0.53125,2,5,7
"src/main/java/org/apache/hadoop/hbase/ipc/HBaseRPCErrorHandler.java",0,0.939393939393939,0,2,2
"src/main/java/org/apache/hadoop/hbase/ipc/HBaseRPCStatistics.java",0,0.865384615384615,0,2,2
"src/main/java/org/apache/hadoop/hbase/ipc/HBaseRpcMetrics.java",0,0.608108108108108,2,3,5
"src/main/java/org/apache/hadoop/hbase/ipc/HBaseServer.java",0,0.74537037037037,3,3,6
"src/main/java/org/apache/hadoop/hbase/ipc/HMasterInterface.java",0,0.521739130434783,6,5,11
"src/main/java/org/apache/hadoop/hbase/ipc/HMasterRegionInterface.java",0,0.407894736842105,2,6,8
"src/main/java/org/apache/hadoop/hbase/ipc/HRegionInterface.java",0,0.426785714285714,5,5,10
"src/main/java/org/apache/hadoop/hbase/ipc/Invocation.java",0,0.529069767441861,1,2,3
"src/main/java/org/apache/hadoop/hbase/ipc/ProtocolSignature.java",0,1,0,1,1
"src/main/java/org/apache/hadoop/hbase/ipc/RequestContext.java",0,0.992753623188406,1,1,2
"src/main/java/org/apache/hadoop/hbase/ipc/ResponseFlag.java",0,1,0,1,1
"src/main/java/org/apache/hadoop/hbase/ipc/RpcEngine.java",0,0.928571428571429,1,2,3
"src/main/java/org/apache/hadoop/hbase/ipc/RpcServer.java",0,0.782051282051282,1,3,4
"src/main/java/org/apache/hadoop/hbase/ipc/ServerNotRunningYetException.java",0,0.931034482758621,0,2,2
"src/main/java/org/apache/hadoop/hbase/ipc/Status.java",0,1,0,1,1
"src/main/java/org/apache/hadoop/hbase/ipc/VersionedProtocol.java",0,0.722222222222222,0,2,2
"src/main/java/org/apache/hadoop/hbase/ipc/WritableRpcEngine.java",0,0.678936605316973,2,2,4
"src/main/java/org/apache/hadoop/hbase/mapred/Driver.java",0,0.926829268292683,0,2,2
"src/main/java/org/apache/hadoop/hbase/mapred/GroupingTableMap.java",0,1,0,1,1
"src/main/java/org/apache/hadoop/hbase/mapred/HRegionPartitioner.java",0,0.989010989010989,1,1,2
"src/main/java/org/apache/hadoop/hbase/mapred/IdentityTableMap.java",0,1,0,1,1
"src/main/java/org/apache/hadoop/hbase/mapred/IdentityTableReduce.java",0,1,0,1,1
"src/main/java/org/apache/hadoop/hbase/mapred/RowCounter.java",0,0.975806451612903,1,1,2
"src/main/java/org/apache/hadoop/hbase/mapred/TableInputFormat.java",0,0.987951807228916,1,1,2
"src/main/java/org/apache/hadoop/hbase/mapred/TableInputFormatBase.java",0,0.989417989417989,1,1,2
"src/main/java/org/apache/hadoop/hbase/mapred/TableMap.java",0,1,0,1,1
"src/main/java/org/apache/hadoop/hbase/mapred/TableMapReduceUtil.java",0,0.64963503649635,0,3,3
"src/main/java/org/apache/hadoop/hbase/mapred/TableOutputFormat.java",0,0.981132075471698,1,1,2
"src/main/java/org/apache/hadoop/hbase/mapred/TableRecordReader.java",0,1,0,1,1
"src/main/java/org/apache/hadoop/hbase/mapred/TableRecordReaderImpl.java",0,0.980487804878049,2,1,3
"src/main/java/org/apache/hadoop/hbase/mapred/TableReduce.java",0,1,0,1,1
"src/main/java/org/apache/hadoop/hbase/mapred/TableSplit.java",0,1,0,1,1
"src/main/java/org/apache/hadoop/hbase/mapred/package-info.java",0,0.911290322580645,0,2,2
"src/main/java/org/apache/hadoop/hbase/mapreduce/CellCounter.java",0,1,0,1,1
"src/main/java/org/apache/hadoop/hbase/mapreduce/CopyTable.java",0,0.895927601809955,1,2,3
"src/main/java/org/apache/hadoop/hbase/mapreduce/Driver.java",0,0.685185185185185,0,4,4
"src/main/java/org/apache/hadoop/hbase/mapreduce/Export.java",0,0.994444444444444,1,1,2
"src/main/java/org/apache/hadoop/hbase/mapreduce/GroupingTableMapper.java",0,0.994444444444444,1,1,2
"src/main/java/org/apache/hadoop/hbase/mapreduce/HFileOutputFormat.java",0,0.535714285714286,2,3,5
"src/main/java/org/apache/hadoop/hbase/mapreduce/HRegionPartitioner.java",0,0.526315789473684,0,2,2
"src/main/java/org/apache/hadoop/hbase/mapreduce/IdentityTableMapper.java",0,1,0,1,1
"src/main/java/org/apache/hadoop/hbase/mapreduce/IdentityTableReducer.java",0,1,0,1,1
"src/main/java/org/apache/hadoop/hbase/mapreduce/Import.java",0,0.995192307692308,1,1,2
"src/main/java/org/apache/hadoop/hbase/mapreduce/ImportTsv.java",0,0.873417721518987,0,2,2
"src/main/java/org/apache/hadoop/hbase/mapreduce/KeyValueSortReducer.java",0,1,0,1,1
"src/main/java/org/apache/hadoop/hbase/mapreduce/LoadIncrementalHFiles.java",0,0.329113924050633,2,3,5
"src/main/java/org/apache/hadoop/hbase/mapreduce/MultiTableOutputFormat.java",0,0.938650306748466,0,2,2
"src/main/java/org/apache/hadoop/hbase/mapreduce/PutSortReducer.java",0,0.630952380952381,0,2,2
"src/main/java/org/apache/hadoop/hbase/mapreduce/RowCounter.java",0,0.522727272727273,2,2,4
"src/main/java/org/apache/hadoop/hbase/mapreduce/SimpleTotalOrderPartitioner.java",0,0.647482014388489,0,2,2
"src/main/java/org/apache/hadoop/hbase/mapreduce/TableInputFormat.java",0,0.536082474226804,1,2,3
"src/main/java/org/apache/hadoop/hbase/mapreduce/TableInputFormatBase.java",0,0.552301255230126,2,2,4
"src/main/java/org/apache/hadoop/hbase/mapreduce/TableMapReduceUtil.java",0,0.553672316384181,1,4,5
"src/main/java/org/apache/hadoop/hbase/mapreduce/TableMapper.java",0,1,0,1,1
"src/main/java/org/apache/hadoop/hbase/mapreduce/TableOutputCommitter.java",0,1,0,1,1
"src/main/java/org/apache/hadoop/hbase/mapreduce/TableOutputFormat.java",0,0.645320197044335,1,3,4
"src/main/java/org/apache/hadoop/hbase/mapreduce/TableRecordReader.java",0,1,0,1,1
"src/main/java/org/apache/hadoop/hbase/mapreduce/TableRecordReaderImpl.java",0,0.952941176470588,2,1,3
"src/main/java/org/apache/hadoop/hbase/mapreduce/TableReducer.java",0,1,0,1,1
"src/main/java/org/apache/hadoop/hbase/mapreduce/TableSplit.java",0,0.571428571428571,0,2,2
"src/main/java/org/apache/hadoop/hbase/mapreduce/TsvImporterMapper.java",0,1,0,1,1
"src/main/java/org/apache/hadoop/hbase/mapreduce/hadoopbackport/InputSampler.java",0,0.932279909706546,0,2,2
"src/main/java/org/apache/hadoop/hbase/mapreduce/hadoopbackport/TotalOrderPartitioner.java",0,1,0,1,1
"src/main/java/org/apache/hadoop/hbase/mapreduce/package-info.java",0,0.554878048780488,0,2,2
"src/main/java/org/apache/hadoop/hbase/mapreduce/replication/VerifyReplication.java",0,0.870748299319728,0,2,2
"src/main/java/org/apache/hadoop/hbase/master/ActiveMasterManager.java",0,0.934883720930233,1,2,3
"src/main/java/org/apache/hadoop/hbase/master/AssignCallable.java",0,1,0,1,1
"src/main/java/org/apache/hadoop/hbase/master/AssignmentManager.java",0,0.752663115845539,5,3,8
"src/main/java/org/apache/hadoop/hbase/master/BulkAssigner.java",0,1,0,1,1
"src/main/java/org/apache/hadoop/hbase/master/BulkReOpen.java",0,1,0,1,1
"src/main/java/org/apache/hadoop/hbase/master/CatalogJanitor.java",0,0.951070336391437,2,1,3
"src/main/java/org/apache/hadoop/hbase/master/DeadServer.java",0,0.802325581395349,0,3,3
"src/main/java/org/apache/hadoop/hbase/master/DefaultLoadBalancer.java",0,0.989623865110246,1,1,2
"src/main/java/org/apache/hadoop/hbase/master/HMaster.java",0,0.582917705735661,8,4,12
"src/main/java/org/apache/hadoop/hbase/master/HMasterCommandLine.java",0,0.849137931034483,2,2,4
"src/main/java/org/apache/hadoop/hbase/master/LoadBalancer.java",0,0.979591836734694,2,1,3
"src/main/java/org/apache/hadoop/hbase/master/LoadBalancerFactory.java",0,0.91304347826087,0,2,2
"src/main/java/org/apache/hadoop/hbase/master/LogCleaner.java",0,0.475903614457831,2,2,4
"src/main/java/org/apache/hadoop/hbase/master/LogCleanerDelegate.java",0,0.6875,0,2,2
"src/main/java/org/apache/hadoop/hbase/master/MasterCoprocessorHost.java",0,0.716346153846154,2,2,4
"src/main/java/org/apache/hadoop/hbase/master/MasterDumpServlet.java",0,1,0,1,1
"src/main/java/org/apache/hadoop/hbase/master/MasterFileSystem.java",0,0.752918287937743,6,2,8
"src/main/java/org/apache/hadoop/hbase/master/MasterServices.java",0,0.855263157894737,0,2,2
"src/main/java/org/apache/hadoop/hbase/master/MasterStatusServlet.java",0,0.908256880733945,0,2,2
"src/main/java/org/apache/hadoop/hbase/master/RegionPlan.java",0,1,0,1,1
"src/main/java/org/apache/hadoop/hbase/master/ServerAndLoad.java",0,1,0,1,1
"src/main/java/org/apache/hadoop/hbase/master/ServerManager.java",0,0.707482993197279,5,4,9
"src/main/java/org/apache/hadoop/hbase/master/SplitLogManager.java",0,0.81511839708561,1,2,3
"src/main/java/org/apache/hadoop/hbase/master/TimeToLiveLogCleaner.java",0,0.731707317073171,0,3,3
"src/main/java/org/apache/hadoop/hbase/master/UnAssignCallable.java",0,0.978260869565217,1,1,2
"src/main/java/org/apache/hadoop/hbase/master/handler/ClosedRegionHandler.java",0,0.951923076923077,2,1,3
"src/main/java/org/apache/hadoop/hbase/master/handler/CreateTableHandler.java",0,1,0,1,1
"src/main/java/org/apache/hadoop/hbase/master/handler/DeleteTableHandler.java",0,0.989010989010989,1,1,2
"src/main/java/org/apache/hadoop/hbase/master/handler/DisableTableHandler.java",0,0.832402234636871,1,2,3
"src/main/java/org/apache/hadoop/hbase/master/handler/EnableTableHandler.java",0,0.747619047619048,0,3,3
"src/main/java/org/apache/hadoop/hbase/master/handler/MetaServerShutdownHandler.java",0,0.936507936507937,0,2,2
"src/main/java/org/apache/hadoop/hbase/master/handler/ModifyTableHandler.java",0,0.95,0,2,2
"src/main/java/org/apache/hadoop/hbase/master/handler/OpenedRegionHandler.java",0,0.653333333333333,3,2,5
"src/main/java/org/apache/hadoop/hbase/master/handler/ServerShutdownHandler.java",0,0.538126361655773,2,3,5
"src/main/java/org/apache/hadoop/hbase/master/handler/SplitRegionHandler.java",0,0.805084745762712,0,3,3
"src/main/java/org/apache/hadoop/hbase/master/handler/TableAddFamilyHandler.java",0,0.972602739726027,1,1,2
"src/main/java/org/apache/hadoop/hbase/master/handler/TableDeleteFamilyHandler.java",0,1,0,1,1
"src/main/java/org/apache/hadoop/hbase/master/handler/TableEventHandler.java",0,0.657894736842105,0,2,2
"src/main/java/org/apache/hadoop/hbase/master/handler/TableModifyFamilyHandler.java",0,1,0,1,1
"src/main/java/org/apache/hadoop/hbase/master/handler/TotesHRegionInfo.java",0,0.611111111111111,0,2,2
"src/main/java/org/apache/hadoop/hbase/master/metrics/MasterMetrics.java",0,0.959731543624161,1,1,2
"src/main/java/org/apache/hadoop/hbase/master/metrics/MasterStatistics.java",0,1,0,1,1
"src/main/java/org/apache/hadoop/hbase/metrics/HBaseInfo.java",0,1,0,1,1
"src/main/java/org/apache/hadoop/hbase/metrics/MetricsMBeanBase.java",0,0.897590361445783,0,2,2
"src/main/java/org/apache/hadoop/hbase/metrics/MetricsRate.java",0,0.872093023255814,0,2,2
"src/main/java/org/apache/hadoop/hbase/metrics/MetricsString.java",0,1,0,1,1
"src/main/java/org/apache/hadoop/hbase/metrics/PersistentMetricsTimeVaryingRate.java",0,0.992753623188406,1,1,2
"src/main/java/org/apache/hadoop/hbase/metrics/file/TimeStampingFileContext.java",0,1,0,1,1
"src/main/java/org/apache/hadoop/hbase/migration/HRegionInfo090x.java",0,1,0,1,1
"src/main/java/org/apache/hadoop/hbase/monitoring/LogMonitoring.java",0,1,0,1,1
"src/main/java/org/apache/hadoop/hbase/monitoring/MemoryBoundedLogMessageBuffer.java",0,1,0,1,1
"src/main/java/org/apache/hadoop/hbase/monitoring/MonitoredRPCHandler.java",0,1,0,1,1
"src/main/java/org/apache/hadoop/hbase/monitoring/MonitoredRPCHandlerImpl.java",0,1,0,1,1
"src/main/java/org/apache/hadoop/hbase/monitoring/MonitoredTask.java",0,0.605263157894737,0,2,2
"src/main/java/org/apache/hadoop/hbase/monitoring/MonitoredTaskImpl.java",0,0.519553072625698,0,2,2
"src/main/java/org/apache/hadoop/hbase/monitoring/StateDumpServlet.java",0,1,0,1,1
"src/main/java/org/apache/hadoop/hbase/monitoring/TaskMonitor.java",0,0.909502262443439,0,2,2
"src/main/java/org/apache/hadoop/hbase/monitoring/ThreadMonitoring.java",0,0.96875,1,1,2
"src/main/java/org/apache/hadoop/hbase/regionserver/AbstractKeyValueScanner.java",0,1,0,1,1
"src/main/java/org/apache/hadoop/hbase/regionserver/ChangedReadersObserver.java",0,0.685714285714286,1,3,4
"src/main/java/org/apache/hadoop/hbase/regionserver/ColumnCount.java",0,0.826446280991736,0,3,3
"src/main/java/org/apache/hadoop/hbase/regionserver/ColumnTracker.java",0,0.631067961165049,2,2,4
"src/main/java/org/apache/hadoop/hbase/regionserver/CompactSplitThread.java",0,0.491103202846975,2,4,6
"src/main/java/org/apache/hadoop/hbase/regionserver/CompactionRequestor.java",0,0.365384615384615,0,3,3
"src/main/java/org/apache/hadoop/hbase/regionserver/ConstantSizeRegionSplitPolicy.java",0,1,0,1,1
"src/main/java/org/apache/hadoop/hbase/regionserver/DebugPrint.java",0,0.710144927536232,0,2,2
"src/main/java/org/apache/hadoop/hbase/regionserver/DeleteTracker.java",0,0.88659793814433,1,2,3
"src/main/java/org/apache/hadoop/hbase/regionserver/ExplicitColumnTracker.java",0,0.346570397111913,1,4,5
"src/main/java/org/apache/hadoop/hbase/regionserver/FlushRequester.java",0,0.787878787878788,2,2,4
"src/main/java/org/apache/hadoop/hbase/regionserver/GetClosestRowBeforeTracker.java",0,0.995833333333333,1,1,2
"src/main/java/org/apache/hadoop/hbase/regionserver/HRegion.java",0,0.395070260308685,6,7,13
"src/main/java/org/apache/hadoop/hbase/regionserver/HRegionServer.java",0,0.559103469450414,8,4,12
"src/main/java/org/apache/hadoop/hbase/regionserver/HRegionServerCommandLine.java",0,1,0,1,1
"src/main/java/org/apache/hadoop/hbase/regionserver/InternalScan.java",0,1,0,1,1
"src/main/java/org/apache/hadoop/hbase/regionserver/InternalScanner.java",0,0.227272727272727,0,6,6
"src/main/java/org/apache/hadoop/hbase/regionserver/KeyValueHeap.java",0,0.587458745874587,2,4,6
"src/main/java/org/apache/hadoop/hbase/regionserver/KeyValueScanner.java",0,0.345679012345679,0,5,5
"src/main/java/org/apache/hadoop/hbase/regionserver/KeyValueSkipListSet.java",0,0.977653631284916,1,1,2
"src/main/java/org/apache/hadoop/hbase/regionserver/LeaseException.java",0,0.833333333333333,0,2,2
"src/main/java/org/apache/hadoop/hbase/regionserver/LeaseListener.java",0,0.647058823529412,0,3,3
"src/main/java/org/apache/hadoop/hbase/regionserver/Leases.java",0,0.386666666666667,1,3,4
"src/main/java/org/apache/hadoop/hbase/regionserver/LogRoller.java",0,0.53072625698324,6,3,9
"src/main/java/org/apache/hadoop/hbase/regionserver/LruHashMap.java",0,0.923566878980892,1,2,3
"src/main/java/org/apache/hadoop/hbase/regionserver/MemStore.java",0,0.514254385964912,4,5,9
"src/main/java/org/apache/hadoop/hbase/regionserver/MemStoreFlusher.java",0,0.468864468864469,4,3,7
"src/main/java/org/apache/hadoop/hbase/regionserver/MemStoreLAB.java",0,0.956043956043956,1,1,2
"src/main/java/org/apache/hadoop/hbase/regionserver/MultiVersionConsistencyControl.java",0,1,0,1,1
"src/main/java/org/apache/hadoop/hbase/regionserver/NoSuchColumnFamilyException.java",0,0.878048780487805,1,2,3
"src/main/java/org/apache/hadoop/hbase/regionserver/OnlineRegions.java",0,1,0,1,1
"src/main/java/org/apache/hadoop/hbase/regionserver/OperationStatus.java",0,1,0,1,1
"src/main/java/org/apache/hadoop/hbase/regionserver/RSDumpServlet.java",0,1,0,1,1
"src/main/java/org/apache/hadoop/hbase/regionserver/RSStatusServlet.java",0,0.882352941176471,0,2,2
"src/main/java/org/apache/hadoop/hbase/regionserver/RegionAlreadyInTransitionException.java",0,0.911764705882353,0,2,2
"src/main/java/org/apache/hadoop/hbase/regionserver/RegionCoprocessorHost.java",0,0.475680131904369,3,3,6
"src/main/java/org/apache/hadoop/hbase/regionserver/RegionOpeningState.java",0,1,0,1,1
"src/main/java/org/apache/hadoop/hbase/regionserver/RegionScanner.java",0,1,0,1,1
"src/main/java/org/apache/hadoop/hbase/regionserver/RegionServerAccounting.java",0,1,0,1,1
"src/main/java/org/apache/hadoop/hbase/regionserver/RegionServerRunningException.java",0,0.977272727272727,1,1,2
"src/main/java/org/apache/hadoop/hbase/regionserver/RegionServerServices.java",0,0.817073170731707,3,2,5
"src/main/java/org/apache/hadoop/hbase/regionserver/RegionServerStoppedException.java",0,0.787878787878788,0,2,2
"src/main/java/org/apache/hadoop/hbase/regionserver/RegionSplitPolicy.java",0,1,0,1,1
"src/main/java/org/apache/hadoop/hbase/regionserver/ScanDeleteTracker.java",0,0.801242236024845,2,2,4
"src/main/java/org/apache/hadoop/hbase/regionserver/ScanQueryMatcher.java",0,0.65989847715736,1,4,5
"src/main/java/org/apache/hadoop/hbase/regionserver/ScanWildcardColumnTracker.java",0,0.49740932642487,2,3,5
"src/main/java/org/apache/hadoop/hbase/regionserver/ShutdownHook.java",0,1,0,1,1
"src/main/java/org/apache/hadoop/hbase/regionserver/SplitLogWorker.java",0,0.998220640569395,1,1,2
"src/main/java/org/apache/hadoop/hbase/regionserver/SplitRequest.java",0,0.612244897959184,1,2,3
"src/main/java/org/apache/hadoop/hbase/regionserver/SplitTransaction.java",0,0.694206008583691,3,3,6
"src/main/java/org/apache/hadoop/hbase/regionserver/Store.java",0,0.531457800511509,5,6,11
"src/main/java/org/apache/hadoop/hbase/regionserver/StoreFile.java",0,0.430672268907563,2,4,6
"src/main/java/org/apache/hadoop/hbase/regionserver/StoreFileScanner.java",0,0.344398340248963,2,5,7
"src/main/java/org/apache/hadoop/hbase/regionserver/StoreFlusher.java",0,0.953125,1,1,2
"src/main/java/org/apache/hadoop/hbase/regionserver/StoreScanner.java",0,0.397408207343413,1,6,7
"src/main/java/org/apache/hadoop/hbase/regionserver/TimeRangeTracker.java",0,1,0,1,1
"src/main/java/org/apache/hadoop/hbase/regionserver/WrongRegionException.java",0,0.976190476190476,1,1,2
"src/main/java/org/apache/hadoop/hbase/regionserver/compactions/CompactionProgress.java",0,1,0,1,1
"src/main/java/org/apache/hadoop/hbase/regionserver/compactions/CompactionRequest.java",0,0.872146118721461,1,2,3
"src/main/java/org/apache/hadoop/hbase/regionserver/handler/CloseMetaHandler.java",0,0.886363636363636,0,2,2
"src/main/java/org/apache/hadoop/hbase/regionserver/handler/CloseRegionHandler.java",0,0.702702702702703,1,3,4
"src/main/java/org/apache/hadoop/hbase/regionserver/handler/CloseRootHandler.java",0,0.886363636363636,0,2,2
"src/main/java/org/apache/hadoop/hbase/regionserver/handler/OpenMetaHandler.java",0,0.522727272727273,1,2,3
"src/main/java/org/apache/hadoop/hbase/regionserver/handler/OpenRegionHandler.java",0,0.763285024154589,2,3,5
"src/main/java/org/apache/hadoop/hbase/regionserver/handler/OpenRootHandler.java",0,0.545454545454545,1,2,3
"src/main/java/org/apache/hadoop/hbase/regionserver/metrics/RegionServerMetrics.java",0,0.676959619952494,4,4,8
"src/main/java/org/apache/hadoop/hbase/regionserver/metrics/RegionServerStatistics.java",0,0.914893617021277,0,2,2
"src/main/java/org/apache/hadoop/hbase/regionserver/wal/FailedLogCloseException.java",0,0.840909090909091,1,2,3
"src/main/java/org/apache/hadoop/hbase/regionserver/wal/HLog.java",0,0.525748502994012,4,5,9
"src/main/java/org/apache/hadoop/hbase/regionserver/wal/HLogKey.java",0,0.47565543071161,1,5,6
"src/main/java/org/apache/hadoop/hbase/regionserver/wal/HLogPrettyPrinter.java",0,0.986666666666667,1,1,2
"src/main/java/org/apache/hadoop/hbase/regionserver/wal/HLogSplitter.java",0,0.878695981804397,3,2,5
"src/main/java/org/apache/hadoop/hbase/regionserver/wal/OrphanHLogAfterSplitException.java",0,1,0,1,1
"src/main/java/org/apache/hadoop/hbase/regionserver/wal/SequenceFileLogReader.java",0,0.576923076923077,1,2,3
"src/main/java/org/apache/hadoop/hbase/regionserver/wal/SequenceFileLogWriter.java",0,0.557312252964427,0,3,3
"src/main/java/org/apache/hadoop/hbase/regionserver/wal/WALActionsListener.java",0,0.507462686567164,1,2,3
"src/main/java/org/apache/hadoop/hbase/regionserver/wal/WALCoprocessorHost.java",0,0.828358208955224,1,2,3
"src/main/java/org/apache/hadoop/hbase/regionserver/wal/WALEdit.java",0,0.601063829787234,0,3,3
"src/main/java/org/apache/hadoop/hbase/replication/ReplicationPeer.java",0,0.972413793103448,1,1,2
"src/main/java/org/apache/hadoop/hbase/replication/ReplicationZookeeper.java",0,0.778795811518325,1,2,3
"src/main/java/org/apache/hadoop/hbase/replication/master/ReplicationLogCleaner.java",0,0.803370786516854,0,2,2
"src/main/java/org/apache/hadoop/hbase/replication/regionserver/Replication.java",0,0.702127659574468,1,2,3
"src/main/java/org/apache/hadoop/hbase/replication/regionserver/ReplicationSink.java",0,0.884057971014493,2,2,4
"src/main/java/org/apache/hadoop/hbase/replication/regionserver/ReplicationSinkMetrics.java",0,1,0,1,1
"src/main/java/org/apache/hadoop/hbase/replication/regionserver/ReplicationSource.java",0,0.870063694267516,2,2,4
"src/main/java/org/apache/hadoop/hbase/replication/regionserver/ReplicationSourceInterface.java",0,0.95049504950495,1,1,2
"src/main/java/org/apache/hadoop/hbase/replication/regionserver/ReplicationSourceManager.java",0,0.908064516129032,1,2,3
"src/main/java/org/apache/hadoop/hbase/replication/regionserver/ReplicationSourceMetrics.java",0,1,0,1,1
"src/main/java/org/apache/hadoop/hbase/replication/regionserver/ReplicationStatistics.java",0,1,0,1,1
"src/main/java/org/apache/hadoop/hbase/rest/Constants.java",0,0.948717948717949,0,2,2
"src/main/java/org/apache/hadoop/hbase/rest/ExistsResource.java",0,1,0,1,1
"src/main/java/org/apache/hadoop/hbase/rest/Main.java",0,0.544871794871795,0,2,2
"src/main/java/org/apache/hadoop/hbase/rest/MultiRowResource.java",0,1,0,1,1
"src/main/java/org/apache/hadoop/hbase/rest/ProtobufMessageHandler.java",0,1,0,1,1
"src/main/java/org/apache/hadoop/hbase/rest/RESTServlet.java",0,0.585106382978723,0,3,3
"src/main/java/org/apache/hadoop/hbase/rest/RegionsResource.java",0,1,0,1,1
"src/main/java/org/apache/hadoop/hbase/rest/ResourceBase.java",0,1,0,1,1
"src/main/java/org/apache/hadoop/hbase/rest/ResourceConfig.java",0,1,0,1,1
"src/main/java/org/apache/hadoop/hbase/rest/ResultGenerator.java",0,1,0,1,1
"src/main/java/org/apache/hadoop/hbase/rest/RootResource.java",0,1,0,1,1
"src/main/java/org/apache/hadoop/hbase/rest/RowResource.java",0,0.909814323607427,3,1,4
"src/main/java/org/apache/hadoop/hbase/rest/RowResultGenerator.java",0,1,0,1,1
"src/main/java/org/apache/hadoop/hbase/rest/RowSpec.java",0,1,0,1,1
"src/main/java/org/apache/hadoop/hbase/rest/ScannerInstanceResource.java",0,0.982142857142857,1,1,2
"src/main/java/org/apache/hadoop/hbase/rest/ScannerResource.java",0,0.971428571428571,1,1,2
"src/main/java/org/apache/hadoop/hbase/rest/ScannerResultGenerator.java",0,1,0,1,1
"src/main/java/org/apache/hadoop/hbase/rest/SchemaResource.java",0,0.966666666666667,1,1,2
"src/main/java/org/apache/hadoop/hbase/rest/StorageClusterStatusResource.java",0,0.901960784313726,0,2,2
"src/main/java/org/apache/hadoop/hbase/rest/StorageClusterVersionResource.java",0,1,0,1,1
"src/main/java/org/apache/hadoop/hbase/rest/TableResource.java",0,0.979020979020979,1,1,2
"src/main/java/org/apache/hadoop/hbase/rest/VersionResource.java",0,1,0,1,1
"src/main/java/org/apache/hadoop/hbase/rest/client/Client.java",0,0.995614035087719,1,1,2
"src/main/java/org/apache/hadoop/hbase/rest/client/Cluster.java",0,0.97979797979798,1,1,2
"src/main/java/org/apache/hadoop/hbase/rest/client/RemoteAdmin.java",0,1,0,1,1
"src/main/java/org/apache/hadoop/hbase/rest/client/RemoteHTable.java",0,0.959752321981424,3,1,4
"src/main/java/org/apache/hadoop/hbase/rest/client/Response.java",0,1,0,1,1
"src/main/java/org/apache/hadoop/hbase/rest/filter/GZIPRequestStream.java",0,1,0,1,1
"src/main/java/org/apache/hadoop/hbase/rest/filter/GZIPRequestWrapper.java",0,1,0,1,1
"src/main/java/org/apache/hadoop/hbase/rest/filter/GZIPResponseStream.java",0,1,0,1,1
"src/main/java/org/apache/hadoop/hbase/rest/filter/GZIPResponseWrapper.java",0,1,0,1,1
"src/main/java/org/apache/hadoop/hbase/rest/filter/GzipFilter.java",0,1,0,1,1
"src/main/java/org/apache/hadoop/hbase/rest/metrics/RESTMetrics.java",0,1,0,1,1
"src/main/java/org/apache/hadoop/hbase/rest/metrics/RESTStatistics.java",0,1,0,1,1
"src/main/java/org/apache/hadoop/hbase/rest/model/CellModel.java",0,0.95959595959596,1,1,2
"src/main/java/org/apache/hadoop/hbase/rest/model/CellSetModel.java",0,1,0,1,1
"src/main/java/org/apache/hadoop/hbase/rest/model/ColumnSchemaModel.java",0,0.970338983050847,1,1,2
"src/main/java/org/apache/hadoop/hbase/rest/model/RowModel.java",0,1,0,1,1
"src/main/java/org/apache/hadoop/hbase/rest/model/ScannerModel.java",0,1,0,1,1
"src/main/java/org/apache/hadoop/hbase/rest/model/StorageClusterStatusModel.java",0,0.998387096774194,1,1,2
"src/main/java/org/apache/hadoop/hbase/rest/model/StorageClusterVersionModel.java",0,1,0,1,1
"src/main/java/org/apache/hadoop/hbase/rest/model/TableInfoModel.java",0,0.993710691823899,1,1,2
"src/main/java/org/apache/hadoop/hbase/rest/model/TableListModel.java",0,1,0,1,1
"src/main/java/org/apache/hadoop/hbase/rest/model/TableModel.java",0,1,0,1,1
"src/main/java/org/apache/hadoop/hbase/rest/model/TableRegionModel.java",0,0.938461538461538,0,2,2
"src/main/java/org/apache/hadoop/hbase/rest/model/TableSchemaModel.java",0,0.997167138810198,1,1,2
"src/main/java/org/apache/hadoop/hbase/rest/model/VersionModel.java",0,1,0,1,1
"src/main/java/org/apache/hadoop/hbase/rest/protobuf/generated/CellMessage.java",0,0.647985989492119,0,2,2
"src/main/java/org/apache/hadoop/hbase/rest/protobuf/generated/CellSetMessage.java",0,0.503585657370518,0,2,2
"src/main/java/org/apache/hadoop/hbase/rest/protobuf/generated/ColumnSchemaMessage.java",0,0.513703443429375,0,2,2
"src/main/java/org/apache/hadoop/hbase/rest/protobuf/generated/ScannerMessage.java",0,0.553793884484711,0,2,2
"src/main/java/org/apache/hadoop/hbase/rest/protobuf/generated/StorageClusterStatusMessage.java",0,0.509518023491292,0,2,2
"src/main/java/org/apache/hadoop/hbase/rest/protobuf/generated/TableInfoMessage.java",0,0.501797268152408,0,2,2
"src/main/java/org/apache/hadoop/hbase/rest/protobuf/generated/TableListMessage.java",0,0.696145124716553,0,2,2
"src/main/java/org/apache/hadoop/hbase/rest/protobuf/generated/TableSchemaMessage.java",0,0.553494124922696,0,2,2
"src/main/java/org/apache/hadoop/hbase/rest/protobuf/generated/VersionMessage.java",0,0.520496894409938,0,2,2
"src/main/java/org/apache/hadoop/hbase/rest/provider/JAXBContextResolver.java",0,1,0,1,1
"src/main/java/org/apache/hadoop/hbase/rest/provider/consumer/ProtobufMessageBodyConsumer.java",0,1,0,1,1
"src/main/java/org/apache/hadoop/hbase/rest/provider/producer/PlainTextMessageBodyProducer.java",0,1,0,1,1
"src/main/java/org/apache/hadoop/hbase/rest/provider/producer/ProtobufMessageBodyProducer.java",0,1,0,1,1
"src/main/java/org/apache/hadoop/hbase/rest/transform/Base64.java",0,1,0,1,1
"src/main/java/org/apache/hadoop/hbase/rest/transform/NullTransform.java",0,1,0,1,1
"src/main/java/org/apache/hadoop/hbase/rest/transform/Transform.java",0,0.977272727272727,1,1,2
"src/main/java/org/apache/hadoop/hbase/security/KerberosInfo.java",0,1,0,1,1
"src/main/java/org/apache/hadoop/hbase/security/TokenInfo.java",0,1,0,1,1
"src/main/java/org/apache/hadoop/hbase/security/User.java",0,0.626485568760611,0,2,2
"src/main/java/org/apache/hadoop/hbase/thrift/ThriftServer.java",0,0.623595505617977,4,3,7
"src/main/java/org/apache/hadoop/hbase/thrift/ThriftUtilities.java",0,0.57516339869281,1,3,4
"src/main/java/org/apache/hadoop/hbase/thrift/generated/AlreadyExists.java",0,0.622291021671827,0,3,3
"src/main/java/org/apache/hadoop/hbase/thrift/generated/BatchMutation.java",0,0.557734204793028,0,3,3
"src/main/java/org/apache/hadoop/hbase/thrift/generated/ColumnDescriptor.java",0,0.516843118383061,0,3,3
"src/main/java/org/apache/hadoop/hbase/thrift/generated/Hbase.java",0,0.546658717403702,0,3,3
"src/main/java/org/apache/hadoop/hbase/thrift/generated/IOError.java",0,0.66358024691358,0,3,3
"src/main/java/org/apache/hadoop/hbase/thrift/generated/IllegalArgument.java",0,0.662538699690402,0,3,3
"src/main/java/org/apache/hadoop/hbase/thrift/generated/Mutation.java",0,0.559386973180077,0,3,3
"src/main/java/org/apache/hadoop/hbase/thrift/generated/TCell.java",0,0.608490566037736,0,3,3
"src/main/java/org/apache/hadoop/hbase/thrift/generated/TRegionInfo.java",0,0.514935988620199,0,3,3
"src/main/java/org/apache/hadoop/hbase/thrift/generated/TRowResult.java",0,0.509635974304068,0,3,3
"src/main/java/org/apache/hadoop/hbase/thrift/generated/TScan.java",0,1,0,1,1
"src/main/java/org/apache/hadoop/hbase/util/Addressing.java",0,1,0,1,1
"src/main/java/org/apache/hadoop/hbase/util/Base64.java",0,0.905051734631771,2,1,3
"src/main/java/org/apache/hadoop/hbase/util/BloomFilter.java",0,0.60655737704918,0,3,3
"src/main/java/org/apache/hadoop/hbase/util/BloomFilterBase.java",0,1,0,1,1
"src/main/java/org/apache/hadoop/hbase/util/BloomFilterFactory.java",0,0.945812807881773,2,1,3
"src/main/java/org/apache/hadoop/hbase/util/BloomFilterWriter.java",0,1,0,1,1
"src/main/java/org/apache/hadoop/hbase/util/ByteBloomFilter.java",0,0.549923195084485,1,2,3
"src/main/java/org/apache/hadoop/hbase/util/ByteBufferOutputStream.java",0,0.992424242424242,1,1,2
"src/main/java/org/apache/hadoop/hbase/util/Bytes.java",0,0.621588089330025,5,3,8
"src/main/java/org/apache/hadoop/hbase/util/CancelableProgressable.java",0,1,0,1,1
"src/main/java/org/apache/hadoop/hbase/util/ClassSize.java",0,0.554054054054054,1,3,4
"src/main/java/org/apache/hadoop/hbase/util/Classes.java",0,1,0,1,1
"src/main/java/org/apache/hadoop/hbase/util/CollectionBackedScanner.java",0,0.984615384615385,1,1,2
"src/main/java/org/apache/hadoop/hbase/util/CompoundBloomFilter.java",0,1,0,1,1
"src/main/java/org/apache/hadoop/hbase/util/CompoundBloomFilterBase.java",0,0.989473684210526,1,1,2
"src/main/java/org/apache/hadoop/hbase/util/CompoundBloomFilterWriter.java",0,1,0,1,1
"src/main/java/org/apache/hadoop/hbase/util/CompressionTest.java",0,0.405594405594406,2,3,5
"src/main/java/org/apache/hadoop/hbase/util/DefaultEnvironmentEdge.java",0,1,0,1,1
"src/main/java/org/apache/hadoop/hbase/util/DirectMemoryUtils.java",0,1,0,1,1
"src/main/java/org/apache/hadoop/hbase/util/EnvironmentEdge.java",0,1,0,1,1
"src/main/java/org/apache/hadoop/hbase/util/EnvironmentEdgeManager.java",0,1,0,1,1
"src/main/java/org/apache/hadoop/hbase/util/FSHDFSUtils.java",0,1,0,1,1
"src/main/java/org/apache/hadoop/hbase/util/FSMapRUtils.java",0,1,0,1,1
"src/main/java/org/apache/hadoop/hbase/util/FSTableDescriptors.java",0,0.965694682675815,1,1,2
"src/main/java/org/apache/hadoop/hbase/util/FSUtils.java",0,0.52258064516129,3,6,9
"src/main/java/org/apache/hadoop/hbase/util/FileSystemVersionException.java",0,0.974358974358974,1,1,2
"src/main/java/org/apache/hadoop/hbase/util/HBaseConfTool.java",0,0.731707317073171,0,2,2
"src/main/java/org/apache/hadoop/hbase/util/HBaseFsck.java",0,0.659942363112392,3,3,6
"src/main/java/org/apache/hadoop/hbase/util/HBaseFsckRepair.java",0,0.65,1,3,4
"src/main/java/org/apache/hadoop/hbase/util/HMerge.java",0,0.474885844748858,2,3,5
"src/main/java/org/apache/hadoop/hbase/util/HasThread.java",0,1,0,1,1
"src/main/java/org/apache/hadoop/hbase/util/Hash.java",0,0.970149253731343,2,1,3
"src/main/java/org/apache/hadoop/hbase/util/HashedBytes.java",0,1,0,1,1
"src/main/java/org/apache/hadoop/hbase/util/IdLock.java",0,1,0,1,1
"src/main/java/org/apache/hadoop/hbase/util/IncrementingEnvironmentEdge.java",0,1,0,1,1
"src/main/java/org/apache/hadoop/hbase/util/InfoServer.java",0,0.892307692307692,5,1,6
"src/main/java/org/apache/hadoop/hbase/util/JVMClusterUtil.java",0,0.545098039215686,2,2,4
"src/main/java/org/apache/hadoop/hbase/util/JenkinsHash.java",0,0.618677042801556,1,2,3
"src/main/java/org/apache/hadoop/hbase/util/JvmVersion.java",0,1,0,1,1
"src/main/java/org/apache/hadoop/hbase/util/KeyRange.java",0,1,0,1,1
"src/main/java/org/apache/hadoop/hbase/util/Keying.java",0,0.982608695652174,2,1,3
"src/main/java/org/apache/hadoop/hbase/util/MD5Hash.java",0,1,0,1,1
"src/main/java/org/apache/hadoop/hbase/util/ManualEnvironmentEdge.java",0,1,0,1,1
"src/main/java/org/apache/hadoop/hbase/util/Merge.java",0,0.648717948717949,0,3,3
"src/main/java/org/apache/hadoop/hbase/util/MetaUtils.java",0,0.413366336633663,2,3,5
"src/main/java/org/apache/hadoop/hbase/util/Methods.java",0,1,0,1,1
"src/main/java/org/apache/hadoop/hbase/util/MurmurHash.java",0,0.965909090909091,1,1,2
"src/main/java/org/apache/hadoop/hbase/util/Objects.java",0,0.994708994708995,1,1,2
"src/main/java/org/apache/hadoop/hbase/util/Pair.java",0,0.641221374045801,0,4,4
"src/main/java/org/apache/hadoop/hbase/util/PairOfSameType.java",0,1,0,1,1
"src/main/java/org/apache/hadoop/hbase/util/PoolMap.java",0,0.96420581655481,1,1,2
"src/main/java/org/apache/hadoop/hbase/util/RegionSplitCalculator.java",0,1,0,1,1
"src/main/java/org/apache/hadoop/hbase/util/RegionSplitter.java",0,0.95343137254902,3,1,4
"src/main/java/org/apache/hadoop/hbase/util/RetryCounter.java",0,0.811594202898551,0,2,2
"src/main/java/org/apache/hadoop/hbase/util/RetryCounterFactory.java",0,1,0,1,1
"src/main/java/org/apache/hadoop/hbase/util/ServerCommandLine.java",0,1,0,1,1
"src/main/java/org/apache/hadoop/hbase/util/Sleeper.java",0,0.903508771929825,2,2,4
"src/main/java/org/apache/hadoop/hbase/util/SoftValueSortedMap.java",0,0.484496124031008,2,2,4
"src/main/java/org/apache/hadoop/hbase/util/SortedCopyOnWriteSet.java",0,1,0,1,1
"src/main/java/org/apache/hadoop/hbase/util/Strings.java",0,0.973333333333333,1,1,2
"src/main/java/org/apache/hadoop/hbase/util/Threads.java",0,0.869230769230769,0,3,3
"src/main/java/org/apache/hadoop/hbase/util/VersionInfo.java",0,0.773913043478261,2,2,4
"src/main/java/org/apache/hadoop/hbase/util/Writables.java",0,0.858447488584475,1,2,3
"src/main/java/org/apache/hadoop/hbase/util/hbck/OfflineMetaRepair.java",0,1,0,1,1
"src/main/java/org/apache/hadoop/hbase/zookeeper/ClusterId.java",0,1,0,1,1
"src/main/java/org/apache/hadoop/hbase/zookeeper/ClusterStatusTracker.java",0,0.976744186046512,1,1,2
"src/main/java/org/apache/hadoop/hbase/zookeeper/DrainingServerTracker.java",0,1,0,1,1
"src/main/java/org/apache/hadoop/hbase/zookeeper/HQuorumPeer.java",0,0.386666666666667,0,4,4
"src/main/java/org/apache/hadoop/hbase/zookeeper/MetaNodeTracker.java",0,1,0,1,1
"src/main/java/org/apache/hadoop/hbase/zookeeper/MiniZooKeeperCluster.java",0,0.905027932960894,2,2,4
"src/main/java/org/apache/hadoop/hbase/zookeeper/RecoverableZooKeeper.java",0,0.990639625585023,2,1,3
"src/main/java/org/apache/hadoop/hbase/zookeeper/RegionServerTracker.java",0,0.953488372093023,1,1,2
"src/main/java/org/apache/hadoop/hbase/zookeeper/RootRegionTracker.java",0,0.869158878504673,0,2,2
"src/main/java/org/apache/hadoop/hbase/zookeeper/ZKAssign.java",0,0.784313725490196,2,3,5
"src/main/java/org/apache/hadoop/hbase/zookeeper/ZKConfig.java",0,1,0,1,1
"src/main/java/org/apache/hadoop/hbase/zookeeper/ZKLeaderManager.java",0,0.988571428571429,1,1,2
"src/main/java/org/apache/hadoop/hbase/zookeeper/ZKServerTool.java",0,0.388888888888889,1,3,4
"src/main/java/org/apache/hadoop/hbase/zookeeper/ZKSplitLog.java",0,0.985507246376812,1,1,2
"src/main/java/org/apache/hadoop/hbase/zookeeper/ZKTable.java",0,0.821782178217822,0,3,3
"src/main/java/org/apache/hadoop/hbase/zookeeper/ZKUtil.java",0,0.81875,7,1,8
"src/main/java/org/apache/hadoop/hbase/zookeeper/ZooKeeperListener.java",0,0.974358974358974,1,1,2
"src/main/java/org/apache/hadoop/hbase/zookeeper/ZooKeeperMainServerArg.java",0,1,0,1,1
"src/main/java/org/apache/hadoop/hbase/zookeeper/ZooKeeperNodeTracker.java",0,0.800904977375566,0,2,2
"src/main/java/org/apache/hadoop/hbase/zookeeper/ZooKeeperWatcher.java",0,0.765486725663717,3,3,6
"src/test/java/org/apache/hadoop/hbase/BROKE_TODO_FIX_TestAcidGuarantees.java",0,1,0,1,1
"src/test/java/org/apache/hadoop/hbase/EmptyWatcher.java",0,1,0,1,1
"src/test/java/org/apache/hadoop/hbase/HBaseTestCase.java",0,0.471488178025035,3,4,7
"src/test/java/org/apache/hadoop/hbase/HBaseTestingUtility.java",0,0.702719797596458,5,4,9
"src/test/java/org/apache/hadoop/hbase/HFilePerformanceEvaluation.java",0,0.978260869565217,2,1,3
"src/test/java/org/apache/hadoop/hbase/KeyValueTestUtil.java",0,0.518518518518518,0,2,2
"src/test/java/org/apache/hadoop/hbase/MapFilePerformanceEvaluation.java",0,0.991404011461318,2,1,3
"src/test/java/org/apache/hadoop/hbase/MiniHBaseCluster.java",0,0.482041587901701,7,3,10
"src/test/java/org/apache/hadoop/hbase/MultithreadedTestUtil.java",0,0.960264900662252,1,1,2
"src/test/java/org/apache/hadoop/hbase/PerformanceEvaluation.java",0,0.912606341840681,3,2,5
"src/test/java/org/apache/hadoop/hbase/PerformanceEvaluationCommons.java",0,1,0,1,1
"src/test/java/org/apache/hadoop/hbase/TestAcidGuarantees.java",0,0.979041916167665,1,1,2
"src/test/java/org/apache/hadoop/hbase/TestCompare.java",0,0.345454545454545,1,3,4
"src/test/java/org/apache/hadoop/hbase/TestDrainingServer.java",0,0.994974874371859,1,1,2
"src/test/java/org/apache/hadoop/hbase/TestFSTableDescriptorForceCreation.java",0,1,0,1,1
"src/test/java/org/apache/hadoop/hbase/TestFullLogReconstruction.java",0,0.83739837398374,2,2,4
"src/test/java/org/apache/hadoop/hbase/TestGlobalMemStoreSize.java",0,0.977401129943503,1,1,2
"src/test/java/org/apache/hadoop/hbase/TestHBaseTestingUtility.java",0,1,0,1,1
"src/test/java/org/apache/hadoop/hbase/TestHRegionLocation.java",0,1,0,1,1
"src/test/java/org/apache/hadoop/hbase/TestHServerAddress.java",0,1,0,1,1
"src/test/java/org/apache/hadoop/hbase/TestHServerInfo.java",0,1,0,1,1
"src/test/java/org/apache/hadoop/hbase/TestInfoServers.java",0,0.712962962962963,2,2,4
"src/test/java/org/apache/hadoop/hbase/TestKeyValue.java",0,0.584450402144772,1,3,4
"src/test/java/org/apache/hadoop/hbase/TestMultiVersions.java",0,1,0,1,1
"src/test/java/org/apache/hadoop/hbase/TestRegionRebalancing.java",0,0.516129032258065,1,2,3
"src/test/java/org/apache/hadoop/hbase/TestSerialization.java",0,0.48695652173913,1,3,4
"src/test/java/org/apache/hadoop/hbase/TestServerName.java",0,1,0,1,1
"src/test/java/org/apache/hadoop/hbase/TestZooKeeper.java",0,0.490909090909091,2,2,4
"src/test/java/org/apache/hadoop/hbase/TimestampTestBase.java",0,0.58695652173913,0,4,4
"src/test/java/org/apache/hadoop/hbase/avro/TestAvroServer.java",0,0.874458874458874,0,2,2
"src/test/java/org/apache/hadoop/hbase/avro/TestAvroUtil.java",0,1,0,1,1
"src/test/java/org/apache/hadoop/hbase/catalog/TestCatalogTracker.java",0,0.993852459016393,1,1,2
"src/test/java/org/apache/hadoop/hbase/catalog/TestCatalogTrackerOnCluster.java",0,1,0,1,1
"src/test/java/org/apache/hadoop/hbase/catalog/TestMetaReaderEditor.java",0,0.9,0,2,2
"src/test/java/org/apache/hadoop/hbase/catalog/TestMetaReaderEditorNoCluster.java",0,1,0,1,1
"src/test/java/org/apache/hadoop/hbase/client/HConnectionTestingUtility.java",0,0.988235294117647,1,1,2
"src/test/java/org/apache/hadoop/hbase/client/TestAdmin.java",0,0.657841140529532,2,4,6
"src/test/java/org/apache/hadoop/hbase/client/TestAttributes.java",0,1,0,1,1
"src/test/java/org/apache/hadoop/hbase/client/TestFromClientSide.java",0,0.457898399443285,2,3,5
"src/test/java/org/apache/hadoop/hbase/client/TestGet.java",0,1,0,1,1
"src/test/java/org/apache/hadoop/hbase/client/TestHCM.java",0,0.599264705882353,1,3,4
"src/test/java/org/apache/hadoop/hbase/client/TestHTablePool.java",0,0.92090395480226,1,2,3
"src/test/java/org/apache/hadoop/hbase/client/TestHTableUtil.java",0,0.992,1,1,2
"src/test/java/org/apache/hadoop/hbase/client/TestMetaMigrationRemovingHTD.java",0,1,0,1,1
"src/test/java/org/apache/hadoop/hbase/client/TestMetaScanner.java",0,1,0,1,1
"src/test/java/org/apache/hadoop/hbase/client/TestMultiParallel.java",0,0.847389558232932,3,2,5
"src/test/java/org/apache/hadoop/hbase/client/TestMultipleTimestamps.java",0,0.560606060606061,1,2,3
"src/test/java/org/apache/hadoop/hbase/client/TestOperation.java",0,1,0,1,1
"src/test/java/org/apache/hadoop/hbase/client/TestResult.java",0,0.809917355371901,0,2,2
"src/test/java/org/apache/hadoop/hbase/client/TestScan.java",0,1,0,1,1
"src/test/java/org/apache/hadoop/hbase/client/TestScannerTimeout.java",0,0.696261682242991,1,3,4
"src/test/java/org/apache/hadoop/hbase/client/TestShell.java",0,1,0,1,1
"src/test/java/org/apache/hadoop/hbase/client/TestTimestampsFilter.java",0,0.876606683804627,0,2,2
"src/test/java/org/apache/hadoop/hbase/client/replication/TestReplicationAdmin.java",0,0.717948717948718,0,3,3
"src/test/java/org/apache/hadoop/hbase/coprocessor/ColumnAggregationEndpoint.java",0,0.967741935483871,1,1,2
"src/test/java/org/apache/hadoop/hbase/coprocessor/ColumnAggregationProtocol.java",0,1,0,1,1
"src/test/java/org/apache/hadoop/hbase/coprocessor/GenericEndpoint.java",0,0.607142857142857,0,2,2
"src/test/java/org/apache/hadoop/hbase/coprocessor/GenericProtocol.java",0,0.75,0,2,2
"src/test/java/org/apache/hadoop/hbase/coprocessor/SampleRegionWALObserver.java",0,0.925465838509317,2,1,3
"src/test/java/org/apache/hadoop/hbase/coprocessor/SimpleRegionObserver.java",0,0.61431870669746,4,2,6
"src/test/java/org/apache/hadoop/hbase/coprocessor/TestAggregateProtocol.java",0,1,0,1,1
"src/test/java/org/apache/hadoop/hbase/coprocessor/TestClassLoading.java",0,0.510128913443831,1,2,3
"src/test/java/org/apache/hadoop/hbase/coprocessor/TestCoprocessorEndpoint.java",0,0.464454976303318,1,3,4
"src/test/java/org/apache/hadoop/hbase/coprocessor/TestCoprocessorInterface.java",0,0.663841807909605,0,4,4
"src/test/java/org/apache/hadoop/hbase/coprocessor/TestMasterCoprocessorExceptionWithAbort.java",0,0.995614035087719,1,1,2
"src/test/java/org/apache/hadoop/hbase/coprocessor/TestMasterCoprocessorExceptionWithRemove.java",0,0.995475113122172,1,1,2
"src/test/java/org/apache/hadoop/hbase/coprocessor/TestMasterObserver.java",0,0.923076923076923,1,2,3
"src/test/java/org/apache/hadoop/hbase/coprocessor/TestRegionObserverBypass.java",0,0.984455958549223,1,1,2
"src/test/java/org/apache/hadoop/hbase/coprocessor/TestRegionObserverInterface.java",0,0.551312649164678,1,2,3
"src/test/java/org/apache/hadoop/hbase/coprocessor/TestRegionObserverStacking.java",0,0.864285714285714,2,2,4
"src/test/java/org/apache/hadoop/hbase/coprocessor/TestRegionServerCoprocessorExceptionWithAbort.java",0,0.982905982905983,1,1,2
"src/test/java/org/apache/hadoop/hbase/coprocessor/TestRegionServerCoprocessorExceptionWithRemove.java",0,0.985294117647059,1,1,2
"src/test/java/org/apache/hadoop/hbase/coprocessor/TestWALObserver.java",0,0.842995169082126,0,2,2
"src/test/java/org/apache/hadoop/hbase/executor/TestExecutorService.java",0,0.765714285714286,0,3,3
"src/test/java/org/apache/hadoop/hbase/filter/TestBitComparator.java",0,1,0,1,1
"src/test/java/org/apache/hadoop/hbase/filter/TestColumnPaginationFilter.java",0,1,0,1,1
"src/test/java/org/apache/hadoop/hbase/filter/TestColumnPrefixFilter.java",0,0.548913043478261,0,3,3
"src/test/java/org/apache/hadoop/hbase/filter/TestColumnRangeFilter.java",0,1,0,1,1
"src/test/java/org/apache/hadoop/hbase/filter/TestDependentColumnFilter.java",0,0.98780487804878,1,1,2
"src/test/java/org/apache/hadoop/hbase/filter/TestFilter.java",0,0.638578011849901,3,2,5
"src/test/java/org/apache/hadoop/hbase/filter/TestFilterList.java",0,0.948170731707317,0,2,2
"src/test/java/org/apache/hadoop/hbase/filter/TestInclusiveStopFilter.java",0,0.98876404494382,1,1,2
"src/test/java/org/apache/hadoop/hbase/filter/TestMultipleColumnPrefixFilter.java",0,1,0,1,1
"src/test/java/org/apache/hadoop/hbase/filter/TestPageFilter.java",0,0.744444444444444,0,3,3
"src/test/java/org/apache/hadoop/hbase/filter/TestParseFilter.java",0,1,0,1,1
"src/test/java/org/apache/hadoop/hbase/filter/TestPrefixFilter.java",0,1,0,1,1
"src/test/java/org/apache/hadoop/hbase/filter/TestRandomRowFilter.java",0,1,0,1,1
"src/test/java/org/apache/hadoop/hbase/filter/TestSingleColumnValueExcludeFilter.java",0,1,0,1,1
"src/test/java/org/apache/hadoop/hbase/filter/TestSingleColumnValueFilter.java",0,0.871345029239766,0,2,2
"src/test/java/org/apache/hadoop/hbase/io/TestHalfStoreFileReader.java",0,0.858108108108108,2,2,4
"src/test/java/org/apache/hadoop/hbase/io/TestHbaseObjectWritable.java",0,0.534090909090909,0,3,3
"src/test/java/org/apache/hadoop/hbase/io/TestHeapSize.java",0,0.808777429467085,1,2,3
"src/test/java/org/apache/hadoop/hbase/io/TestImmutableBytesWritable.java",0,0.778625954198473,0,2,2
"src/test/java/org/apache/hadoop/hbase/io/hfile/CacheTestUtils.java",0,0.620795107033639,0,2,2
"src/test/java/org/apache/hadoop/hbase/io/hfile/KVGenerator.java",0,1,0,1,1
"src/test/java/org/apache/hadoop/hbase/io/hfile/KeySampler.java",0,1,0,1,1
"src/test/java/org/apache/hadoop/hbase/io/hfile/NanoTimer.java",0,1,0,1,1
"src/test/java/org/apache/hadoop/hbase/io/hfile/RandomDistribution.java",0,1,0,1,1
"src/test/java/org/apache/hadoop/hbase/io/hfile/RandomSeek.java",0,0.945736434108527,3,1,4
"src/test/java/org/apache/hadoop/hbase/io/hfile/TestBlockCacheColumnFamilySummary.java",0,1,0,1,1
"src/test/java/org/apache/hadoop/hbase/io/hfile/TestCacheOnWrite.java",0,0.894957983193277,2,2,4
"src/test/java/org/apache/hadoop/hbase/io/hfile/TestCachedBlockQueue.java",0,0.951388888888889,2,1,3
"src/test/java/org/apache/hadoop/hbase/io/hfile/TestFixedFileTrailer.java",0,0.995594713656388,1,1,2
"src/test/java/org/apache/hadoop/hbase/io/hfile/TestHFile.java",0,0.876712328767123,1,3,4
"src/test/java/org/apache/hadoop/hbase/io/hfile/TestHFileBlock.java",0,0.952848722986248,1,1,2
"src/test/java/org/apache/hadoop/hbase/io/hfile/TestHFileBlockIndex.java",0,0.986688851913478,2,1,3
"src/test/java/org/apache/hadoop/hbase/io/hfile/TestHFilePerformance.java",0,0.987046632124352,2,1,3
"src/test/java/org/apache/hadoop/hbase/io/hfile/TestHFileReaderV1.java",0,0.98876404494382,1,1,2
"src/test/java/org/apache/hadoop/hbase/io/hfile/TestHFileSeek.java",0,0.913696060037523,2,2,4
"src/test/java/org/apache/hadoop/hbase/io/hfile/TestHFileWriterV2.java",0,0.851724137931035,2,2,4
"src/test/java/org/apache/hadoop/hbase/io/hfile/TestLruBlockCache.java",0,0.892727272727273,1,2,3
"src/test/java/org/apache/hadoop/hbase/io/hfile/TestReseekTo.java",0,0.921348314606742,3,1,4
"src/test/java/org/apache/hadoop/hbase/io/hfile/TestSeekTo.java",0,0.476190476190476,1,3,4
"src/test/java/org/apache/hadoop/hbase/io/hfile/slab/TestSingleSizeCache.java",0,0.897435897435897,0,2,2
"src/test/java/org/apache/hadoop/hbase/io/hfile/slab/TestSlab.java",0,0.986111111111111,1,1,2
"src/test/java/org/apache/hadoop/hbase/io/hfile/slab/TestSlabCache.java",0,0.80952380952381,0,2,2
"src/test/java/org/apache/hadoop/hbase/ipc/TestDelayedRpc.java",0,0.679738562091503,0,2,2
"src/test/java/org/apache/hadoop/hbase/mapred/TestTableInputFormat.java",0,0.99112426035503,1,1,2
"src/test/java/org/apache/hadoop/hbase/mapred/TestTableMapReduce.java",0,0.853281853281853,0,2,2
"src/test/java/org/apache/hadoop/hbase/mapreduce/NMapInputFormat.java",0,0.889705882352941,0,2,2
"src/test/java/org/apache/hadoop/hbase/mapreduce/TestHFileOutputFormat.java",0,0.534458509142053,1,4,5
"src/test/java/org/apache/hadoop/hbase/mapreduce/TestImportTsv.java",0,0.513307984790874,1,2,3
"src/test/java/org/apache/hadoop/hbase/mapreduce/TestLoadIncrementalHFiles.java",0,0.52233676975945,1,3,4
"src/test/java/org/apache/hadoop/hbase/mapreduce/TestLoadIncrementalHFilesSplitRecovery.java",0,1,0,1,1
"src/test/java/org/apache/hadoop/hbase/mapreduce/TestSimpleTotalOrderPartitioner.java",0,1,0,1,1
"src/test/java/org/apache/hadoop/hbase/mapreduce/TestTableInputFormatScan.java",0,0.997093023255814,1,1,2
"src/test/java/org/apache/hadoop/hbase/mapreduce/TestTableMapReduce.java",0,0.932384341637011,3,1,4
"src/test/java/org/apache/hadoop/hbase/mapreduce/TestTableSplit.java",0,1,0,1,1
"src/test/java/org/apache/hadoop/hbase/mapreduce/TestTimeRangeMapRed.java",0,0.986175115207373,2,1,3
"src/test/java/org/apache/hadoop/hbase/mapreduce/TsvImporterCustomTestMapper.java",0,1,0,1,1
"src/test/java/org/apache/hadoop/hbase/master/TestActiveMasterManager.java",0,0.96830985915493,1,1,2
"src/test/java/org/apache/hadoop/hbase/master/TestCatalogJanitor.java",0,0.971098265895954,1,1,2
"src/test/java/org/apache/hadoop/hbase/master/TestClockSkewDetection.java",0,0.85,0,2,2
"src/test/java/org/apache/hadoop/hbase/master/TestDeadServer.java",0,0.644067796610169,0,3,3
"src/test/java/org/apache/hadoop/hbase/master/TestDefaultLoadBalancer.java",0,0.897637795275591,1,2,3
"src/test/java/org/apache/hadoop/hbase/master/TestDistributedLogSplitting.java",0,0.884026258205689,1,2,3
"src/test/java/org/apache/hadoop/hbase/master/TestHMasterRPCException.java",0,0.741935483870968,1,3,4
"src/test/java/org/apache/hadoop/hbase/master/TestLogsCleaner.java",0,0.672316384180791,0,3,3
"src/test/java/org/apache/hadoop/hbase/master/TestMaster.java",0,0.76027397260274,1,2,3
"src/test/java/org/apache/hadoop/hbase/master/TestMasterFailover.java",0,0.770524233432245,2,3,5
"src/test/java/org/apache/hadoop/hbase/master/TestMasterRestartAfterDisablingTable.java",0,0.99236641221374,1,1,2
"src/test/java/org/apache/hadoop/hbase/master/TestMasterStatusServlet.java",0,0.921875,0,2,2
"src/test/java/org/apache/hadoop/hbase/master/TestMasterTransitions.java",0,0.992523364485981,2,1,3
"src/test/java/org/apache/hadoop/hbase/master/TestMasterZKSessionRecovery.java",0,1,0,1,1
"src/test/java/org/apache/hadoop/hbase/master/TestOpenedRegionHandler.java",0,0.985915492957746,1,1,2
"src/test/java/org/apache/hadoop/hbase/master/TestRestartCluster.java",0,0.67175572519084,1,2,3
"src/test/java/org/apache/hadoop/hbase/master/TestRollingRestart.java",0,0.936893203883495,4,1,5
"src/test/java/org/apache/hadoop/hbase/master/TestSplitLogManager.java",0,0.826883910386965,0,2,2
"src/test/java/org/apache/hadoop/hbase/master/TestZKBasedOpenCloseRegion.java",0,0.389873417721519,0,4,4
"src/test/java/org/apache/hadoop/hbase/metrics/TestMetricsMBeanBase.java",0,1,0,1,1
"src/test/java/org/apache/hadoop/hbase/migration/TestMigrationFrom090To092.java",0,1,0,1,1
"src/test/java/org/apache/hadoop/hbase/monitoring/TestMemoryBoundedLogMessageBuffer.java",0,1,0,1,1
"src/test/java/org/apache/hadoop/hbase/monitoring/TestTaskMonitor.java",0,0.98019801980198,1,1,2
"src/test/java/org/apache/hadoop/hbase/regionserver/KeyValueScanFixture.java",0,0.775510204081633,0,2,2
"src/test/java/org/apache/hadoop/hbase/regionserver/OOMERegionServer.java",0,0.818181818181818,3,2,5
"src/test/java/org/apache/hadoop/hbase/regionserver/TestBlocksRead.java",0,0.813008130081301,1,2,3
"src/test/java/org/apache/hadoop/hbase/regionserver/TestColumnSeeking.java",0,0.968965517241379,1,1,2
"src/test/java/org/apache/hadoop/hbase/regionserver/TestCompactSelection.java",0,0.808510638297872,1,2,3
"src/test/java/org/apache/hadoop/hbase/regionserver/TestCompaction.java",0,0.48742746615087,4,3,7
"src/test/java/org/apache/hadoop/hbase/regionserver/TestCompoundBloomFilter.java",0,0.961111111111111,2,1,3
"src/test/java/org/apache/hadoop/hbase/regionserver/TestEndToEndSplitTransaction.java",0,0.9375,0,2,2
"src/test/java/org/apache/hadoop/hbase/regionserver/TestExplicitColumnTracker.java",0,0.34020618556701,1,5,6
"src/test/java/org/apache/hadoop/hbase/regionserver/TestFSErrorsExposed.java",0,0.802469135802469,5,2,7
"src/test/java/org/apache/hadoop/hbase/regionserver/TestGetClosestAtOrBefore.java",0,1,0,1,1
"src/test/java/org/apache/hadoop/hbase/regionserver/TestHRegion.java",0,0.499248120300752,10,2,12
"src/test/java/org/apache/hadoop/hbase/regionserver/TestHRegionInfo.java",0,0.571428571428571,0,3,3
"src/test/java/org/apache/hadoop/hbase/regionserver/TestHRegionServerBulkLoad.java",0,1,0,1,1
"src/test/java/org/apache/hadoop/hbase/regionserver/TestKeyValueHeap.java",0,0.573913043478261,1,4,5
"src/test/java/org/apache/hadoop/hbase/regionserver/TestKeyValueScanFixture.java",0,0.955882352941177,1,1,2
"src/test/java/org/apache/hadoop/hbase/regionserver/TestKeyValueSkipListSet.java",0,1,0,1,1
"src/test/java/org/apache/hadoop/hbase/regionserver/TestMasterAddressManager.java",0,1,0,1,1
"src/test/java/org/apache/hadoop/hbase/regionserver/TestMemStore.java",0,0.534715025906736,2,3,5
"src/test/java/org/apache/hadoop/hbase/regionserver/TestMemStoreLAB.java",0,1,0,1,1
"src/test/java/org/apache/hadoop/hbase/regionserver/TestMinVersions.java",0,1,0,1,1
"src/test/java/org/apache/hadoop/hbase/regionserver/TestMultiColumnScanner.java",0,0.811209439528024,0,2,2
"src/test/java/org/apache/hadoop/hbase/regionserver/TestQueryMatcher.java",0,0.584558823529412,1,2,3
"src/test/java/org/apache/hadoop/hbase/regionserver/TestRSStatusServlet.java",0,0.978723404255319,1,1,2
"src/test/java/org/apache/hadoop/hbase/regionserver/TestReadWriteConsistencyControl.java",0,0.78125,0,3,3
"src/test/java/org/apache/hadoop/hbase/regionserver/TestRegionSplitPolicy.java",0,1,0,1,1
"src/test/java/org/apache/hadoop/hbase/regionserver/TestResettingCounters.java",0,0.97,1,1,2
"src/test/java/org/apache/hadoop/hbase/regionserver/TestRpcMetrics.java",0,0.985074626865672,1,1,2
"src/test/java/org/apache/hadoop/hbase/regionserver/TestScanDeleteTracker.java",0,0.690265486725664,1,3,4
"src/test/java/org/apache/hadoop/hbase/regionserver/TestScanWildcardColumnTracker.java",0,0.557377049180328,2,3,5
"src/test/java/org/apache/hadoop/hbase/regionserver/TestScanWithBloomError.java",0,1,0,1,1
"src/test/java/org/apache/hadoop/hbase/regionserver/TestScanner.java",0,0.633333333333333,4,4,8
"src/test/java/org/apache/hadoop/hbase/regionserver/TestServerCustomProtocol.java",0,0.65625,1,3,4
"src/test/java/org/apache/hadoop/hbase/regionserver/TestSplitLogWorker.java",0,1,0,1,1
"src/test/java/org/apache/hadoop/hbase/regionserver/TestSplitTransaction.java",0,0.973684210526316,2,1,3
"src/test/java/org/apache/hadoop/hbase/regionserver/TestSplitTransactionOnCluster.java",0,0.952380952380952,1,1,2
"src/test/java/org/apache/hadoop/hbase/regionserver/TestStore.java",0,0.586350974930362,6,3,9
"src/test/java/org/apache/hadoop/hbase/regionserver/TestStoreFile.java",0,0.468305304010349,2,4,6
"src/test/java/org/apache/hadoop/hbase/regionserver/TestStoreFileBlockCacheSummary.java",0,0.97972972972973,1,1,2
"src/test/java/org/apache/hadoop/hbase/regionserver/TestStoreScanner.java",0,0.64,1,2,3
"src/test/java/org/apache/hadoop/hbase/regionserver/TestWideScanner.java",0,0.966442953020134,2,1,3
"src/test/java/org/apache/hadoop/hbase/regionserver/handler/TestCloseRegionHandler.java",0,0.58411214953271,1,2,3
"src/test/java/org/apache/hadoop/hbase/regionserver/handler/TestOpenRegionHandler.java",0,0.561797752808989,2,2,4
"src/test/java/org/apache/hadoop/hbase/regionserver/wal/FaultySequenceFileLogReader.java",0,1,0,1,1
"src/test/java/org/apache/hadoop/hbase/regionserver/wal/InstrumentedSequenceFileLogWriter.java",0,1,0,1,1
"src/test/java/org/apache/hadoop/hbase/regionserver/wal/TestHLog.java",0,0.563611491108071,5,3,8
"src/test/java/org/apache/hadoop/hbase/regionserver/wal/TestHLogMethods.java",0,0.975757575757576,1,1,2
"src/test/java/org/apache/hadoop/hbase/regionserver/wal/TestHLogSplit.java",0,0.854121079504012,2,2,4
"src/test/java/org/apache/hadoop/hbase/regionserver/wal/TestHLogUtils.java",0,1,0,1,1
"src/test/java/org/apache/hadoop/hbase/regionserver/wal/TestLogRollAbort.java",0,0.895953757225434,0,2,2
"src/test/java/org/apache/hadoop/hbase/regionserver/wal/TestLogRolling.java",0,0.437148217636023,4,4,8
"src/test/java/org/apache/hadoop/hbase/regionserver/wal/TestWALActionsListener.java",0,0.635761589403974,0,3,3
"src/test/java/org/apache/hadoop/hbase/regionserver/wal/TestWALReplay.java",0,0.825525040387722,4,2,6
"src/test/java/org/apache/hadoop/hbase/replication/ReplicationSourceDummy.java",0,0.977777777777778,1,1,2
"src/test/java/org/apache/hadoop/hbase/replication/TestMasterReplication.java",0,0.984939759036145,1,1,2
"src/test/java/org/apache/hadoop/hbase/replication/TestMultiSlaveReplication.java",0,1,0,1,1
"src/test/java/org/apache/hadoop/hbase/replication/TestReplication.java",0,0.834048640915594,2,2,4
"src/test/java/org/apache/hadoop/hbase/replication/TestReplicationPeer.java",0,0.986842105263158,1,1,2
"src/test/java/org/apache/hadoop/hbase/replication/TestReplicationSource.java",0,0.828828828828829,1,2,3
"src/test/java/org/apache/hadoop/hbase/replication/regionserver/TestReplicationSink.java",0,0.885375494071146,1,2,3
"src/test/java/org/apache/hadoop/hbase/replication/regionserver/TestReplicationSourceManager.java",0,0.861660079051383,1,2,3
"src/test/java/org/apache/hadoop/hbase/rest/HBaseRESTTestingUtility.java",0,0.752808988764045,2,2,4
"src/test/java/org/apache/hadoop/hbase/rest/PerformanceEvaluation.java",0,1,0,1,1
"src/test/java/org/apache/hadoop/hbase/rest/TestGzipFilter.java",0,0.993421052631579,1,1,2
"src/test/java/org/apache/hadoop/hbase/rest/TestMultiRowResource.java",0,0.994152046783626,1,1,2
"src/test/java/org/apache/hadoop/hbase/rest/TestRowResource.java",0,0.928166351606805,1,2,3
"src/test/java/org/apache/hadoop/hbase/rest/TestScannerResource.java",0,0.806916426512968,0,2,2
"src/test/java/org/apache/hadoop/hbase/rest/TestScannersWithFilters.java",0,0.993975903614458,1,1,2
"src/test/java/org/apache/hadoop/hbase/rest/TestSchemaResource.java",0,0.850931677018634,0,2,2
"src/test/java/org/apache/hadoop/hbase/rest/TestStatusResource.java",0,0.990909090909091,1,1,2
"src/test/java/org/apache/hadoop/hbase/rest/TestTableResource.java",0,0.926530612244898,1,2,3
"src/test/java/org/apache/hadoop/hbase/rest/TestTransform.java",0,0.991304347826087,1,1,2
"src/test/java/org/apache/hadoop/hbase/rest/TestVersionResource.java",0,0.993865030674847,1,1,2
"src/test/java/org/apache/hadoop/hbase/rest/client/TestRemoteAdmin.java",0,0.861111111111111,0,2,2
"src/test/java/org/apache/hadoop/hbase/rest/client/TestRemoteTable.java",0,0.99135446685879,1,1,2
"src/test/java/org/apache/hadoop/hbase/rest/model/TestCellModel.java",0,1,0,1,1
"src/test/java/org/apache/hadoop/hbase/rest/model/TestCellSetModel.java",0,1,0,1,1
"src/test/java/org/apache/hadoop/hbase/rest/model/TestColumnSchemaModel.java",0,1,0,1,1
"src/test/java/org/apache/hadoop/hbase/rest/model/TestRowModel.java",0,1,0,1,1
"src/test/java/org/apache/hadoop/hbase/rest/model/TestScannerModel.java",0,1,0,1,1
"src/test/java/org/apache/hadoop/hbase/rest/model/TestStorageClusterStatusModel.java",0,1,0,1,1
"src/test/java/org/apache/hadoop/hbase/rest/model/TestStorageClusterVersionModel.java",0,1,0,1,1
"src/test/java/org/apache/hadoop/hbase/rest/model/TestTableInfoModel.java",0,1,0,1,1
"src/test/java/org/apache/hadoop/hbase/rest/model/TestTableListModel.java",0,1,0,1,1
"src/test/java/org/apache/hadoop/hbase/rest/model/TestTableRegionModel.java",0,0.811320754716981,0,2,2
"src/test/java/org/apache/hadoop/hbase/rest/model/TestTableSchemaModel.java",0,1,0,1,1
"src/test/java/org/apache/hadoop/hbase/rest/model/TestVersionModel.java",0,1,0,1,1
"src/test/java/org/apache/hadoop/hbase/security/TestUser.java",0,0.721153846153846,0,2,2
"src/test/java/org/apache/hadoop/hbase/thrift/TestThriftServer.java",0,0.745011086474501,2,2,4
"src/test/java/org/apache/hadoop/hbase/util/EnvironmentEdgeManagerTestHelper.java",0,1,0,1,1
"src/test/java/org/apache/hadoop/hbase/util/MockRegionServerServices.java",0,0.909090909090909,2,2,4
"src/test/java/org/apache/hadoop/hbase/util/MockServer.java",0,0.955357142857143,1,1,2
"src/test/java/org/apache/hadoop/hbase/util/SoftValueSortedMapTest.java",0,0.926829268292683,2,1,3
"src/test/java/org/apache/hadoop/hbase/util/TestBase64.java",0,0.985074626865672,1,1,2
"src/test/java/org/apache/hadoop/hbase/util/TestByteBloomFilter.java",0,0.75,0,2,2
"src/test/java/org/apache/hadoop/hbase/util/TestBytes.java",0,0.591695501730104,1,4,5
"src/test/java/org/apache/hadoop/hbase/util/TestCompressionTest.java",0,0.453125,0,3,3
"src/test/java/org/apache/hadoop/hbase/util/TestDefaultEnvironmentEdge.java",0,1,0,1,1
"src/test/java/org/apache/hadoop/hbase/util/TestEnvironmentEdgeManager.java",0,1,0,1,1
"src/test/java/org/apache/hadoop/hbase/util/TestFSTableDescriptors.java",0,0.968627450980392,1,1,2
"src/test/java/org/apache/hadoop/hbase/util/TestFSUtils.java",0,1,0,1,1
"src/test/java/org/apache/hadoop/hbase/util/TestHBaseFsck.java",0,0.732193732193732,2,3,5
"src/test/java/org/apache/hadoop/hbase/util/TestHBaseFsckComparator.java",0,1,0,1,1
"src/test/java/org/apache/hadoop/hbase/util/TestIdLock.java",0,0.990654205607477,1,1,2
"src/test/java/org/apache/hadoop/hbase/util/TestIncrementingEnvironmentEdge.java",0,1,0,1,1
"src/test/java/org/apache/hadoop/hbase/util/TestKeying.java",0,0.82258064516129,0,2,2
"src/test/java/org/apache/hadoop/hbase/util/TestMergeTable.java",0,0.846590909090909,0,2,2
"src/test/java/org/apache/hadoop/hbase/util/TestMergeTool.java",0,0.454861111111111,4,3,7
"src/test/java/org/apache/hadoop/hbase/util/TestPoolMap.java",0,0.991379310344828,1,1,2
"src/test/java/org/apache/hadoop/hbase/util/TestRegionSplitCalculator.java",0,1,0,1,1
"src/test/java/org/apache/hadoop/hbase/util/TestRootPath.java",0,0.968253968253968,2,1,3
"src/test/java/org/apache/hadoop/hbase/util/TestSortedCopyOnWriteSet.java",0,1,0,1,1
"src/test/java/org/apache/hadoop/hbase/util/hbck/HbckTestingUtil.java",0,1,0,1,1
"src/test/java/org/apache/hadoop/hbase/util/hbck/OfflineMetaRebuildTestCore.java",0,1,0,1,1
"src/test/java/org/apache/hadoop/hbase/util/hbck/TestOfflineMetaRebuildBase.java",0,1,0,1,1
"src/test/java/org/apache/hadoop/hbase/util/hbck/TestOfflineMetaRebuildHole.java",0,1,0,1,1
"src/test/java/org/apache/hadoop/hbase/util/hbck/TestOfflineMetaRebuildOverlap.java",0,1,0,1,1
"src/test/java/org/apache/hadoop/hbase/zookeeper/TestHQuorumPeer.java",0,0.852112676056338,2,2,4
"src/test/java/org/apache/hadoop/hbase/zookeeper/TestZKLeaderManager.java",0,1,0,1,1
"src/test/java/org/apache/hadoop/hbase/zookeeper/TestZKTable.java",0,0.989473684210526,1,1,2
"src/test/java/org/apache/hadoop/hbase/zookeeper/TestZooKeeperACL.java",0,1,0,1,1
"src/test/java/org/apache/hadoop/hbase/zookeeper/TestZooKeeperMainServerArg.java",0,1,0,1,1
"src/test/java/org/apache/hadoop/hbase/zookeeper/TestZooKeeperNodeTracker.java",0,0.926984126984127,1,2,3
"bin/copy_table.rb",0,0.897590361445783,0,2,2
"bin/hirb.rb",0,0.885245901639344,2,2,4
"bin/region_mover.rb",0,1,0,1,1
"bin/region_status.rb",0,1,0,1,1
"bin/replication/copy_tables_desc.rb",0,1,0,1,1
"src/examples/mapreduce/index-builder-setup.rb",0,0.516129032258065,0,2,2
"src/examples/thrift/DemoClient.cpp",0,0.784126984126984,0,2,2
"src/examples/thrift/DemoClient.py",0,0.693069306930693,0,2,2
"src/examples/thrift/DemoClient.rb",0,0.689795918367347,0,2,2
"src/main/ruby/hbase.rb",0,0.710526315789474,2,2,4
"src/main/ruby/hbase/admin.rb",0,0.7157712305026,3,3,6
"src/main/ruby/hbase/hbase.rb",0,0.516666666666667,0,4,4
"src/main/ruby/hbase/replication_admin.rb",0,0.907894736842105,1,2,3
"src/main/ruby/hbase/security.rb",0,1,0,1,1
"src/main/ruby/hbase/table.rb",0,0.941690962099125,0,2,2
"src/main/ruby/irb/hirb.rb",0,0.666666666666667,0,2,2
"src/main/ruby/shell.rb",0,0.803986710963455,3,3,6
"src/main/ruby/shell/commands.rb",0,0.670588235294118,2,2,4
"src/main/ruby/shell/commands/add_peer.rb",0,0.818181818181818,0,2,2
"src/main/ruby/shell/commands/alter.rb",0,0.511904761904762,1,2,3
"src/main/ruby/shell/commands/alter_async.rb",0,1,0,1,1
"src/main/ruby/shell/commands/alter_status.rb",0,1,0,1,1
"src/main/ruby/shell/commands/assign.rb",0,0.512820512820513,0,3,3
"src/main/ruby/shell/commands/balance_switch.rb",0,0.534883720930233,0,2,2
"src/main/ruby/shell/commands/balancer.rb",0,0.48780487804878,0,3,3
"src/main/ruby/shell/commands/close_region.rb",0,0.655172413793103,0,2,2
"src/main/ruby/shell/commands/compact.rb",0,0.526315789473684,0,2,2
"src/main/ruby/shell/commands/count.rb",0,0.672131147540984,0,2,2
"src/main/ruby/shell/commands/create.rb",0,0.583333333333333,0,2,2
"src/main/ruby/shell/commands/delete.rb",0,0.534883720930233,0,2,2
"src/main/ruby/shell/commands/deleteall.rb",0,0.523809523809524,0,2,2
"src/main/ruby/shell/commands/describe.rb",0,0.523809523809524,0,2,2
"src/main/ruby/shell/commands/disable.rb",0,0.540540540540541,0,2,2
"src/main/ruby/shell/commands/disable_all.rb",0,1,0,1,1
"src/main/ruby/shell/commands/disable_peer.rb",0,0.863636363636364,0,2,2
"src/main/ruby/shell/commands/drop.rb",0,0.5,0,2,2
"src/main/ruby/shell/commands/drop_all.rb",0,1,0,1,1
"src/main/ruby/shell/commands/enable.rb",0,0.540540540540541,0,2,2
"src/main/ruby/shell/commands/enable_all.rb",0,1,0,1,1
"src/main/ruby/shell/commands/enable_peer.rb",0,0.863636363636364,0,2,2
"src/main/ruby/shell/commands/exists.rb",0,0.512820512820513,0,2,2
"src/main/ruby/shell/commands/flush.rb",0,0.51219512195122,0,2,2
"src/main/ruby/shell/commands/get.rb",0,0.62962962962963,0,2,2
"src/main/ruby/shell/commands/get_counter.rb",0,0.534883720930233,0,2,2
"src/main/ruby/shell/commands/grant.rb",0,1,0,1,1
"src/main/ruby/shell/commands/hlog_roll.rb",0,1,0,1,1
"src/main/ruby/shell/commands/incr.rb",0,0.523809523809524,0,2,2
"src/main/ruby/shell/commands/is_disabled.rb",0,1,0,1,1
"src/main/ruby/shell/commands/is_enabled.rb",0,1,0,1,1
"src/main/ruby/shell/commands/list.rb",0,0.416666666666667,0,3,3
"src/main/ruby/shell/commands/list_peers.rb",0,1,0,1,1
"src/main/ruby/shell/commands/major_compact.rb",0,0.526315789473684,0,2,2
"src/main/ruby/shell/commands/move.rb",0,0.583333333333333,0,2,2
"src/main/ruby/shell/commands/put.rb",0,0.51219512195122,0,2,2
"src/main/ruby/shell/commands/remove_peer.rb",0,0.9,0,2,2
"src/main/ruby/shell/commands/revoke.rb",0,1,0,1,1
"src/main/ruby/shell/commands/scan.rb",0,0.710144927536232,0,2,2
"src/main/ruby/shell/commands/show_filters.rb",0,1,0,1,1
"src/main/ruby/shell/commands/split.rb",0,0.465116279069767,0,3,3
"src/main/ruby/shell/commands/start_replication.rb",0,0.837209302325581,0,2,2
"src/main/ruby/shell/commands/status.rb",0,0.51219512195122,0,2,2
"src/main/ruby/shell/commands/stop_replication.rb",0,0.837209302325581,0,2,2
"src/main/ruby/shell/commands/truncate.rb",0,0.512820512820513,0,2,2
"src/main/ruby/shell/commands/unassign.rb",0,0.477272727272727,0,3,3
"src/main/ruby/shell/commands/user_permission.rb",0,1,0,1,1
"src/main/ruby/shell/commands/version.rb",0,0.526315789473684,0,2,2
"src/main/ruby/shell/commands/zk_dump.rb",0,0.571428571428571,0,2,2
"src/main/ruby/shell/formatter.rb",0,0.853801169590643,1,2,3
"src/test/ruby/hbase/admin_test.rb",0,0.812101910828026,0,2,2
"src/test/ruby/hbase/hbase_test.rb",0,0.58,1,2,3
"src/test/ruby/hbase/table_test.rb",0,0.95260663507109,1,1,2
"src/test/ruby/shell/commands_test.rb",0,0.588235294117647,0,2,2
"src/test/ruby/shell/formatter_test.rb",0,0.710144927536232,0,2,2
"src/test/ruby/shell/shell_test.rb",0,0.7,1,2,3
"src/test/ruby/test_helper.rb",0,0.988505747126437,1,1,2
"src/test/ruby/tests_runner.rb",0,0.696969696969697,0,2,2
