i,j,k,filename,idx,y_pred,y_test,left,condition,right,score,X_test,X_validate,y_validate
activemq-5.0.0,activemq-5.1.0,activemq-5.2.0,activemq-core/src/main/java/org/apache/activemq/broker/TransportConnection.java,262,1.0,True,OWN_COMMIT,>,0.50,0.3886991335890929,0.529411764705882,0.5,True
activemq-5.0.0,activemq-5.1.0,activemq-5.2.0,activemq-core/src/main/java/org/apache/activemq/broker/TransportConnection.java,262,1.0,True,OWN_LINE,>,0.50,0.06009619413839091,0.709077380952381,0.69479090242113,True
activemq-5.0.0,activemq-5.1.0,activemq-5.2.0,activemq-core/src/main/java/org/apache/activemq/broker/TransportConnection.java,262,1.0,True,RatioCommentToCode,<=,0.28,0.05537836061552586,0.15,0.15,True
activemq-5.0.0,activemq-5.1.0,activemq-5.2.0,activemq-core/src/main/java/org/apache/activemq/broker/TransportConnection.java,262,1.0,True,MaxInheritanceTree,>,0.50,0.03607836954379886,1.0,1,True
activemq-5.0.0,activemq-5.1.0,activemq-5.2.0,activemq-core/src/main/java/org/apache/activemq/broker/TransportConnection.java,262,1.0,True,CountInput_Min,<=,0.50,0.028704410297197756,0.0,0,True
activemq-5.0.0,activemq-5.1.0,activemq-5.2.0,activemq-core/src/main/java/org/apache/activemq/ActiveMQConnection.java,42,0.96,True,OWN_COMMIT,<=,0.50,0.16582006288647066,0.45454545454545503,0.5,True
activemq-5.0.0,activemq-5.1.0,activemq-5.2.0,activemq-core/src/main/java/org/apache/activemq/ActiveMQConnection.java,42,0.96,True,OWN_LINE,>,0.50,0.064073714522773,0.5672985781990519,0.533424283765348,True
activemq-5.0.0,activemq-5.1.0,activemq-5.2.0,activemq-core/src/main/java/org/apache/activemq/ActiveMQConnection.java,42,0.96,True,RatioCommentToCode,>,0.58,-0.03617062763981604,0.77,0.76,True
activemq-5.0.0,activemq-5.1.0,activemq-5.2.0,activemq-core/src/main/java/org/apache/activemq/ActiveMQConnection.java,42,0.96,True,MaxInheritanceTree,>,0.50,0.029298159612588425,1.0,1,True
activemq-5.0.0,activemq-5.1.0,activemq-5.2.0,activemq-core/src/main/java/org/apache/activemq/ActiveMQConnection.java,42,0.96,True,CountInput_Min,<=,0.50,0.027741041337624218,0.0,0,True
activemq-5.0.0,activemq-5.1.0,activemq-5.2.0,activemq-core/src/main/java/org/apache/activemq/broker/region/Topic.java,246,0.95,True,OWN_COMMIT,>,0.50,0.38580982208447606,0.7777777777777779,0.5,True
activemq-5.0.0,activemq-5.1.0,activemq-5.2.0,activemq-core/src/main/java/org/apache/activemq/broker/region/Topic.java,246,0.95,True,RatioCommentToCode,<=,0.28,0.047178630322384014,0.18,0.16,True
activemq-5.0.0,activemq-5.1.0,activemq-5.2.0,activemq-core/src/main/java/org/apache/activemq/broker/region/Topic.java,246,0.95,True,CountInput_Min,<=,0.50,0.032586944406768244,0.0,0,True
activemq-5.0.0,activemq-5.1.0,activemq-5.2.0,activemq-core/src/main/java/org/apache/activemq/broker/region/Topic.java,246,0.95,True,CountOutput_Min,<=,0.50,0.026188024305195897,0.0,0,True
activemq-5.0.0,activemq-5.1.0,activemq-5.2.0,activemq-core/src/main/java/org/apache/activemq/broker/region/Topic.java,246,0.95,True,CountClassBase,>,1.50,-0.020977516357579464,2.0,2,True
activemq-5.0.0,activemq-5.1.0,activemq-5.2.0,activemq-core/src/main/java/org/apache/activemq/kaha/impl/async/AsyncDataManager.java,412,0.95,True,OWN_COMMIT,<=,0.50,0.15957902445475847,0.5,0.5,True
activemq-5.0.0,activemq-5.1.0,activemq-5.2.0,activemq-core/src/main/java/org/apache/activemq/kaha/impl/async/AsyncDataManager.java,412,0.95,True,ADEV,>,5.50,0.07459798931165193,6.0,2,True
activemq-5.0.0,activemq-5.1.0,activemq-5.2.0,activemq-core/src/main/java/org/apache/activemq/kaha/impl/async/AsyncDataManager.java,412,0.95,True,RatioCommentToCode,<=,0.28,0.05873404015824356,0.09,0.09,True
activemq-5.0.0,activemq-5.1.0,activemq-5.2.0,activemq-core/src/main/java/org/apache/activemq/kaha/impl/async/AsyncDataManager.java,412,0.95,True,OWN_LINE,>,0.50,0.04928984614854526,0.770469798657718,0.755614266842801,True
activemq-5.0.0,activemq-5.1.0,activemq-5.2.0,activemq-core/src/main/java/org/apache/activemq/kaha/impl/async/AsyncDataManager.java,412,0.95,True,MaxInheritanceTree,>,0.50,0.02952581015587773,1.0,1,True
activemq-5.0.0,activemq-5.1.0,activemq-5.2.0,activemq-core/src/main/java/org/apache/activemq/broker/region/RegionBroker.java,239,0.94,True,OWN_COMMIT,>,0.50,0.3845147188619005,0.8,0.5,True
activemq-5.0.0,activemq-5.1.0,activemq-5.2.0,activemq-core/src/main/java/org/apache/activemq/broker/region/RegionBroker.java,239,0.94,True,OWN_LINE,<=,0.50,-0.0678568377405519,0.35405405405405393,0.351648351648352,True
activemq-5.0.0,activemq-5.1.0,activemq-5.2.0,activemq-core/src/main/java/org/apache/activemq/broker/region/RegionBroker.java,239,0.94,True,RatioCommentToCode,<=,0.28,0.05214832840788797,0.06,0.06,True
activemq-5.0.0,activemq-5.1.0,activemq-5.2.0,activemq-core/src/main/java/org/apache/activemq/broker/region/RegionBroker.java,239,0.94,True,MaxInheritanceTree,>,0.50,0.03242863643998454,1.0,2,True
activemq-5.0.0,activemq-5.1.0,activemq-5.2.0,activemq-core/src/main/java/org/apache/activemq/broker/region/RegionBroker.java,239,0.94,True,CountInput_Min,<=,0.50,0.02582336168499595,0.0,0,True
activemq-5.0.0,activemq-5.1.0,activemq-5.2.0,activemq-core/src/main/java/org/apache/activemq/broker/BrokerService.java,98,0.94,True,OWN_COMMIT,>,0.50,0.3836837815819687,0.818181818181818,0.4,True
activemq-5.0.0,activemq-5.1.0,activemq-5.2.0,activemq-core/src/main/java/org/apache/activemq/broker/BrokerService.java,98,0.94,True,OWN_LINE,<=,0.50,-0.04173647369031401,0.49503916449086205,0.465542885473475,True
activemq-5.0.0,activemq-5.1.0,activemq-5.2.0,activemq-core/src/main/java/org/apache/activemq/broker/BrokerService.java,98,0.94,True,MaxInheritanceTree,>,0.50,0.03339735243873663,1.0,1,True
activemq-5.0.0,activemq-5.1.0,activemq-5.2.0,activemq-core/src/main/java/org/apache/activemq/broker/BrokerService.java,98,0.94,True,CountOutput_Min,<=,0.50,0.02653453227392458,0.0,0,True
activemq-5.0.0,activemq-5.1.0,activemq-5.2.0,activemq-core/src/main/java/org/apache/activemq/broker/BrokerService.java,98,0.94,True,CountInput_Min,<=,0.50,0.02553043862713209,0.0,0,True
activemq-5.0.0,activemq-5.1.0,activemq-5.2.0,activemq-core/src/main/java/org/apache/activemq/broker/region/cursors/FilePendingMessageCursor.java,165,0.93,True,OWN_COMMIT,>,0.50,0.391734497876519,0.666666666666667,0.0,True
activemq-5.0.0,activemq-5.1.0,activemq-5.2.0,activemq-core/src/main/java/org/apache/activemq/broker/region/cursors/FilePendingMessageCursor.java,165,0.93,True,OWN_LINE,>,0.50,0.06848442000574484,0.805,0.902743142144638,True
activemq-5.0.0,activemq-5.1.0,activemq-5.2.0,activemq-core/src/main/java/org/apache/activemq/broker/region/cursors/FilePendingMessageCursor.java,165,0.93,True,RatioCommentToCode,<=,0.28,0.059763916081725925,0.22,0.22,True
activemq-5.0.0,activemq-5.1.0,activemq-5.2.0,activemq-core/src/main/java/org/apache/activemq/broker/region/cursors/FilePendingMessageCursor.java,165,0.93,True,CountInput_Min,<=,0.50,0.028923138113597195,0.0,0,True
activemq-5.0.0,activemq-5.1.0,activemq-5.2.0,activemq-core/src/main/java/org/apache/activemq/broker/region/cursors/FilePendingMessageCursor.java,165,0.93,True,CountInput_Mean,>,2.57,0.025143857220983484,3.22222222222222,3.22222222222222,True
activemq-5.0.0,activemq-5.1.0,activemq-5.2.0,activemq-core/src/main/java/org/apache/activemq/broker/region/cursors/StoreDurableSubscriberCursor.java,168,0.93,True,OWN_COMMIT,>,0.88,0.251052060757345,0.9,0.5,True
activemq-5.0.0,activemq-5.1.0,activemq-5.2.0,activemq-core/src/main/java/org/apache/activemq/broker/region/cursors/StoreDurableSubscriberCursor.java,168,0.93,True,OWN_LINE,>,0.50,0.04984092666019901,0.681681681681682,0.676923076923077,True
activemq-5.0.0,activemq-5.1.0,activemq-5.2.0,activemq-core/src/main/java/org/apache/activemq/broker/region/cursors/StoreDurableSubscriberCursor.java,168,0.93,True,RatioCommentToCode,<=,0.28,0.04798555001307016,0.25,0.23,True
activemq-5.0.0,activemq-5.1.0,activemq-5.2.0,activemq-core/src/main/java/org/apache/activemq/broker/region/cursors/StoreDurableSubscriberCursor.java,168,0.93,True,CountInput_Min,<=,0.50,0.03443593453192515,0.0,0,True
activemq-5.0.0,activemq-5.1.0,activemq-5.2.0,activemq-core/src/main/java/org/apache/activemq/broker/region/cursors/StoreDurableSubscriberCursor.java,168,0.93,True,AvgCyclomaticModified,>,1.50,0.028252778302541703,2.0,2,True
activemq-5.0.0,activemq-5.1.0,activemq-5.2.0,activemq-core/src/main/java/org/apache/activemq/broker/region/PrefetchSubscription.java,231,0.92,True,OWN_COMMIT,>,0.50,0.3850735712997717,0.7647058823529409,0.857142857142857,True
activemq-5.0.0,activemq-5.1.0,activemq-5.2.0,activemq-core/src/main/java/org/apache/activemq/broker/region/PrefetchSubscription.java,231,0.92,True,OWN_LINE,>,0.50,0.06719900358693534,0.63849765258216,0.5842391304347829,True
activemq-5.0.0,activemq-5.1.0,activemq-5.2.0,activemq-core/src/main/java/org/apache/activemq/broker/region/PrefetchSubscription.java,231,0.92,True,RatioCommentToCode,<=,0.28,0.062091244351602924,0.24,0.26,True
activemq-5.0.0,activemq-5.1.0,activemq-5.2.0,activemq-core/src/main/java/org/apache/activemq/broker/region/PrefetchSubscription.java,231,0.92,True,CountInput_Min,<=,0.50,0.03613240788023246,0.0,0,True
activemq-5.0.0,activemq-5.1.0,activemq-5.2.0,activemq-core/src/main/java/org/apache/activemq/broker/region/PrefetchSubscription.java,231,0.92,True,CountInput_Mean,>,2.57,0.027338481915158835,3.5384615384615397,3.775,True
activemq-5.0.0,activemq-5.1.0,activemq-5.2.0,activemq-core/src/main/java/org/apache/activemq/ActiveMQMessageConsumer.java,49,0.91,True,OWN_COMMIT,>,0.50,0.3852650286051999,0.6,0.666666666666667,True
activemq-5.0.0,activemq-5.1.0,activemq-5.2.0,activemq-core/src/main/java/org/apache/activemq/ActiveMQMessageConsumer.java,49,0.91,True,OWN_LINE,>,0.50,0.0618064035505278,0.527462121212121,0.496396396396396,True
activemq-5.0.0,activemq-5.1.0,activemq-5.2.0,activemq-core/src/main/java/org/apache/activemq/ActiveMQMessageConsumer.java,49,0.91,True,MaxInheritanceTree,>,0.50,0.03112094099749171,1.0,1,True
activemq-5.0.0,activemq-5.1.0,activemq-5.2.0,activemq-core/src/main/java/org/apache/activemq/ActiveMQMessageConsumer.java,49,0.91,True,CountInput_Min,<=,0.50,0.02842433339639971,0.0,0,True
activemq-5.0.0,activemq-5.1.0,activemq-5.2.0,activemq-core/src/main/java/org/apache/activemq/ActiveMQMessageConsumer.java,49,0.91,True,RatioCommentToCode,>,0.29,0.025996453563926488,0.41,0.39,True
activemq-5.0.0,activemq-5.1.0,activemq-5.2.0,activemq-core/src/main/java/org/apache/activemq/broker/region/AbstractRegion.java,156,0.91,True,OWN_COMMIT,>,0.88,0.25406263757568137,0.9,0.75,True
activemq-5.0.0,activemq-5.1.0,activemq-5.2.0,activemq-core/src/main/java/org/apache/activemq/broker/region/AbstractRegion.java,156,0.91,True,RatioCommentToCode,<=,0.28,0.04955086395129113,0.25,0.24,True
activemq-5.0.0,activemq-5.1.0,activemq-5.2.0,activemq-core/src/main/java/org/apache/activemq/broker/region/AbstractRegion.java,156,0.91,True,CountInput_Min,<=,0.50,0.04595735614052694,0.0,0,True
activemq-5.0.0,activemq-5.1.0,activemq-5.2.0,activemq-core/src/main/java/org/apache/activemq/broker/region/AbstractRegion.java,156,0.91,True,MaxInheritanceTree,>,0.50,0.030172568383495895,1.0,1,True
activemq-5.0.0,activemq-5.1.0,activemq-5.2.0,activemq-core/src/main/java/org/apache/activemq/broker/region/AbstractRegion.java,156,0.91,True,CountClassBase,>,1.50,-0.022312913882786233,2.0,2,True
activemq-5.0.0,activemq-5.1.0,activemq-5.2.0,activemq-core/src/main/java/org/apache/activemq/transport/failover/FailoverTransport.java,897,0.9,True,OWN_COMMIT,>,0.50,0.3841189440167605,0.76,0.8,True
activemq-5.0.0,activemq-5.1.0,activemq-5.2.0,activemq-core/src/main/java/org/apache/activemq/transport/failover/FailoverTransport.java,897,0.9,True,RatioCommentToCode,<=,0.28,0.049655404256664634,0.1,0.1,True
activemq-5.0.0,activemq-5.1.0,activemq-5.2.0,activemq-core/src/main/java/org/apache/activemq/transport/failover/FailoverTransport.java,897,0.9,True,MaxInheritanceTree,>,0.50,0.03870409151338691,1.0,1,True
activemq-5.0.0,activemq-5.1.0,activemq-5.2.0,activemq-core/src/main/java/org/apache/activemq/transport/failover/FailoverTransport.java,897,0.9,True,CountInput_Min,<=,0.50,0.027612625248863158,0.0,0,True
activemq-5.0.0,activemq-5.1.0,activemq-5.2.0,activemq-core/src/main/java/org/apache/activemq/transport/failover/FailoverTransport.java,897,0.9,True,CountInput_Mean,>,2.57,0.0219502508359469,2.71428571428571,2.76785714285714,True
activemq-5.0.0,activemq-5.1.0,activemq-5.2.0,activemq-core/src/main/java/org/apache/activemq/broker/region/Queue.java,232,0.9,True,OWN_COMMIT,>,0.50,0.3891232080044859,0.6923076923076921,0.5333333333333329,True
activemq-5.0.0,activemq-5.1.0,activemq-5.2.0,activemq-core/src/main/java/org/apache/activemq/broker/region/Queue.java,232,0.9,True,OWN_LINE,<=,0.50,-0.06873048029332116,0.400495458298927,0.536567164179104,True
activemq-5.0.0,activemq-5.1.0,activemq-5.2.0,activemq-core/src/main/java/org/apache/activemq/broker/region/Queue.java,232,0.9,True,RatioCommentToCode,<=,0.28,0.05845354621090802,0.17,0.17,True
activemq-5.0.0,activemq-5.1.0,activemq-5.2.0,activemq-core/src/main/java/org/apache/activemq/broker/region/Queue.java,232,0.9,True,CountInput_Min,<=,0.50,0.03240625409079848,0.0,0,True
activemq-5.0.0,activemq-5.1.0,activemq-5.2.0,activemq-core/src/main/java/org/apache/activemq/broker/region/Queue.java,232,0.9,True,CountOutput_Min,<=,0.50,0.02910768651891904,0.0,0,True
activemq-5.0.0,activemq-5.1.0,activemq-5.2.0,activemq-core/src/test/java/org/apache/activemq/broker/RecoveryBrokerTest.java,1093,0.89,True,OWN_COMMIT,>,1.00,-0.4435303294999054,1.0,0.0,False
activemq-5.0.0,activemq-5.1.0,activemq-5.2.0,activemq-core/src/test/java/org/apache/activemq/broker/RecoveryBrokerTest.java,1093,0.89,True,OWN_LINE,>,0.50,0.06117890086887416,0.5496183206106869,0.49143835616438397,False
activemq-5.0.0,activemq-5.1.0,activemq-5.2.0,activemq-core/src/test/java/org/apache/activemq/broker/RecoveryBrokerTest.java,1093,0.89,True,RatioCommentToCode,<=,0.28,0.05110542505126769,0.25,0.25,False
activemq-5.0.0,activemq-5.1.0,activemq-5.2.0,activemq-core/src/test/java/org/apache/activemq/broker/RecoveryBrokerTest.java,1093,0.89,True,CountInput_Min,<=,0.50,0.03126824437553388,0.0,0,False
activemq-5.0.0,activemq-5.1.0,activemq-5.2.0,activemq-core/src/test/java/org/apache/activemq/broker/RecoveryBrokerTest.java,1093,0.89,True,CountDeclClassVariable,<=,0.50,0.02198343481072662,0.0,0,False
activemq-5.0.0,activemq-5.1.0,activemq-5.2.0,activemq-core/src/main/java/org/apache/activemq/store/amq/AMQMessageStore.java,787,0.88,True,OWN_COMMIT,>,0.50,0.385192637457135,0.875,1.0,True
activemq-5.0.0,activemq-5.1.0,activemq-5.2.0,activemq-core/src/main/java/org/apache/activemq/store/amq/AMQMessageStore.java,787,0.88,True,OWN_LINE,>,0.50,0.06505640177963096,0.651079136690647,0.6475849731663691,True
activemq-5.0.0,activemq-5.1.0,activemq-5.2.0,activemq-core/src/main/java/org/apache/activemq/store/amq/AMQMessageStore.java,787,0.88,True,RatioCommentToCode,<=,0.28,0.05081637488313469,0.16,0.16,True
activemq-5.0.0,activemq-5.1.0,activemq-5.2.0,activemq-core/src/main/java/org/apache/activemq/store/amq/AMQMessageStore.java,787,0.88,True,MaxInheritanceTree,>,0.50,0.03480582888382007,1.0,1,True
activemq-5.0.0,activemq-5.1.0,activemq-5.2.0,activemq-core/src/main/java/org/apache/activemq/store/amq/AMQMessageStore.java,787,0.88,True,CountInput_Min,<=,0.50,0.034448715881421454,0.0,0,True
activemq-5.0.0,activemq-5.1.0,activemq-5.2.0,activemq-core/src/main/java/org/apache/activemq/broker/region/AbstractSubscription.java,157,0.88,True,OWN_COMMIT,>,0.50,0.38694928478260354,0.8,1.0,False
activemq-5.0.0,activemq-5.1.0,activemq-5.2.0,activemq-core/src/main/java/org/apache/activemq/broker/region/AbstractSubscription.java,157,0.88,True,OWN_LINE,<=,0.50,-0.05942706151498164,0.4467005076142129,0.403669724770642,False
activemq-5.0.0,activemq-5.1.0,activemq-5.2.0,activemq-core/src/main/java/org/apache/activemq/broker/region/AbstractSubscription.java,157,0.88,True,RatioCommentToCode,<=,0.28,0.05487530268930228,0.11,0.16,False
activemq-5.0.0,activemq-5.1.0,activemq-5.2.0,activemq-core/src/main/java/org/apache/activemq/broker/region/AbstractSubscription.java,157,0.88,True,MaxInheritanceTree,>,0.50,0.031907786904232724,1.0,1,False
activemq-5.0.0,activemq-5.1.0,activemq-5.2.0,activemq-core/src/main/java/org/apache/activemq/broker/region/AbstractSubscription.java,157,0.88,True,CountInput_Min,<=,0.50,0.02785312002677777,0.0,0,False
activemq-5.0.0,activemq-5.1.0,activemq-5.2.0,activemq-core/src/test/java/org/apache/activemq/broker/ft/TransactedTopicMasterSlaveTest.java,1073,0.84,True,OWN_COMMIT,<=,0.50,0.1521326772968316,0.0,1.0,True
activemq-5.0.0,activemq-5.1.0,activemq-5.2.0,activemq-core/src/test/java/org/apache/activemq/broker/ft/TransactedTopicMasterSlaveTest.java,1073,0.84,True,OWN_LINE,>,0.50,0.06310014636385688,0.563218390804598,0.6428571428571429,True
activemq-5.0.0,activemq-5.1.0,activemq-5.2.0,activemq-core/src/test/java/org/apache/activemq/broker/ft/TransactedTopicMasterSlaveTest.java,1073,0.84,True,CountDeclMethodPrivate,<=,0.50,-0.0429105382388288,0.0,0,True
activemq-5.0.0,activemq-5.1.0,activemq-5.2.0,activemq-core/src/test/java/org/apache/activemq/broker/ft/TransactedTopicMasterSlaveTest.java,1073,0.84,True,CountDeclClassVariable,<=,0.50,0.028221008166073803,0.0,0,True
activemq-5.0.0,activemq-5.1.0,activemq-5.2.0,activemq-core/src/test/java/org/apache/activemq/broker/ft/TransactedTopicMasterSlaveTest.java,1073,0.84,True,RatioCommentToCode,>,0.29,0.026884367034138323,0.46,0.39,True
activemq-5.0.0,activemq-5.1.0,activemq-5.2.0,activemq-core/src/main/java/org/apache/activemq/advisory/AdvisoryBroker.java,68,0.84,True,OWN_COMMIT,>,0.88,0.2499710206420332,0.8888888888888891,1.0,True
activemq-5.0.0,activemq-5.1.0,activemq-5.2.0,activemq-core/src/main/java/org/apache/activemq/advisory/AdvisoryBroker.java,68,0.84,True,RatioCommentToCode,<=,0.28,0.05243266592565786,0.13,0.1,True
activemq-5.0.0,activemq-5.1.0,activemq-5.2.0,activemq-core/src/main/java/org/apache/activemq/advisory/AdvisoryBroker.java,68,0.84,True,MaxInheritanceTree,>,1.50,-0.023167062516513,2.0,2,True
activemq-5.0.0,activemq-5.1.0,activemq-5.2.0,activemq-core/src/main/java/org/apache/activemq/advisory/AdvisoryBroker.java,68,0.84,True,CountClassBase,>,0.50,0.01992424068248771,1.0,1,True
activemq-5.0.0,activemq-5.1.0,activemq-5.2.0,activemq-core/src/main/java/org/apache/activemq/advisory/AdvisoryBroker.java,68,0.84,True,CountClassDerived,<=,0.50,0.018681055994174103,0.0,0,True
activemq-5.0.0,activemq-5.1.0,activemq-5.2.0,activemq-ra/src/main/java/org/apache/activemq/ra/ActiveMQEndpointWorker.java,1784,0.84,True,OWN_LINE,>,0.50,0.06563071548789809,0.555555555555556,0.430379746835443,False
activemq-5.0.0,activemq-5.1.0,activemq-5.2.0,activemq-ra/src/main/java/org/apache/activemq/ra/ActiveMQEndpointWorker.java,1784,0.84,True,RatioCommentToCode,<=,0.28,0.049127365117623265,0.24,0.21,False
activemq-5.0.0,activemq-5.1.0,activemq-5.2.0,activemq-ra/src/main/java/org/apache/activemq/ra/ActiveMQEndpointWorker.java,1784,0.84,True,MaxInheritanceTree,>,0.50,0.03043978775241437,1.0,1,False
activemq-5.0.0,activemq-5.1.0,activemq-5.2.0,activemq-ra/src/main/java/org/apache/activemq/ra/ActiveMQEndpointWorker.java,1784,0.84,True,CountInput_Mean,>,2.57,0.029867539292666837,3.25,4.3125,False
activemq-5.0.0,activemq-5.1.0,activemq-5.2.0,activemq-ra/src/main/java/org/apache/activemq/ra/ActiveMQEndpointWorker.java,1784,0.84,True,CountInput_Min,<=,0.50,0.029468004577148627,0.0,0,False
activemq-5.0.0,activemq-5.1.0,activemq-5.2.0,activemq-core/src/main/java/org/apache/activemq/transport/vm/VMTransport.java,987,0.83,True,OWN_COMMIT,>,0.50,0.3840262667519535,0.6,0.0,False
activemq-5.0.0,activemq-5.1.0,activemq-5.2.0,activemq-core/src/main/java/org/apache/activemq/transport/vm/VMTransport.java,987,0.83,True,OWN_LINE,>,0.50,0.06211661623537624,0.7014492753623189,0.7014492753623189,False
activemq-5.0.0,activemq-5.1.0,activemq-5.2.0,activemq-core/src/main/java/org/apache/activemq/transport/vm/VMTransport.java,987,0.83,True,RatioCommentToCode,<=,0.28,0.054054823167650534,0.18,0.18,False
activemq-5.0.0,activemq-5.1.0,activemq-5.2.0,activemq-core/src/main/java/org/apache/activemq/transport/vm/VMTransport.java,987,0.83,True,MaxInheritanceTree,>,0.50,0.03819044549629173,1.0,1,False
activemq-5.0.0,activemq-5.1.0,activemq-5.2.0,activemq-core/src/main/java/org/apache/activemq/transport/vm/VMTransport.java,987,0.83,True,CountInput_Min,<=,0.50,0.025868682035670568,0.0,0,False
activemq-5.0.0,activemq-5.1.0,activemq-5.2.0,activemq-core/src/main/java/org/apache/activemq/store/amq/AMQPersistenceAdapter.java,788,0.82,True,OWN_COMMIT,>,0.50,0.38328560623763047,0.8461538461538459,0.666666666666667,True
activemq-5.0.0,activemq-5.1.0,activemq-5.2.0,activemq-core/src/main/java/org/apache/activemq/store/amq/AMQPersistenceAdapter.java,788,0.82,True,OWN_LINE,>,0.50,0.06715622723685048,0.667692307692308,0.6591970121381889,True
activemq-5.0.0,activemq-5.1.0,activemq-5.2.0,activemq-core/src/main/java/org/apache/activemq/store/amq/AMQPersistenceAdapter.java,788,0.82,True,RatioCommentToCode,<=,0.28,0.045168855798218964,0.15,0.15,True
activemq-5.0.0,activemq-5.1.0,activemq-5.2.0,activemq-core/src/main/java/org/apache/activemq/store/amq/AMQPersistenceAdapter.java,788,0.82,True,CountClassDerived,<=,0.50,0.021966414809752855,0.0,0,True
activemq-5.0.0,activemq-5.1.0,activemq-5.2.0,activemq-core/src/main/java/org/apache/activemq/store/amq/AMQPersistenceAdapter.java,788,0.82,True,CountInput_Mean,>,2.57,0.020862934735632055,2.9036144578313303,2.9574468085106402,True
activemq-5.0.0,activemq-5.1.0,activemq-5.2.0,activemq-ra/src/main/java/org/apache/activemq/ra/ActiveMQManagedConnection.java,1785,0.81,True,OWN_LINE,>,0.50,0.05672093571090801,0.7846889952153109,0.7905236907730671,True
activemq-5.0.0,activemq-5.1.0,activemq-5.2.0,activemq-ra/src/main/java/org/apache/activemq/ra/ActiveMQManagedConnection.java,1785,0.81,True,CountClassDerived,<=,0.50,0.04665309374672507,0.0,0,True
activemq-5.0.0,activemq-5.1.0,activemq-5.2.0,activemq-ra/src/main/java/org/apache/activemq/ra/ActiveMQManagedConnection.java,1785,0.81,True,CountInput_Min,<=,0.50,0.039500275065046636,0.0,0,True
activemq-5.0.0,activemq-5.1.0,activemq-5.2.0,activemq-ra/src/main/java/org/apache/activemq/ra/ActiveMQManagedConnection.java,1785,0.81,True,RatioCommentToCode,>,0.29,0.03297740398675086,0.36,0.37,True
activemq-5.0.0,activemq-5.1.0,activemq-5.2.0,activemq-ra/src/main/java/org/apache/activemq/ra/ActiveMQManagedConnection.java,1785,0.81,True,MaxInheritanceTree,>,0.50,0.02975269123787151,1.0,1,True
activemq-5.0.0,activemq-5.1.0,activemq-5.2.0,activemq-ra/src/main/java/org/apache/activemq/ra/ManagedSessionProxy.java,1797,0.81,True,OWN_COMMIT,<=,0.50,0.15610277876777584,0.0,0.0,True
activemq-5.0.0,activemq-5.1.0,activemq-5.2.0,activemq-ra/src/main/java/org/apache/activemq/ra/ManagedSessionProxy.java,1797,0.81,True,RatioCommentToCode,>,1.20,-0.06184000267535754,1.25,1.24,True
activemq-5.0.0,activemq-5.1.0,activemq-5.2.0,activemq-ra/src/main/java/org/apache/activemq/ra/ManagedSessionProxy.java,1797,0.81,True,OWN_LINE,>,0.50,0.057660926975215236,0.916256157635468,0.9137931034482759,True
activemq-5.0.0,activemq-5.1.0,activemq-5.2.0,activemq-ra/src/main/java/org/apache/activemq/ra/ManagedSessionProxy.java,1797,0.81,True,MaxInheritanceTree,>,0.50,0.037011501269489044,1.0,1,True
activemq-5.0.0,activemq-5.1.0,activemq-5.2.0,activemq-ra/src/main/java/org/apache/activemq/ra/ManagedSessionProxy.java,1797,0.81,True,CountInput_Min,<=,0.50,0.03407128268524233,0.0,0,True
activemq-5.0.0,activemq-5.1.0,activemq-5.2.0,activemq-ra/src/main/java/org/apache/activemq/ra/ManagedConnectionProxy.java,1796,0.79,True,OWN_LINE,>,0.50,0.0665400771287155,0.82962962962963,0.82962962962963,True
activemq-5.0.0,activemq-5.1.0,activemq-5.2.0,activemq-ra/src/main/java/org/apache/activemq/ra/ManagedConnectionProxy.java,1796,0.79,True,MaxInheritanceTree,>,0.50,0.04106135401233036,1.0,1,True
activemq-5.0.0,activemq-5.1.0,activemq-5.2.0,activemq-ra/src/main/java/org/apache/activemq/ra/ManagedConnectionProxy.java,1796,0.79,True,CountInput_Min,<=,0.50,0.03714403531679313,0.0,0,True
activemq-5.0.0,activemq-5.1.0,activemq-5.2.0,activemq-ra/src/main/java/org/apache/activemq/ra/ManagedConnectionProxy.java,1796,0.79,True,CountClassDerived,<=,0.50,0.02956054308304488,0.0,0,True
activemq-5.0.0,activemq-5.1.0,activemq-5.2.0,activemq-ra/src/main/java/org/apache/activemq/ra/ManagedConnectionProxy.java,1796,0.79,True,AvgCyclomaticModified,>,0.50,-0.02277887102877264,1.0,1,True
activemq-5.0.0,activemq-5.1.0,activemq-5.2.0,activemq-core/src/main/java/org/apache/activemq/store/amq/AMQPersistenceAdapterFactory.java,789,0.78,True,OWN_LINE,>,0.50,0.06491358074641115,0.751445086705202,0.869436201780415,False
activemq-5.0.0,activemq-5.1.0,activemq-5.2.0,activemq-core/src/main/java/org/apache/activemq/store/amq/AMQPersistenceAdapterFactory.java,789,0.78,True,RatioCommentToCode,>,0.58,-0.039629678883233835,0.62,0.61,False
activemq-5.0.0,activemq-5.1.0,activemq-5.2.0,activemq-core/src/main/java/org/apache/activemq/store/amq/AMQPersistenceAdapterFactory.java,789,0.78,True,CountInput_Min,<=,0.50,0.03154449781396324,0.0,0,False
activemq-5.0.0,activemq-5.1.0,activemq-5.2.0,activemq-core/src/main/java/org/apache/activemq/store/amq/AMQPersistenceAdapterFactory.java,789,0.78,True,MaxInheritanceTree,>,0.50,0.027099635244742074,1.0,1,False
activemq-5.0.0,activemq-5.1.0,activemq-5.2.0,activemq-core/src/main/java/org/apache/activemq/store/amq/AMQPersistenceAdapterFactory.java,789,0.78,True,MAJOR_LINE,<=,0.50,0.02699911994917547,0.0,1,False
activemq-5.0.0,activemq-5.1.0,activemq-5.2.0,activemq-core/src/main/java/org/apache/activemq/transport/tcp/TcpTransportServer.java,955,0.78,True,OWN_COMMIT,<=,0.50,0.1560041926943304,0.5,0.5,True
activemq-5.0.0,activemq-5.1.0,activemq-5.2.0,activemq-core/src/main/java/org/apache/activemq/transport/tcp/TcpTransportServer.java,955,0.78,True,CountClassCoupled,>,10.50,0.06597902227657355,13.0,14,True
activemq-5.0.0,activemq-5.1.0,activemq-5.2.0,activemq-core/src/main/java/org/apache/activemq/transport/tcp/TcpTransportServer.java,955,0.78,True,RatioCommentToCode,>,0.29,0.03617626082829534,0.39,0.36,True
activemq-5.0.0,activemq-5.1.0,activemq-5.2.0,activemq-core/src/main/java/org/apache/activemq/transport/tcp/TcpTransportServer.java,955,0.78,True,CountClassDerived,>,0.50,-0.02833778744189138,3.0,3,True
activemq-5.0.0,activemq-5.1.0,activemq-5.2.0,activemq-core/src/main/java/org/apache/activemq/transport/tcp/TcpTransportServer.java,955,0.78,True,CountInput_Min,<=,0.50,0.023887667972506372,0.0,0,True
activemq-5.0.0,activemq-5.1.0,activemq-5.2.0,activemq-web/src/main/java/org/apache/activemq/web/WebClient.java,1941,0.77,True,OWN_COMMIT,<=,0.50,0.15182515384388073,0.0,1.0,True
activemq-5.0.0,activemq-5.1.0,activemq-5.2.0,activemq-web/src/main/java/org/apache/activemq/web/WebClient.java,1941,0.77,True,OWN_LINE,>,0.50,0.06637520427866248,0.501529051987768,0.45054945054945095,True
activemq-5.0.0,activemq-5.1.0,activemq-5.2.0,activemq-web/src/main/java/org/apache/activemq/web/WebClient.java,1941,0.77,True,RatioCommentToCode,<=,0.28,0.05833823029364985,0.15,0.14,True
activemq-5.0.0,activemq-5.1.0,activemq-5.2.0,activemq-web/src/main/java/org/apache/activemq/web/WebClient.java,1941,0.77,True,MaxInheritanceTree,>,0.50,0.04095832520899237,1.0,1,True
activemq-5.0.0,activemq-5.1.0,activemq-5.2.0,activemq-web/src/main/java/org/apache/activemq/web/WebClient.java,1941,0.77,True,CountInput_Min,<=,0.50,0.03268563824611463,0.0,0,True
activemq-5.0.0,activemq-5.1.0,activemq-5.2.0,activemq-core/src/main/java/org/apache/activemq/filter/ComparisonExpression.java,377,0.76,True,OWN_COMMIT,<=,0.50,0.16118162470951236,0.0,0.0,False
activemq-5.0.0,activemq-5.1.0,activemq-5.2.0,activemq-core/src/main/java/org/apache/activemq/filter/ComparisonExpression.java,377,0.76,True,OWN_LINE,>,0.50,0.07125125325992954,0.536866359447005,0.536866359447005,False
activemq-5.0.0,activemq-5.1.0,activemq-5.2.0,activemq-core/src/main/java/org/apache/activemq/filter/ComparisonExpression.java,377,0.76,True,RatioCommentToCode,<=,0.28,0.06187198489137657,0.19,0.19,False
activemq-5.0.0,activemq-5.1.0,activemq-5.2.0,activemq-core/src/main/java/org/apache/activemq/filter/ComparisonExpression.java,377,0.76,True,CountInput_Min,<=,0.50,0.03826126159300295,0.0,0,False
activemq-5.0.0,activemq-5.1.0,activemq-5.2.0,activemq-core/src/main/java/org/apache/activemq/filter/ComparisonExpression.java,377,0.76,True,MaxInheritanceTree,>,1.50,-0.02194111895102583,2.0,2,False
activemq-5.0.0,activemq-5.1.0,activemq-5.2.0,activemq-core/src/main/java/org/apache/activemq/broker/region/policy/PolicyEntry.java,215,0.73,True,OWN_COMMIT,>,0.88,0.25450927219348096,0.9090909090909091,1.0,True
activemq-5.0.0,activemq-5.1.0,activemq-5.2.0,activemq-core/src/main/java/org/apache/activemq/broker/region/policy/PolicyEntry.java,215,0.73,True,OWN_LINE,>,0.50,0.06465591033476152,0.5071770334928231,0.61100569259962,True
activemq-5.0.0,activemq-5.1.0,activemq-5.2.0,activemq-core/src/main/java/org/apache/activemq/broker/region/policy/PolicyEntry.java,215,0.73,True,RatioCommentToCode,>,0.29,0.024143354453086543,0.36,0.41,True
activemq-5.0.0,activemq-5.1.0,activemq-5.2.0,activemq-core/src/main/java/org/apache/activemq/broker/region/policy/PolicyEntry.java,215,0.73,True,CountInput_Mean,>,2.57,0.022794572808381017,2.6,2.4,True
activemq-5.0.0,activemq-5.1.0,activemq-5.2.0,activemq-core/src/main/java/org/apache/activemq/broker/region/policy/PolicyEntry.java,215,0.73,True,CountClassBase,>,0.50,0.017340061352140237,1.0,1,True
activemq-5.0.0,activemq-5.1.0,activemq-5.2.0,activemq-core/src/test/java/org/apache/activemq/JmsTransactionTestSupport.java,1228,0.73,True,OWN_COMMIT,<=,0.50,0.14732551287790158,0.0,1.0,False
activemq-5.0.0,activemq-5.1.0,activemq-5.2.0,activemq-core/src/test/java/org/apache/activemq/JmsTransactionTestSupport.java,1228,0.73,True,OWN_LINE,>,0.50,0.06504952846788839,0.6564516129032261,0.651685393258427,False
activemq-5.0.0,activemq-5.1.0,activemq-5.2.0,activemq-core/src/test/java/org/apache/activemq/JmsTransactionTestSupport.java,1228,0.73,True,CountInput_Min,<=,0.50,0.03693137577987242,0.0,0,False
activemq-5.0.0,activemq-5.1.0,activemq-5.2.0,activemq-core/src/test/java/org/apache/activemq/JmsTransactionTestSupport.java,1228,0.73,True,RatioCommentToCode,>,0.29,0.03644609181796022,0.42,0.41,False
activemq-5.0.0,activemq-5.1.0,activemq-5.2.0,activemq-core/src/test/java/org/apache/activemq/JmsTransactionTestSupport.java,1228,0.73,True,CountInput_Mean,>,2.57,0.029267608830095476,3.69230769230769,3.6296296296296298,False
activemq-5.0.0,activemq-5.1.0,activemq-5.2.0,activemq-core/src/test/java/org/apache/activemq/transport/discovery/DiscoveryTransportNoBrokerTest.java,1540,0.72,True,OWN_COMMIT,<=,0.50,0.1557298187385622,0.0,1.0,True
activemq-5.0.0,activemq-5.1.0,activemq-5.2.0,activemq-core/src/test/java/org/apache/activemq/transport/discovery/DiscoveryTransportNoBrokerTest.java,1540,0.72,True,OWN_LINE,>,1.00,-0.047739717928007006,1.0,0.80952380952381,True
activemq-5.0.0,activemq-5.1.0,activemq-5.2.0,activemq-core/src/test/java/org/apache/activemq/transport/discovery/DiscoveryTransportNoBrokerTest.java,1540,0.72,True,RatioCommentToCode,>,0.58,-0.036193012358263214,0.9,0.81,True
activemq-5.0.0,activemq-5.1.0,activemq-5.2.0,activemq-core/src/test/java/org/apache/activemq/transport/discovery/DiscoveryTransportNoBrokerTest.java,1540,0.72,True,CountInput_Min,<=,0.50,0.03295561056869715,0.0,2,True
activemq-5.0.0,activemq-5.1.0,activemq-5.2.0,activemq-core/src/test/java/org/apache/activemq/transport/discovery/DiscoveryTransportNoBrokerTest.java,1540,0.72,True,MaxInheritanceTree,>,2.50,-0.028112335065336717,4.0,4,True
activemq-5.0.0,activemq-5.1.0,activemq-5.2.0,activemq-ra/src/main/java/org/apache/activemq/ra/MessageEndpointProxy.java,1800,0.72,True,OWN_COMMIT,<=,0.50,0.15440010895193296,0.0,0.0,False
activemq-5.0.0,activemq-5.1.0,activemq-5.2.0,activemq-ra/src/main/java/org/apache/activemq/ra/MessageEndpointProxy.java,1800,0.72,True,OWN_LINE,>,0.50,0.06222593672535366,0.7161290322580649,0.6851851851851851,False
activemq-5.0.0,activemq-5.1.0,activemq-5.2.0,activemq-ra/src/main/java/org/apache/activemq/ra/MessageEndpointProxy.java,1800,0.72,True,RatioCommentToCode,<=,0.28,0.05057341006632112,0.18,0.17,False
activemq-5.0.0,activemq-5.1.0,activemq-5.2.0,activemq-ra/src/main/java/org/apache/activemq/ra/MessageEndpointProxy.java,1800,0.72,True,CountInput_Min,<=,0.50,0.03876147910583045,0.0,0,False
activemq-5.0.0,activemq-5.1.0,activemq-5.2.0,activemq-ra/src/main/java/org/apache/activemq/ra/MessageEndpointProxy.java,1800,0.72,True,MaxInheritanceTree,>,1.50,-0.030705869702728514,2.0,2,False
activemq-5.0.0,activemq-5.1.0,activemq-5.2.0,activemq-core/src/main/java/org/apache/activemq/broker/region/BaseDestination.java,159,0.71,True,OWN_COMMIT,>,0.50,0.3873356819195809,0.8461538461538459,0.5,True
activemq-5.0.0,activemq-5.1.0,activemq-5.2.0,activemq-core/src/main/java/org/apache/activemq/broker/region/BaseDestination.java,159,0.71,True,CountClassCoupled,>,10.50,0.05867529155863316,12.0,15,True
activemq-5.0.0,activemq-5.1.0,activemq-5.2.0,activemq-core/src/main/java/org/apache/activemq/broker/region/BaseDestination.java,159,0.71,True,OWN_LINE,>,0.50,0.05545398678094811,0.8965517241379308,0.9473684210526321,True
activemq-5.0.0,activemq-5.1.0,activemq-5.2.0,activemq-core/src/main/java/org/apache/activemq/broker/region/BaseDestination.java,159,0.71,True,MaxInheritanceTree,>,0.50,0.033731547452104785,1.0,1,True
activemq-5.0.0,activemq-5.1.0,activemq-5.2.0,activemq-core/src/main/java/org/apache/activemq/broker/region/BaseDestination.java,159,0.71,True,RatioCommentToCode,>,0.29,0.025610838658098142,0.47,0.62,True
activemq-5.0.0,activemq-5.1.0,activemq-5.2.0,activemq-core/src/main/java/org/apache/activemq/security/AuthorizationBroker.java,756,0.71,True,OWN_COMMIT,<=,0.50,0.15485107127790632,0.0,1.0,True
activemq-5.0.0,activemq-5.1.0,activemq-5.2.0,activemq-core/src/main/java/org/apache/activemq/security/AuthorizationBroker.java,756,0.71,True,OWN_LINE,>,0.50,0.06763719412263332,0.541284403669725,0.526785714285714,True
activemq-5.0.0,activemq-5.1.0,activemq-5.2.0,activemq-core/src/main/java/org/apache/activemq/security/AuthorizationBroker.java,756,0.71,True,CountDeclClassVariable,<=,0.50,0.03155817211358521,0.0,0,True
activemq-5.0.0,activemq-5.1.0,activemq-5.2.0,activemq-core/src/main/java/org/apache/activemq/security/AuthorizationBroker.java,756,0.71,True,RatioCommentToCode,>,0.29,0.028839557986371184,0.35,0.34,True
activemq-5.0.0,activemq-5.1.0,activemq-5.2.0,activemq-core/src/main/java/org/apache/activemq/security/AuthorizationBroker.java,756,0.71,True,CountInput_Min,<=,0.50,0.026103414621806514,0.0,0,True
activemq-5.0.0,activemq-5.1.0,activemq-5.2.0,activemq-core/src/test/java/org/apache/activemq/broker/region/cursors/CursorQueueStoreTest.java,1095,0.7,True,OWN_COMMIT,<=,0.50,0.15155093680310805,0.0,0.0,False
activemq-5.0.0,activemq-5.1.0,activemq-5.2.0,activemq-core/src/test/java/org/apache/activemq/broker/region/cursors/CursorQueueStoreTest.java,1095,0.7,True,OWN_LINE,>,0.50,0.05066531381432566,0.615384615384615,0.5333333333333329,False
activemq-5.0.0,activemq-5.1.0,activemq-5.2.0,activemq-core/src/test/java/org/apache/activemq/broker/region/cursors/CursorQueueStoreTest.java,1095,0.7,True,CountClassDerived,<=,0.50,0.029496209735365406,0.0,0,False
activemq-5.0.0,activemq-5.1.0,activemq-5.2.0,activemq-core/src/test/java/org/apache/activemq/broker/region/cursors/CursorQueueStoreTest.java,1095,0.7,True,CountDeclClassVariable,<=,0.50,0.027574610343050643,0.0,0,False
activemq-5.0.0,activemq-5.1.0,activemq-5.2.0,activemq-core/src/test/java/org/apache/activemq/broker/region/cursors/CursorQueueStoreTest.java,1095,0.7,True,CountDeclMethodPublic,<=,5.50,-0.01852052633190784,0.0,2,False
activemq-5.0.0,activemq-5.1.0,activemq-5.2.0,activemq-core/src/main/java/org/apache/activemq/broker/ft/MasterBroker.java,111,0.7,True,OWN_COMMIT,<=,0.50,0.16145275386865715,0.0,1.0,True
activemq-5.0.0,activemq-5.1.0,activemq-5.2.0,activemq-core/src/main/java/org/apache/activemq/broker/ft/MasterBroker.java,111,0.7,True,OWN_LINE,>,0.50,0.05794219960650437,0.7287671232876709,0.6909090909090911,True
activemq-5.0.0,activemq-5.1.0,activemq-5.2.0,activemq-core/src/main/java/org/apache/activemq/broker/ft/MasterBroker.java,111,0.7,True,RatioCommentToCode,>,0.58,-0.030488996201159888,0.84,0.78,True
activemq-5.0.0,activemq-5.1.0,activemq-5.2.0,activemq-core/src/main/java/org/apache/activemq/broker/ft/MasterBroker.java,111,0.7,True,MaxInheritanceTree,>,2.50,-0.02829936926039886,3.0,3,True
activemq-5.0.0,activemq-5.1.0,activemq-5.2.0,activemq-core/src/main/java/org/apache/activemq/broker/ft/MasterBroker.java,111,0.7,True,CountClassDerived,<=,0.50,0.024594847525622243,0.0,0,True
activemq-5.0.0,activemq-5.1.0,activemq-5.2.0,activemq-web/src/main/java/org/apache/activemq/web/MessageServletSupport.java,1926,0.69,True,OWN_COMMIT,<=,0.50,0.16372649060793973,0.0,0.0,True
activemq-5.0.0,activemq-5.1.0,activemq-5.2.0,activemq-web/src/main/java/org/apache/activemq/web/MessageServletSupport.java,1926,0.69,True,RatioCommentToCode,<=,0.28,0.06737061869006568,0.22,0.22,True
activemq-5.0.0,activemq-5.1.0,activemq-5.2.0,activemq-web/src/main/java/org/apache/activemq/web/MessageServletSupport.java,1926,0.69,True,OWN_LINE,>,0.50,0.06304084300372617,0.612068965517241,0.595505617977528,True
activemq-5.0.0,activemq-5.1.0,activemq-5.2.0,activemq-web/src/main/java/org/apache/activemq/web/MessageServletSupport.java,1926,0.69,True,MaxInheritanceTree,>,1.50,-0.04296060306561729,2.0,2,True
activemq-5.0.0,activemq-5.1.0,activemq-5.2.0,activemq-web/src/main/java/org/apache/activemq/web/MessageServletSupport.java,1926,0.69,True,CountClassDerived,>,0.50,-0.02707006616335338,3.0,3,True
activemq-5.0.0,activemq-5.1.0,activemq-5.2.0,activemq-core/src/main/java/org/apache/activemq/network/DemandForwardingBridge.java,526,0.69,True,OWN_COMMIT,<=,0.50,0.14791347828214005,0.0,1.0,True
activemq-5.0.0,activemq-5.1.0,activemq-5.2.0,activemq-core/src/main/java/org/apache/activemq/network/DemandForwardingBridge.java,526,0.69,True,OWN_LINE,>,0.50,0.06825154342780047,0.576086956521739,0.5698924731182801,True
activemq-5.0.0,activemq-5.1.0,activemq-5.2.0,activemq-core/src/main/java/org/apache/activemq/network/DemandForwardingBridge.java,526,0.69,True,CountClassDerived,>,0.50,-0.03443092220469934,1.0,1,True
activemq-5.0.0,activemq-5.1.0,activemq-5.2.0,activemq-core/src/main/java/org/apache/activemq/network/DemandForwardingBridge.java,526,0.69,True,CountClassBase,>,0.50,0.02835606929513531,1.0,1,True
activemq-5.0.0,activemq-5.1.0,activemq-5.2.0,activemq-core/src/main/java/org/apache/activemq/network/DemandForwardingBridge.java,526,0.69,True,RatioCommentToCode,>,0.29,0.025335659355551706,0.41,0.41,True
activemq-5.0.0,activemq-5.1.0,activemq-5.2.0,activemq-core/src/main/java/org/apache/activemq/store/amq/AMQTransactionStore.java,791,0.69,True,OWN_LINE,>,0.50,0.06055400023430994,0.585454545454545,0.622302158273381,False
activemq-5.0.0,activemq-5.1.0,activemq-5.2.0,activemq-core/src/main/java/org/apache/activemq/store/amq/AMQTransactionStore.java,791,0.69,True,CountDeclClassVariable,<=,0.50,0.028751107807441157,0.0,0,False
activemq-5.0.0,activemq-5.1.0,activemq-5.2.0,activemq-core/src/main/java/org/apache/activemq/store/amq/AMQTransactionStore.java,791,0.69,True,CountOutput_Min,<=,0.50,0.027632374203676736,0.0,0,False
activemq-5.0.0,activemq-5.1.0,activemq-5.2.0,activemq-core/src/main/java/org/apache/activemq/store/amq/AMQTransactionStore.java,791,0.69,True,CountClassDerived,<=,0.50,0.027348321569229506,0.0,0,False
activemq-5.0.0,activemq-5.1.0,activemq-5.2.0,activemq-core/src/main/java/org/apache/activemq/store/amq/AMQTransactionStore.java,791,0.69,True,MaxInheritanceTree,>,0.50,0.026971186490670117,1.0,1,False
activemq-5.0.0,activemq-5.1.0,activemq-5.2.0,activemq-core/src/main/java/org/apache/activemq/transport/tcp/TcpTransport.java,953,0.69,True,OWN_COMMIT,>,0.50,0.3927196081399871,0.666666666666667,1.0,True
activemq-5.0.0,activemq-5.1.0,activemq-5.2.0,activemq-core/src/main/java/org/apache/activemq/transport/tcp/TcpTransport.java,953,0.69,True,OWN_LINE,>,0.50,0.0627706570247661,0.525,0.49277978339350204,True
activemq-5.0.0,activemq-5.1.0,activemq-5.2.0,activemq-core/src/main/java/org/apache/activemq/transport/tcp/TcpTransport.java,953,0.69,True,MaxInheritanceTree,>,2.50,-0.02593419219998437,4.0,4,True
activemq-5.0.0,activemq-5.1.0,activemq-5.2.0,activemq-core/src/main/java/org/apache/activemq/transport/tcp/TcpTransport.java,953,0.69,True,CountInput_Min,>,0.50,-0.022177307610612214,1.0,1,True
activemq-5.0.0,activemq-5.1.0,activemq-5.2.0,activemq-core/src/main/java/org/apache/activemq/transport/tcp/TcpTransport.java,953,0.69,True,RatioCommentToCode,>,0.29,0.017922359284137365,0.4,0.39,True
activemq-5.0.0,activemq-5.1.0,activemq-5.2.0,activemq-core/src/main/java/org/apache/activemq/command/ActiveMQObjectMessage.java,304,0.68,True,OWN_LINE,>,0.50,0.06091306647395187,0.617647058823529,0.617647058823529,False
activemq-5.0.0,activemq-5.1.0,activemq-5.2.0,activemq-core/src/main/java/org/apache/activemq/command/ActiveMQObjectMessage.java,304,0.68,True,RatioCommentToCode,>,0.58,-0.036330553479842084,0.7,0.7,False
activemq-5.0.0,activemq-5.1.0,activemq-5.2.0,activemq-core/src/main/java/org/apache/activemq/command/ActiveMQObjectMessage.java,304,0.68,True,CountInput_Min,<=,0.50,0.029754234700535474,0.0,0,False
activemq-5.0.0,activemq-5.1.0,activemq-5.2.0,activemq-core/src/main/java/org/apache/activemq/command/ActiveMQObjectMessage.java,304,0.68,True,CountInput_Mean,>,2.57,0.021320744288692912,3.1,3.1,False
activemq-5.0.0,activemq-5.1.0,activemq-5.2.0,activemq-core/src/main/java/org/apache/activemq/command/ActiveMQObjectMessage.java,304,0.68,True,CountClassBase,>,1.50,-0.019614699444601435,2.0,2,False
activemq-5.0.0,activemq-5.1.0,activemq-5.2.0,activemq-core/src/test/java/org/apache/activemq/usecases/DurableSubscriptionTestSupport.java,1605,0.68,True,OWN_LINE,>,0.50,0.058129186856332164,0.7380952380952379,0.7380952380952379,False
activemq-5.0.0,activemq-5.1.0,activemq-5.2.0,activemq-core/src/test/java/org/apache/activemq/usecases/DurableSubscriptionTestSupport.java,1605,0.68,True,CountInput_Min,<=,0.50,0.039585310554661766,0.0,0,False
activemq-5.0.0,activemq-5.1.0,activemq-5.2.0,activemq-core/src/test/java/org/apache/activemq/usecases/DurableSubscriptionTestSupport.java,1605,0.68,True,MaxInheritanceTree,>,2.50,-0.02830762359858279,3.0,3,False
activemq-5.0.0,activemq-5.1.0,activemq-5.2.0,activemq-core/src/test/java/org/apache/activemq/usecases/DurableSubscriptionTestSupport.java,1605,0.68,True,CountDeclClassVariable,<=,0.50,0.026835829691169537,0.0,0,False
activemq-5.0.0,activemq-5.1.0,activemq-5.2.0,activemq-core/src/test/java/org/apache/activemq/usecases/DurableSubscriptionTestSupport.java,1605,0.68,True,CountClassBase,>,0.50,0.020929119327646288,1.0,1,False
activemq-5.0.0,activemq-5.1.0,activemq-5.2.0,activemq-core/src/test/java/org/apache/activemq/JMSConsumerTest.java,1187,0.67,True,OWN_COMMIT,<=,0.50,0.16139489250381858,0.0,1.0,True
activemq-5.0.0,activemq-5.1.0,activemq-5.2.0,activemq-core/src/test/java/org/apache/activemq/JMSConsumerTest.java,1187,0.67,True,OWN_LINE,>,0.50,0.0626107752810749,0.6372712146422629,0.610223642172524,True
activemq-5.0.0,activemq-5.1.0,activemq-5.2.0,activemq-core/src/test/java/org/apache/activemq/JMSConsumerTest.java,1187,0.67,True,RatioCommentToCode,<=,0.28,0.04144667788571258,0.21,0.21,True
activemq-5.0.0,activemq-5.1.0,activemq-5.2.0,activemq-core/src/test/java/org/apache/activemq/JMSConsumerTest.java,1187,0.67,True,CountDeclClassVariable,>,0.50,-0.017263591768890814,1.0,1,True
activemq-5.0.0,activemq-5.1.0,activemq-5.2.0,activemq-core/src/test/java/org/apache/activemq/JMSConsumerTest.java,1187,0.67,True,CountInput_Min,<=,0.50,0.015546382615340403,0.0,0,True
activemq-5.0.0,activemq-5.1.0,activemq-5.2.0,activemq-ra/src/main/java/org/apache/activemq/ra/ServerSessionImpl.java,1802,0.67,True,OWN_COMMIT,>,1.00,-0.4445614896073719,1.0,0.0,False
activemq-5.0.0,activemq-5.1.0,activemq-5.2.0,activemq-ra/src/main/java/org/apache/activemq/ra/ServerSessionImpl.java,1802,0.67,True,OWN_LINE,>,0.50,0.06053627002955468,0.7067669172932329,0.6751824817518249,False
activemq-5.0.0,activemq-5.1.0,activemq-5.2.0,activemq-ra/src/main/java/org/apache/activemq/ra/ServerSessionImpl.java,1802,0.67,True,MaxInheritanceTree,>,0.50,0.033457657443660554,1.0,1,False
activemq-5.0.0,activemq-5.1.0,activemq-5.2.0,activemq-ra/src/main/java/org/apache/activemq/ra/ServerSessionImpl.java,1802,0.67,True,RatioCommentToCode,>,0.29,0.031441073554137326,0.32,0.31,False
activemq-5.0.0,activemq-5.1.0,activemq-5.2.0,activemq-ra/src/main/java/org/apache/activemq/ra/ServerSessionImpl.java,1802,0.67,True,CountInput_Mean,>,2.57,0.023054968222475,4.0,4.0,False
activemq-5.0.0,activemq-5.1.0,activemq-5.2.0,activemq-core/src/test/java/org/apache/activemq/broker/ft/QueueMasterSlaveTest.java,1069,0.67,True,OWN_COMMIT,>,0.50,0.3941561224840458,0.666666666666667,0.0,False
activemq-5.0.0,activemq-5.1.0,activemq-5.2.0,activemq-core/src/test/java/org/apache/activemq/broker/ft/QueueMasterSlaveTest.java,1069,0.67,True,RatioCommentToCode,<=,0.28,0.05867973692777444,0.28,0.28,False
activemq-5.0.0,activemq-5.1.0,activemq-5.2.0,activemq-core/src/test/java/org/apache/activemq/broker/ft/QueueMasterSlaveTest.java,1069,0.67,True,OWN_LINE,<=,0.50,-0.05602074529957997,0.48648648648648707,0.48648648648648707,False
activemq-5.0.0,activemq-5.1.0,activemq-5.2.0,activemq-core/src/test/java/org/apache/activemq/broker/ft/QueueMasterSlaveTest.java,1069,0.67,True,CountInput_Min,<=,0.50,0.024970358496479016,0.0,1,False
activemq-5.0.0,activemq-5.1.0,activemq-5.2.0,activemq-core/src/test/java/org/apache/activemq/broker/ft/QueueMasterSlaveTest.java,1069,0.67,True,CountClassDerived,>,0.50,-0.018038833454293548,3.0,4,False
activemq-5.0.0,activemq-5.1.0,activemq-5.2.0,activemq-core/src/main/java/org/apache/activemq/kaha/impl/index/IndexItem.java,453,0.66,True,OWN_COMMIT,<=,0.50,0.1702722636428736,0.0,0.0,False
activemq-5.0.0,activemq-5.1.0,activemq-5.2.0,activemq-core/src/main/java/org/apache/activemq/kaha/impl/index/IndexItem.java,453,0.66,True,OWN_LINE,>,0.50,0.059286124143663986,0.5661538461538461,0.575301204819277,False
activemq-5.0.0,activemq-5.1.0,activemq-5.2.0,activemq-core/src/main/java/org/apache/activemq/kaha/impl/index/IndexItem.java,453,0.66,True,MaxInheritanceTree,>,0.50,0.03915976059651191,1.0,1,False
activemq-5.0.0,activemq-5.1.0,activemq-5.2.0,activemq-core/src/main/java/org/apache/activemq/kaha/impl/index/IndexItem.java,453,0.66,True,CountClassDerived,<=,0.50,0.03276808579671676,0.0,0,False
activemq-5.0.0,activemq-5.1.0,activemq-5.2.0,activemq-core/src/main/java/org/apache/activemq/kaha/impl/index/IndexItem.java,453,0.66,True,RatioCommentToCode,>,0.58,-0.0318668994247359,0.6,0.58,False
activemq-5.0.0,activemq-5.1.0,activemq-5.2.0,activemq-core/src/main/java/org/apache/activemq/store/jdbc/adapter/DefaultJDBCAdapter.java,799,0.66,True,OWN_COMMIT,<=,0.50,0.15395046640579632,0.0,1.0,True
activemq-5.0.0,activemq-5.1.0,activemq-5.2.0,activemq-core/src/main/java/org/apache/activemq/store/jdbc/adapter/DefaultJDBCAdapter.java,799,0.66,True,OWN_LINE,>,0.50,0.0680753145347255,0.6439790575916229,0.639791937581274,True
activemq-5.0.0,activemq-5.1.0,activemq-5.2.0,activemq-core/src/main/java/org/apache/activemq/store/jdbc/adapter/DefaultJDBCAdapter.java,799,0.66,True,RatioCommentToCode,<=,0.28,0.06362161103049152,0.12,0.12,True
activemq-5.0.0,activemq-5.1.0,activemq-5.2.0,activemq-core/src/main/java/org/apache/activemq/store/jdbc/adapter/DefaultJDBCAdapter.java,799,0.66,True,MaxInheritanceTree,>,0.50,0.027471911347517496,1.0,1,True
activemq-5.0.0,activemq-5.1.0,activemq-5.2.0,activemq-core/src/main/java/org/apache/activemq/store/jdbc/adapter/DefaultJDBCAdapter.java,799,0.66,True,CountInput_Min,>,0.50,-0.026144317644988545,1.0,1,True
activemq-5.0.0,activemq-5.1.0,activemq-5.2.0,activemq-core/src/test/java/org/apache/activemq/selector/SelectorTest.java,1505,0.66,True,OWN_COMMIT,<=,0.50,0.15284990218641234,0.0,0.5,True
activemq-5.0.0,activemq-5.1.0,activemq-5.2.0,activemq-core/src/test/java/org/apache/activemq/selector/SelectorTest.java,1505,0.66,True,OWN_LINE,>,0.50,0.054016083958349774,0.794666666666667,0.794666666666667,True
activemq-5.0.0,activemq-5.1.0,activemq-5.2.0,activemq-core/src/test/java/org/apache/activemq/selector/SelectorTest.java,1505,0.66,True,RatioCommentToCode,<=,0.28,0.04275075550131915,0.13,0.13,True
activemq-5.0.0,activemq-5.1.0,activemq-5.2.0,activemq-core/src/test/java/org/apache/activemq/selector/SelectorTest.java,1505,0.66,True,CountInput_Min,<=,0.50,0.028182521532050038,0.0,0,True
activemq-5.0.0,activemq-5.1.0,activemq-5.2.0,activemq-core/src/test/java/org/apache/activemq/selector/SelectorTest.java,1505,0.66,True,CountDeclClassVariable,<=,0.50,0.02344699546748314,0.0,0,True
activemq-5.0.0,activemq-5.1.0,activemq-5.2.0,activemq-core/src/main/java/org/apache/activemq/broker/region/QueueDispatchSelector.java,234,0.66,True,OWN_COMMIT,<=,0.50,0.1698426103542774,0.5,0.666666666666667,True
activemq-5.0.0,activemq-5.1.0,activemq-5.2.0,activemq-core/src/main/java/org/apache/activemq/broker/region/QueueDispatchSelector.java,234,0.66,True,OWN_LINE,>,0.50,0.05887650479664852,0.890625,0.890625,True
activemq-5.0.0,activemq-5.1.0,activemq-5.2.0,activemq-core/src/main/java/org/apache/activemq/broker/region/QueueDispatchSelector.java,234,0.66,True,CountClassBase,>,0.50,0.026362382644467768,1.0,1,True
activemq-5.0.0,activemq-5.1.0,activemq-5.2.0,activemq-core/src/main/java/org/apache/activemq/broker/region/QueueDispatchSelector.java,234,0.66,True,RatioCommentToCode,>,0.29,0.025929600838793764,0.4,0.4,True
activemq-5.0.0,activemq-5.1.0,activemq-5.2.0,activemq-core/src/main/java/org/apache/activemq/broker/region/QueueDispatchSelector.java,234,0.66,True,CountInput_Mean,>,2.57,0.024820675808943208,3.6666666666666696,3.6666666666666696,True
activemq-5.0.0,activemq-5.1.0,activemq-5.2.0,activemq-core/src/main/java/org/apache/activemq/util/ClassLoadingAwareObjectInputStream.java,1008,0.65,True,OWN_LINE,>,0.50,0.07995517475889238,0.536585365853659,0.536585365853659,False
activemq-5.0.0,activemq-5.1.0,activemq-5.2.0,activemq-core/src/main/java/org/apache/activemq/util/ClassLoadingAwareObjectInputStream.java,1008,0.65,True,CountClassCoupled,<=,0.50,-0.06588607815077618,0.0,0,False
activemq-5.0.0,activemq-5.1.0,activemq-5.2.0,activemq-core/src/main/java/org/apache/activemq/util/ClassLoadingAwareObjectInputStream.java,1008,0.65,True,RatioCommentToCode,>,0.29,0.026361101822774177,0.31,0.31,False
activemq-5.0.0,activemq-5.1.0,activemq-5.2.0,activemq-core/src/main/java/org/apache/activemq/util/ClassLoadingAwareObjectInputStream.java,1008,0.65,True,MAJOR_LINE,<=,0.50,0.026260844217873728,0.0,0,False
activemq-5.0.0,activemq-5.1.0,activemq-5.2.0,activemq-core/src/main/java/org/apache/activemq/util/ClassLoadingAwareObjectInputStream.java,1008,0.65,True,CountInput_Mean,>,2.57,0.021736498286867325,3.25,3.25,False
activemq-5.0.0,activemq-5.1.0,activemq-5.2.0,activemq-core/src/test/java/org/apache/activemq/broker/virtual/VirtualTopicPubSubTest.java,1113,0.65,True,OWN_COMMIT,<=,0.50,0.15412358399492854,0.0,0.0,False
activemq-5.0.0,activemq-5.1.0,activemq-5.2.0,activemq-core/src/test/java/org/apache/activemq/broker/virtual/VirtualTopicPubSubTest.java,1113,0.65,True,OWN_LINE,>,0.50,0.06827138479872272,0.850574712643678,0.850574712643678,False
activemq-5.0.0,activemq-5.1.0,activemq-5.2.0,activemq-core/src/test/java/org/apache/activemq/broker/virtual/VirtualTopicPubSubTest.java,1113,0.65,True,RatioCommentToCode,>,0.29,0.03658807903480018,0.47,0.47,False
activemq-5.0.0,activemq-5.1.0,activemq-5.2.0,activemq-core/src/test/java/org/apache/activemq/broker/virtual/VirtualTopicPubSubTest.java,1113,0.65,True,CountDeclClassVariable,<=,0.50,0.021021598002132966,0.0,0,False
activemq-5.0.0,activemq-5.1.0,activemq-5.2.0,activemq-core/src/test/java/org/apache/activemq/broker/virtual/VirtualTopicPubSubTest.java,1113,0.65,True,AvgCyclomaticModified,>,1.50,0.018540615947995737,2.0,2,False
activemq-5.0.0,activemq-5.1.0,activemq-5.2.0,activemq-jaas/src/main/java/org/apache/activemq/jaas/LDAPLoginModule.java,1676,0.65,True,OWN_COMMIT,<=,0.50,0.1404363126711885,0.0,1.0,False
activemq-5.0.0,activemq-5.1.0,activemq-5.2.0,activemq-jaas/src/main/java/org/apache/activemq/jaas/LDAPLoginModule.java,1676,0.65,True,RatioCommentToCode,<=,0.28,0.051898993957566295,0.07,0.07,False
activemq-5.0.0,activemq-5.1.0,activemq-5.2.0,activemq-jaas/src/main/java/org/apache/activemq/jaas/LDAPLoginModule.java,1676,0.65,True,CountClassDerived,<=,0.50,0.03821385234808493,0.0,0,False
activemq-5.0.0,activemq-5.1.0,activemq-5.2.0,activemq-jaas/src/main/java/org/apache/activemq/jaas/LDAPLoginModule.java,1676,0.65,True,MaxInheritanceTree,>,0.50,0.02731992237432404,1.0,1,False
activemq-5.0.0,activemq-5.1.0,activemq-5.2.0,activemq-jaas/src/main/java/org/apache/activemq/jaas/LDAPLoginModule.java,1676,0.65,True,CountInput_Min,<=,0.50,0.022049268735426463,0.0,0,False
activemq-5.0.0,activemq-5.1.0,activemq-5.2.0,activemq-core/src/main/java/org/apache/activemq/kaha/impl/async/DataFile.java,414,0.65,True,OWN_COMMIT,>,0.50,0.39301468772106635,0.666666666666667,0.0,True
activemq-5.0.0,activemq-5.1.0,activemq-5.2.0,activemq-core/src/main/java/org/apache/activemq/kaha/impl/async/DataFile.java,414,0.65,True,OWN_LINE,>,0.50,0.05863042614959617,0.842105263157895,0.842105263157895,True
activemq-5.0.0,activemq-5.1.0,activemq-5.2.0,activemq-core/src/main/java/org/apache/activemq/kaha/impl/async/DataFile.java,414,0.65,True,RatioCommentToCode,<=,0.28,0.05174699858720552,0.28,0.28,True
activemq-5.0.0,activemq-5.1.0,activemq-5.2.0,activemq-core/src/main/java/org/apache/activemq/kaha/impl/async/DataFile.java,414,0.65,True,MaxInheritanceTree,>,1.50,-0.02629477723851521,2.0,2,True
activemq-5.0.0,activemq-5.1.0,activemq-5.2.0,activemq-core/src/main/java/org/apache/activemq/kaha/impl/async/DataFile.java,414,0.65,True,CountInput_Mean,>,2.57,0.024077320405742425,4.5,4.66666666666667,True
activemq-5.0.0,activemq-5.1.0,activemq-5.2.0,activemq-core/src/test/java/org/apache/activemq/proxy/ProxyConnectorTest.java,1487,0.65,True,OWN_COMMIT,<=,0.50,0.15481187297634466,0.0,0.0,False
activemq-5.0.0,activemq-5.1.0,activemq-5.2.0,activemq-core/src/test/java/org/apache/activemq/proxy/ProxyConnectorTest.java,1487,0.65,True,OWN_LINE,>,0.50,0.0626035661987776,0.514563106796116,0.5048543689320389,False
activemq-5.0.0,activemq-5.1.0,activemq-5.2.0,activemq-core/src/test/java/org/apache/activemq/proxy/ProxyConnectorTest.java,1487,0.65,True,CountInput_Min,<=,0.50,0.034509710709941105,0.0,0,False
activemq-5.0.0,activemq-5.1.0,activemq-5.2.0,activemq-core/src/test/java/org/apache/activemq/proxy/ProxyConnectorTest.java,1487,0.65,True,CountDeclClassVariable,<=,0.50,0.02823544871991791,0.0,0,False
activemq-5.0.0,activemq-5.1.0,activemq-5.2.0,activemq-core/src/test/java/org/apache/activemq/proxy/ProxyConnectorTest.java,1487,0.65,True,RatioCommentToCode,>,0.29,0.023191236951918454,0.38,0.38,False
activemq-5.0.0,activemq-5.1.0,activemq-5.2.0,activemq-ra/src/main/java/org/apache/activemq/ra/ActiveMQResourceAdapter.java,1787,0.64,True,OWN_COMMIT,>,0.50,0.3910072328491706,0.666666666666667,1.0,True
activemq-5.0.0,activemq-5.1.0,activemq-5.2.0,activemq-ra/src/main/java/org/apache/activemq/ra/ActiveMQResourceAdapter.java,1787,0.64,True,OWN_LINE,>,0.50,0.06190178957871853,0.7269938650306751,0.7217125382263,True
activemq-5.0.0,activemq-5.1.0,activemq-5.2.0,activemq-ra/src/main/java/org/apache/activemq/ra/ActiveMQResourceAdapter.java,1787,0.64,True,CountClassDerived,<=,0.50,0.02803221409615899,0.0,0,True
activemq-5.0.0,activemq-5.1.0,activemq-5.2.0,activemq-ra/src/main/java/org/apache/activemq/ra/ActiveMQResourceAdapter.java,1787,0.64,True,CountInput_Mean,>,2.57,0.026689081076581703,2.9375,2.9375,True
activemq-5.0.0,activemq-5.1.0,activemq-5.2.0,activemq-ra/src/main/java/org/apache/activemq/ra/ActiveMQResourceAdapter.java,1787,0.64,True,MaxInheritanceTree,>,1.50,-0.01938208895170746,2.0,2,True
activemq-5.0.0,activemq-5.1.0,activemq-5.2.0,activemq-core/src/main/java/org/apache/activemq/broker/region/AbstractTempRegion.java,158,0.64,True,OWN_COMMIT,>,0.50,0.3860321660777309,0.75,1.0,False
activemq-5.0.0,activemq-5.1.0,activemq-5.2.0,activemq-core/src/main/java/org/apache/activemq/broker/region/AbstractTempRegion.java,158,0.64,True,RatioCommentToCode,<=,0.28,0.04624167086650676,0.25,0.24,False
activemq-5.0.0,activemq-5.1.0,activemq-5.2.0,activemq-core/src/main/java/org/apache/activemq/broker/region/AbstractTempRegion.java,158,0.64,True,CountInput_Min,<=,0.50,0.026664119485937103,0.0,0,False
activemq-5.0.0,activemq-5.1.0,activemq-5.2.0,activemq-core/src/main/java/org/apache/activemq/broker/region/AbstractTempRegion.java,158,0.64,True,CountClassBase,>,1.50,-0.022569669658623486,2.0,2,False
activemq-5.0.0,activemq-5.1.0,activemq-5.2.0,activemq-core/src/main/java/org/apache/activemq/broker/region/AbstractTempRegion.java,158,0.64,True,CountInput_Mean,>,2.57,0.022401746668421284,3.18181818181818,3.45454545454545,False
activemq-5.0.0,activemq-5.1.0,activemq-5.2.0,activemq-core/src/test/java/org/apache/activemq/JmsQueueBrowserTest.java,1199,0.63,True,OWN_COMMIT,>,1.00,-0.4373635582174017,1.0,1.0,False
activemq-5.0.0,activemq-5.1.0,activemq-5.2.0,activemq-core/src/test/java/org/apache/activemq/JmsQueueBrowserTest.java,1199,0.63,True,OWN_LINE,>,0.50,0.0667059302194304,0.8061224489795921,0.7959183673469391,False
activemq-5.0.0,activemq-5.1.0,activemq-5.2.0,activemq-core/src/test/java/org/apache/activemq/JmsQueueBrowserTest.java,1199,0.63,True,RatioCommentToCode,>,0.58,-0.034821657236625836,0.71,0.71,False
activemq-5.0.0,activemq-5.1.0,activemq-5.2.0,activemq-core/src/test/java/org/apache/activemq/JmsQueueBrowserTest.java,1199,0.63,True,CountDeclMethodPublic,<=,5.50,-0.01729260569469664,1.0,1,False
activemq-5.0.0,activemq-5.1.0,activemq-5.2.0,activemq-core/src/test/java/org/apache/activemq/JmsQueueBrowserTest.java,1199,0.63,True,CountClassBase,>,0.50,0.0171862675307031,1.0,1,False
activemq-5.0.0,activemq-5.1.0,activemq-5.2.0,activemq-core/src/main/java/org/apache/activemq/kaha/impl/index/hash/HashIndex.java,448,0.63,True,OWN_COMMIT,>,1.00,-0.4461079512923421,1.0,0.0,True
activemq-5.0.0,activemq-5.1.0,activemq-5.2.0,activemq-core/src/main/java/org/apache/activemq/kaha/impl/index/hash/HashIndex.java,448,0.63,True,OWN_LINE,>,0.50,0.06249696674551954,0.721544715447154,0.784440842787682,True
activemq-5.0.0,activemq-5.1.0,activemq-5.2.0,activemq-core/src/main/java/org/apache/activemq/kaha/impl/index/hash/HashIndex.java,448,0.63,True,RatioCommentToCode,<=,0.28,0.05541244813640033,0.18,0.18,True
activemq-5.0.0,activemq-5.1.0,activemq-5.2.0,activemq-core/src/main/java/org/apache/activemq/kaha/impl/index/hash/HashIndex.java,448,0.63,True,CountInput_Min,<=,0.50,0.030039659439268392,0.0,0,True
activemq-5.0.0,activemq-5.1.0,activemq-5.2.0,activemq-core/src/main/java/org/apache/activemq/kaha/impl/index/hash/HashIndex.java,448,0.63,True,MaxInheritanceTree,>,0.50,0.028766629648899384,1.0,1,True
activemq-5.0.0,activemq-5.1.0,activemq-5.2.0,activemq-web/src/main/java/org/apache/activemq/web/MessageServlet.java,1925,0.62,True,OWN_COMMIT,<=,0.50,0.1493444161991711,0.0,0.0,True
activemq-5.0.0,activemq-5.1.0,activemq-5.2.0,activemq-web/src/main/java/org/apache/activemq/web/MessageServlet.java,1925,0.62,True,OWN_LINE,>,0.50,0.06644982779419435,0.6082949308755761,0.518367346938776,True
activemq-5.0.0,activemq-5.1.0,activemq-5.2.0,activemq-web/src/main/java/org/apache/activemq/web/MessageServlet.java,1925,0.62,True,CountInput_Min,<=,0.50,0.03208708758856123,0.0,0,True
activemq-5.0.0,activemq-5.1.0,activemq-5.2.0,activemq-web/src/main/java/org/apache/activemq/web/MessageServlet.java,1925,0.62,True,CountClassDerived,<=,0.50,0.02804731386661409,0.0,0,True
activemq-5.0.0,activemq-5.1.0,activemq-5.2.0,activemq-web/src/main/java/org/apache/activemq/web/MessageServlet.java,1925,0.62,True,CountClassCoupled,>,2.50,0.02002731274847986,4.0,6,True
activemq-5.0.0,activemq-5.1.0,activemq-5.2.0,activemq-core/src/main/java/org/apache/activemq/transport/vm/VMTransportFactory.java,988,0.62,True,OWN_COMMIT,<=,0.50,0.15236655469233865,0.5,0.0,False
activemq-5.0.0,activemq-5.1.0,activemq-5.2.0,activemq-core/src/main/java/org/apache/activemq/transport/vm/VMTransportFactory.java,988,0.62,True,OWN_LINE,>,0.50,0.05964555337207859,0.6896551724137929,0.596958174904943,False
activemq-5.0.0,activemq-5.1.0,activemq-5.2.0,activemq-core/src/main/java/org/apache/activemq/transport/vm/VMTransportFactory.java,988,0.62,True,RatioCommentToCode,<=,0.28,0.05498411914713668,0.18,0.18,False
activemq-5.0.0,activemq-5.1.0,activemq-5.2.0,activemq-core/src/main/java/org/apache/activemq/transport/vm/VMTransportFactory.java,988,0.62,True,CountClassDerived,>,0.50,-0.02846978078226628,1.0,1,False
activemq-5.0.0,activemq-5.1.0,activemq-5.2.0,activemq-core/src/main/java/org/apache/activemq/transport/vm/VMTransportFactory.java,988,0.62,True,CountClassBase,>,0.50,0.01878384728352533,1.0,1,False
activemq-5.0.0,activemq-5.1.0,activemq-5.2.0,activemq-core/src/test/java/org/apache/activemq/MessageListenerRedeliveryTest.java,1269,0.62,True,OWN_COMMIT,<=,0.50,0.1512464002817117,0.0,0.0,False
activemq-5.0.0,activemq-5.1.0,activemq-5.2.0,activemq-core/src/test/java/org/apache/activemq/MessageListenerRedeliveryTest.java,1269,0.62,True,OWN_LINE,>,1.00,-0.06126648034069074,1.0,1.0,False
activemq-5.0.0,activemq-5.1.0,activemq-5.2.0,activemq-core/src/test/java/org/apache/activemq/MessageListenerRedeliveryTest.java,1269,0.62,True,RatioCommentToCode,<=,0.28,0.05211180328820643,0.24,0.24,False
activemq-5.0.0,activemq-5.1.0,activemq-5.2.0,activemq-core/src/test/java/org/apache/activemq/MessageListenerRedeliveryTest.java,1269,0.62,True,CountInput_Min,<=,0.50,0.034371448983464545,0.0,0,False
activemq-5.0.0,activemq-5.1.0,activemq-5.2.0,activemq-core/src/test/java/org/apache/activemq/MessageListenerRedeliveryTest.java,1269,0.62,True,MaxInheritanceTree,>,1.50,-0.02147140968620055,2.0,2,False
activemq-5.0.0,activemq-5.1.0,activemq-5.2.0,activemq-core/src/main/java/org/apache/activemq/store/jdbc/JDBCPersistenceAdapter.java,816,0.62,True,OWN_COMMIT,>,1.00,-0.44781671884408425,1.0,1.0,False
activemq-5.0.0,activemq-5.1.0,activemq-5.2.0,activemq-core/src/main/java/org/apache/activemq/store/jdbc/JDBCPersistenceAdapter.java,816,0.62,True,OWN_LINE,>,0.50,0.0578354149393142,0.700787401574803,0.6348623853211011,False
activemq-5.0.0,activemq-5.1.0,activemq-5.2.0,activemq-core/src/main/java/org/apache/activemq/store/jdbc/JDBCPersistenceAdapter.java,816,0.62,True,RatioCommentToCode,<=,0.28,0.04943494274820854,0.15,0.14,False
activemq-5.0.0,activemq-5.1.0,activemq-5.2.0,activemq-core/src/main/java/org/apache/activemq/store/jdbc/JDBCPersistenceAdapter.java,816,0.62,True,MaxInheritanceTree,>,1.50,-0.02307601968173976,2.0,2,False
activemq-5.0.0,activemq-5.1.0,activemq-5.2.0,activemq-core/src/main/java/org/apache/activemq/store/jdbc/JDBCPersistenceAdapter.java,816,0.62,True,CountInput_Min,<=,0.50,0.02082232387786297,0.0,0,False
activemq-5.0.0,activemq-5.1.0,activemq-5.2.0,activemq-jaas/src/test/java/org/apache/activemq/jaas/ldap/ServerContextFactory.java,1683,0.6,True,OWN_COMMIT,<=,0.50,0.15788468946911247,0.0,1.0,False
activemq-5.0.0,activemq-5.1.0,activemq-5.2.0,activemq-jaas/src/test/java/org/apache/activemq/jaas/ldap/ServerContextFactory.java,1683,0.6,True,OWN_LINE,>,1.00,-0.04741084430120416,1.0,1.0,False
activemq-5.0.0,activemq-5.1.0,activemq-5.2.0,activemq-jaas/src/test/java/org/apache/activemq/jaas/ldap/ServerContextFactory.java,1683,0.6,True,MaxInheritanceTree,>,1.50,-0.029547469276920414,2.0,2,False
activemq-5.0.0,activemq-5.1.0,activemq-5.2.0,activemq-jaas/src/test/java/org/apache/activemq/jaas/ldap/ServerContextFactory.java,1683,0.6,True,RatioCommentToCode,>,0.29,0.028285099168089856,0.44,0.44,False
activemq-5.0.0,activemq-5.1.0,activemq-5.2.0,activemq-jaas/src/test/java/org/apache/activemq/jaas/ldap/ServerContextFactory.java,1683,0.6,True,CountInput_Mean,>,2.57,0.023167875123061576,4.28571428571429,4.28571428571429,False
activemq-5.0.0,activemq-5.1.0,activemq-5.2.0,activemq-jaas/src/test/java/org/apache/activemq/jaas/ldap/ServerStartupConfiguration.java,1684,0.59,True,OWN_COMMIT,<=,0.50,0.14816586465368398,0.0,1.0,False
activemq-5.0.0,activemq-5.1.0,activemq-5.2.0,activemq-jaas/src/test/java/org/apache/activemq/jaas/ldap/ServerStartupConfiguration.java,1684,0.59,True,OWN_LINE,>,1.00,-0.045270131530293654,1.0,1.0,False
activemq-5.0.0,activemq-5.1.0,activemq-5.2.0,activemq-jaas/src/test/java/org/apache/activemq/jaas/ldap/ServerStartupConfiguration.java,1684,0.59,True,CountClassCoupled,<=,0.50,-0.03596858048127439,0.0,0,False
activemq-5.0.0,activemq-5.1.0,activemq-5.2.0,activemq-jaas/src/test/java/org/apache/activemq/jaas/ldap/ServerStartupConfiguration.java,1684,0.59,True,RatioCommentToCode,>,0.58,-0.027164424706816095,0.95,0.95,False
activemq-5.0.0,activemq-5.1.0,activemq-5.2.0,activemq-jaas/src/test/java/org/apache/activemq/jaas/ldap/ServerStartupConfiguration.java,1684,0.59,True,CountClassDerived,>,0.50,-0.02334248175098354,1.0,1,False
activemq-5.0.0,activemq-5.1.0,activemq-5.2.0,activemq-core/src/main/java/org/apache/activemq/advisory/ConsumerEventSource.java,71,0.58,True,OWN_COMMIT,<=,0.50,0.1556004354732805,0.0,0.0,False
activemq-5.0.0,activemq-5.1.0,activemq-5.2.0,activemq-core/src/main/java/org/apache/activemq/advisory/ConsumerEventSource.java,71,0.58,True,CountClassCoupled,>,10.50,0.06696856386220981,12.0,13,False
activemq-5.0.0,activemq-5.1.0,activemq-5.2.0,activemq-core/src/main/java/org/apache/activemq/advisory/ConsumerEventSource.java,71,0.58,True,OWN_LINE,>,0.50,0.0538351381141692,0.6515151515151509,0.613138686131387,False
activemq-5.0.0,activemq-5.1.0,activemq-5.2.0,activemq-core/src/main/java/org/apache/activemq/advisory/ConsumerEventSource.java,71,0.58,True,MaxInheritanceTree,>,0.50,0.026545938978504626,1.0,1,False
activemq-5.0.0,activemq-5.1.0,activemq-5.2.0,activemq-core/src/main/java/org/apache/activemq/advisory/ConsumerEventSource.java,71,0.58,True,AvgLineComment,<=,0.50,-0.018978761501100044,0.0,0,False
activemq-5.0.0,activemq-5.1.0,activemq-5.2.0,activemq-web/src/main/java/org/apache/activemq/web/MessageQuery.java,1924,0.58,True,OWN_COMMIT,<=,0.50,0.16231054826450478,0.0,1.0,True
activemq-5.0.0,activemq-5.1.0,activemq-5.2.0,activemq-web/src/main/java/org/apache/activemq/web/MessageQuery.java,1924,0.58,True,OWN_LINE,>,1.00,-0.05583407071047806,1.0,0.9652173913043479,True
activemq-5.0.0,activemq-5.1.0,activemq-5.2.0,activemq-web/src/main/java/org/apache/activemq/web/MessageQuery.java,1924,0.58,True,CountInput_Min,<=,0.50,0.037901969145386905,0.0,0,True
activemq-5.0.0,activemq-5.1.0,activemq-5.2.0,activemq-web/src/main/java/org/apache/activemq/web/MessageQuery.java,1924,0.58,True,RatioCommentToCode,<=,0.28,0.03653168216397392,0.27,0.26,True
activemq-5.0.0,activemq-5.1.0,activemq-5.2.0,activemq-web/src/main/java/org/apache/activemq/web/MessageQuery.java,1924,0.58,True,AvgCyclomaticModified,>,1.50,0.022409366207108775,2.0,2,True
activemq-5.0.0,activemq-5.1.0,activemq-5.2.0,activemq-core/src/main/java/org/apache/activemq/ActiveMQConnectionFactory.java,44,0.57,True,OWN_COMMIT,>,1.00,-0.44462170764942205,1.0,0.5,True
activemq-5.0.0,activemq-5.1.0,activemq-5.2.0,activemq-core/src/main/java/org/apache/activemq/ActiveMQConnectionFactory.java,44,0.57,True,OWN_LINE,>,0.50,0.05279366924326747,0.581257413997628,0.568445475638051,True
activemq-5.0.0,activemq-5.1.0,activemq-5.2.0,activemq-core/src/main/java/org/apache/activemq/ActiveMQConnectionFactory.java,44,0.57,True,RatioCommentToCode,>,0.29,0.025700222660313816,0.54,0.55,True
activemq-5.0.0,activemq-5.1.0,activemq-5.2.0,activemq-core/src/main/java/org/apache/activemq/ActiveMQConnectionFactory.java,44,0.57,True,MaxInheritanceTree,>,1.50,-0.02465133704509952,2.0,2,True
activemq-5.0.0,activemq-5.1.0,activemq-5.2.0,activemq-core/src/main/java/org/apache/activemq/ActiveMQConnectionFactory.java,44,0.57,True,CountInput_Min,<=,0.50,0.024086982572856734,0.0,0,True
activemq-5.0.0,activemq-5.1.0,activemq-5.2.0,activemq-core/src/main/java/org/apache/activemq/store/memory/MemoryTransactionStore.java,850,0.57,True,OWN_COMMIT,<=,0.50,0.15549885232685445,0.0,0.0,False
activemq-5.0.0,activemq-5.1.0,activemq-5.2.0,activemq-core/src/main/java/org/apache/activemq/store/memory/MemoryTransactionStore.java,850,0.57,True,OWN_LINE,>,0.50,0.06459388744922652,0.621212121212121,0.5392857142857139,False
activemq-5.0.0,activemq-5.1.0,activemq-5.2.0,activemq-core/src/main/java/org/apache/activemq/store/memory/MemoryTransactionStore.java,850,0.57,True,RatioCommentToCode,<=,0.28,0.06419712887807379,0.26,0.24,False
activemq-5.0.0,activemq-5.1.0,activemq-5.2.0,activemq-core/src/main/java/org/apache/activemq/store/memory/MemoryTransactionStore.java,850,0.57,True,CountInput_Min,<=,0.50,0.02782946900015239,0.0,0,False
activemq-5.0.0,activemq-5.1.0,activemq-5.2.0,activemq-core/src/main/java/org/apache/activemq/store/memory/MemoryTransactionStore.java,850,0.57,True,MaxInheritanceTree,>,0.50,0.025155305822333607,1.0,1,False
activemq-5.0.0,activemq-5.1.0,activemq-5.2.0,activemq-core/src/main/java/org/apache/activemq/network/DiscoveryNetworkConnector.java,529,0.56,True,OWN_COMMIT,>,0.50,0.3919975301078724,0.666666666666667,0.0,True
activemq-5.0.0,activemq-5.1.0,activemq-5.2.0,activemq-core/src/main/java/org/apache/activemq/network/DiscoveryNetworkConnector.java,529,0.56,True,CountClassCoupled,>,10.50,0.066670348887565,12.0,14,True
activemq-5.0.0,activemq-5.1.0,activemq-5.2.0,activemq-core/src/main/java/org/apache/activemq/network/DiscoveryNetworkConnector.java,529,0.56,True,OWN_LINE,>,0.50,0.06305155140644007,0.5046728971962621,0.47297297297297297,True
activemq-5.0.0,activemq-5.1.0,activemq-5.2.0,activemq-core/src/main/java/org/apache/activemq/network/DiscoveryNetworkConnector.java,529,0.56,True,RatioCommentToCode,<=,0.28,0.05613721464095698,0.16,0.16,True
activemq-5.0.0,activemq-5.1.0,activemq-5.2.0,activemq-core/src/main/java/org/apache/activemq/network/DiscoveryNetworkConnector.java,529,0.56,True,MaxInheritanceTree,>,2.50,-0.0279635260109187,3.0,3,True
activemq-5.0.0,activemq-5.1.0,activemq-5.2.0,activemq-jaas/src/test/java/org/apache/activemq/jaas/LDAPLoginModuleTest.java,1685,0.56,True,OWN_COMMIT,<=,0.50,0.14960471111802173,0.0,1.0,False
activemq-5.0.0,activemq-5.1.0,activemq-5.2.0,activemq-jaas/src/test/java/org/apache/activemq/jaas/LDAPLoginModuleTest.java,1685,0.56,True,OWN_LINE,>,1.00,-0.07742319298439318,1.0,1.0,False
activemq-5.0.0,activemq-5.1.0,activemq-5.2.0,activemq-jaas/src/test/java/org/apache/activemq/jaas/LDAPLoginModuleTest.java,1685,0.56,True,RatioCommentToCode,<=,0.28,0.06261173232215432,0.27,0.27,False
activemq-5.0.0,activemq-5.1.0,activemq-5.2.0,activemq-jaas/src/test/java/org/apache/activemq/jaas/LDAPLoginModuleTest.java,1685,0.56,True,CountInput_Mean,>,2.57,0.026219068145878162,4.0,3.8333333333333304,False
activemq-5.0.0,activemq-5.1.0,activemq-5.2.0,activemq-jaas/src/test/java/org/apache/activemq/jaas/LDAPLoginModuleTest.java,1685,0.56,True,CountInput_Min,<=,0.50,0.02183131426108722,0.0,0,False
activemq-5.0.0,activemq-5.1.0,activemq-5.2.0,activemq-core/src/main/java/org/apache/activemq/store/jdbc/TransactionContext.java,819,0.56,True,OWN_COMMIT,<=,0.50,0.1409462968592652,0.0,0.0,False
activemq-5.0.0,activemq-5.1.0,activemq-5.2.0,activemq-core/src/main/java/org/apache/activemq/store/jdbc/TransactionContext.java,819,0.56,True,OWN_LINE,>,0.50,0.07438182896570325,0.7098214285714292,0.7098214285714292,False
activemq-5.0.0,activemq-5.1.0,activemq-5.2.0,activemq-core/src/main/java/org/apache/activemq/store/jdbc/TransactionContext.java,819,0.56,True,RatioCommentToCode,<=,0.28,0.04293603985497661,0.16,0.16,False
activemq-5.0.0,activemq-5.1.0,activemq-5.2.0,activemq-core/src/main/java/org/apache/activemq/store/jdbc/TransactionContext.java,819,0.56,True,MaxInheritanceTree,>,0.50,0.027681469997753266,1.0,1,False
activemq-5.0.0,activemq-5.1.0,activemq-5.2.0,activemq-core/src/main/java/org/apache/activemq/store/jdbc/TransactionContext.java,819,0.56,True,CountOutput_Min,>,0.50,-0.01800016319707977,1.0,1,False
activemq-5.0.0,activemq-5.1.0,activemq-5.2.0,activemq-core/src/main/java/org/apache/activemq/ActiveMQConnectionConsumer.java,43,0.55,True,OWN_COMMIT,<=,0.50,0.1669339030203217,0.0,0.0,False
activemq-5.0.0,activemq-5.1.0,activemq-5.2.0,activemq-core/src/main/java/org/apache/activemq/ActiveMQConnectionConsumer.java,43,0.55,True,OWN_LINE,>,0.50,0.057721796169707865,0.685897435897436,0.6794871794871801,False
activemq-5.0.0,activemq-5.1.0,activemq-5.2.0,activemq-core/src/main/java/org/apache/activemq/ActiveMQConnectionConsumer.java,43,0.55,True,CountInput_Mean,>,2.57,0.02767656109242498,3.8333333333333304,3.8333333333333304,False
activemq-5.0.0,activemq-5.1.0,activemq-5.2.0,activemq-core/src/main/java/org/apache/activemq/ActiveMQConnectionConsumer.java,43,0.55,True,MaxInheritanceTree,>,0.50,0.025240503040186837,1.0,1,False
activemq-5.0.0,activemq-5.1.0,activemq-5.2.0,activemq-core/src/main/java/org/apache/activemq/ActiveMQConnectionConsumer.java,43,0.55,True,CountDeclMethodPublic,<=,5.50,-0.022682978632375443,5.0,5,False
activemq-5.0.0,activemq-5.1.0,activemq-5.2.0,activemq-web/src/main/java/org/apache/activemq/web/LocalBrokerFacade.java,1922,0.55,True,OWN_COMMIT,<=,0.50,0.15018881223529867,0.0,1.0,True
activemq-5.0.0,activemq-5.1.0,activemq-5.2.0,activemq-web/src/main/java/org/apache/activemq/web/LocalBrokerFacade.java,1922,0.55,True,OWN_LINE,>,1.00,-0.048960512395782356,1.0,1.0,True
activemq-5.0.0,activemq-5.1.0,activemq-5.2.0,activemq-web/src/main/java/org/apache/activemq/web/LocalBrokerFacade.java,1922,0.55,True,RatioCommentToCode,>,0.29,0.02739195050220381,0.51,0.51,True
activemq-5.0.0,activemq-5.1.0,activemq-5.2.0,activemq-web/src/main/java/org/apache/activemq/web/LocalBrokerFacade.java,1922,0.55,True,CountDeclClassVariable,<=,0.50,0.02109386722541036,0.0,0,True
activemq-5.0.0,activemq-5.1.0,activemq-5.2.0,activemq-web/src/main/java/org/apache/activemq/web/LocalBrokerFacade.java,1922,0.55,True,AvgCyclomaticModified,>,0.50,-0.014862623025588472,1.0,1,True
activemq-5.0.0,activemq-5.1.0,activemq-5.2.0,activemq-core/src/main/java/org/apache/activemq/command/ActiveMQBlobMessage.java,299,0.54,True,OWN_COMMIT,<=,0.50,0.15390849714794919,0.0,0.0,False
activemq-5.0.0,activemq-5.1.0,activemq-5.2.0,activemq-core/src/main/java/org/apache/activemq/command/ActiveMQBlobMessage.java,299,0.54,True,OWN_LINE,>,0.50,0.06454744646266038,0.8941176470588241,0.8888888888888891,False
activemq-5.0.0,activemq-5.1.0,activemq-5.2.0,activemq-core/src/main/java/org/apache/activemq/command/ActiveMQBlobMessage.java,299,0.54,True,RatioCommentToCode,>,0.29,0.029049173545877605,0.41,0.41,False
activemq-5.0.0,activemq-5.1.0,activemq-5.2.0,activemq-core/src/main/java/org/apache/activemq/command/ActiveMQBlobMessage.java,299,0.54,True,CountInput_Min,<=,0.50,0.02407050686730403,0.0,0,False
activemq-5.0.0,activemq-5.1.0,activemq-5.2.0,activemq-core/src/main/java/org/apache/activemq/command/ActiveMQBlobMessage.java,299,0.54,True,AvgCyclomaticModified,>,0.50,-0.018055527452205334,1.0,1,False
activemq-5.0.0,activemq-5.1.0,activemq-5.2.0,activemq-core/src/test/java/org/apache/activemq/perf/SimpleDurableTopicTest.java,1472,0.53,True,OWN_COMMIT,>,0.50,0.39159793057042386,0.666666666666667,0.0,False
activemq-5.0.0,activemq-5.1.0,activemq-5.2.0,activemq-core/src/test/java/org/apache/activemq/perf/SimpleDurableTopicTest.java,1472,0.53,True,RatioCommentToCode,>,0.58,-0.03609040377058283,0.83,0.51,False
activemq-5.0.0,activemq-5.1.0,activemq-5.2.0,activemq-core/src/test/java/org/apache/activemq/perf/SimpleDurableTopicTest.java,1472,0.53,True,CountClassBase,>,0.50,0.021821107330914233,1.0,1,False
activemq-5.0.0,activemq-5.1.0,activemq-5.2.0,activemq-core/src/test/java/org/apache/activemq/perf/SimpleDurableTopicTest.java,1472,0.53,True,CountInput_Mean,>,2.57,0.0214924340001447,2.6666666666666696,2.2,False
activemq-5.0.0,activemq-5.1.0,activemq-5.2.0,activemq-core/src/test/java/org/apache/activemq/perf/SimpleDurableTopicTest.java,1472,0.53,True,CountDeclClassVariable,<=,0.50,0.01736820160736385,0.0,0,False
activemq-5.0.0,activemq-5.1.0,activemq-5.2.0,activemq-core/src/test/java/org/apache/activemq/advisory/TempDestDeleteTest.java,1054,0.53,True,OWN_COMMIT,<=,0.50,0.1493225430478481,0.0,0.0,False
activemq-5.0.0,activemq-5.1.0,activemq-5.2.0,activemq-core/src/test/java/org/apache/activemq/advisory/TempDestDeleteTest.java,1054,0.53,True,RatioCommentToCode,<=,0.28,0.06866596626038617,0.24,0.24,False
activemq-5.0.0,activemq-5.1.0,activemq-5.2.0,activemq-core/src/test/java/org/apache/activemq/advisory/TempDestDeleteTest.java,1054,0.53,True,OWN_LINE,>,1.00,-0.058054243380765626,1.0,0.993288590604027,False
activemq-5.0.0,activemq-5.1.0,activemq-5.2.0,activemq-core/src/test/java/org/apache/activemq/advisory/TempDestDeleteTest.java,1054,0.53,True,CountInput_Mean,>,2.57,0.0236744482574493,3.3,3.3,False
activemq-5.0.0,activemq-5.1.0,activemq-5.2.0,activemq-core/src/test/java/org/apache/activemq/advisory/TempDestDeleteTest.java,1054,0.53,True,CountClassDerived,<=,0.50,0.016845106522322583,0.0,0,False
activemq-5.0.0,activemq-5.1.0,activemq-5.2.0,activemq-core/src/main/java/org/apache/activemq/broker/jmx/ManagementContext.java,136,0.52,True,OWN_COMMIT,>,1.00,-0.4463163586559844,1.0,0.666666666666667,True
activemq-5.0.0,activemq-5.1.0,activemq-5.2.0,activemq-core/src/main/java/org/apache/activemq/broker/jmx/ManagementContext.java,136,0.52,True,OWN_LINE,>,0.50,0.06724898446274594,0.5835294117647061,0.5835294117647061,True
activemq-5.0.0,activemq-5.1.0,activemq-5.2.0,activemq-core/src/main/java/org/apache/activemq/broker/jmx/ManagementContext.java,136,0.52,True,CountClassCoupled,>,0.50,-0.030108652198929723,1.0,1,True
activemq-5.0.0,activemq-5.1.0,activemq-5.2.0,activemq-core/src/main/java/org/apache/activemq/broker/jmx/ManagementContext.java,136,0.52,True,MaxInheritanceTree,>,0.50,0.029078753528555087,1.0,1,True
activemq-5.0.0,activemq-5.1.0,activemq-5.2.0,activemq-core/src/main/java/org/apache/activemq/broker/jmx/ManagementContext.java,136,0.52,True,RatioCommentToCode,>,0.29,0.024182168281607744,0.41,0.41,True
activemq-5.0.0,activemq-5.1.0,activemq-5.2.0,activemq-core/src/main/java/org/apache/activemq/filter/XalanXPathEvaluator.java,398,0.52,True,OWN_COMMIT,<=,0.50,0.1510663891734053,0.0,1.0,True
activemq-5.0.0,activemq-5.1.0,activemq-5.2.0,activemq-core/src/main/java/org/apache/activemq/filter/XalanXPathEvaluator.java,398,0.52,True,OWN_LINE,>,0.50,0.07804232881121222,0.5473684210526321,0.5473684210526321,True
activemq-5.0.0,activemq-5.1.0,activemq-5.2.0,activemq-core/src/main/java/org/apache/activemq/filter/XalanXPathEvaluator.java,398,0.52,True,CountClassDerived,<=,0.50,0.0304284487585581,0.0,0,True
activemq-5.0.0,activemq-5.1.0,activemq-5.2.0,activemq-core/src/main/java/org/apache/activemq/filter/XalanXPathEvaluator.java,398,0.52,True,RatioCommentToCode,>,0.29,0.025624542009040158,0.32,0.32,True
activemq-5.0.0,activemq-5.1.0,activemq-5.2.0,activemq-core/src/main/java/org/apache/activemq/filter/XalanXPathEvaluator.java,398,0.52,True,MaxInheritanceTree,>,0.50,0.02093153844942798,1.0,1,True
activemq-5.0.0,activemq-5.1.0,activemq-5.2.0,activemq-core/src/main/java/org/apache/activemq/management/RangeStatisticImpl.java,495,0.52,True,OWN_COMMIT,<=,0.50,0.16146040931976557,0.0,0.0,False
activemq-5.0.0,activemq-5.1.0,activemq-5.2.0,activemq-core/src/main/java/org/apache/activemq/management/RangeStatisticImpl.java,495,0.52,True,OWN_LINE,>,0.50,0.06349589825191894,0.7808219178082191,0.706666666666667,False
activemq-5.0.0,activemq-5.1.0,activemq-5.2.0,activemq-core/src/main/java/org/apache/activemq/management/RangeStatisticImpl.java,495,0.52,True,MaxInheritanceTree,>,1.50,-0.036527519273936215,2.0,2,False
activemq-5.0.0,activemq-5.1.0,activemq-5.2.0,activemq-core/src/main/java/org/apache/activemq/management/RangeStatisticImpl.java,495,0.52,True,CountDeclClassVariable,<=,0.50,0.023382120821327998,0.0,0,False
activemq-5.0.0,activemq-5.1.0,activemq-5.2.0,activemq-core/src/main/java/org/apache/activemq/management/RangeStatisticImpl.java,495,0.52,True,CountInput_Mean,>,2.57,0.022874577609309294,3.0,3.0,False
activemq-5.0.0,activemq-5.1.0,activemq-5.2.0,activemq-core/src/main/java/org/apache/activemq/ActiveMQSessionExecutor.java,60,0.52,True,OWN_COMMIT,<=,0.50,0.13616619210206465,0.0,0.0,True
activemq-5.0.0,activemq-5.1.0,activemq-5.2.0,activemq-core/src/main/java/org/apache/activemq/ActiveMQSessionExecutor.java,60,0.52,True,OWN_LINE,>,0.50,0.056080636506017814,0.5621890547263679,0.5621890547263679,True
activemq-5.0.0,activemq-5.1.0,activemq-5.2.0,activemq-core/src/main/java/org/apache/activemq/ActiveMQSessionExecutor.java,60,0.52,True,RatioCommentToCode,<=,0.28,0.046715942677568886,0.21,0.21,True
activemq-5.0.0,activemq-5.1.0,activemq-5.2.0,activemq-core/src/main/java/org/apache/activemq/ActiveMQSessionExecutor.java,60,0.52,True,MaxInheritanceTree,>,0.50,0.024928948199431752,1.0,1,True
activemq-5.0.0,activemq-5.1.0,activemq-5.2.0,activemq-core/src/main/java/org/apache/activemq/ActiveMQSessionExecutor.java,60,0.52,True,CountInput_Min,>,0.50,-0.023007480686049523,1.0,1,True
activemq-5.0.0,activemq-5.1.0,activemq-5.2.0,activemq-core/src/test/java/org/apache/activemq/JmsMultipleBrokersTestSupport.java,1197,0.52,True,OWN_COMMIT,>,1.00,-0.4479567133445013,1.0,0.5,True
activemq-5.0.0,activemq-5.1.0,activemq-5.2.0,activemq-core/src/test/java/org/apache/activemq/JmsMultipleBrokersTestSupport.java,1197,0.52,True,OWN_LINE,>,0.50,0.05578429094287498,0.660714285714286,0.650442477876106,True
activemq-5.0.0,activemq-5.1.0,activemq-5.2.0,activemq-core/src/test/java/org/apache/activemq/JmsMultipleBrokersTestSupport.java,1197,0.52,True,CountClassCoupled,>,10.50,0.05345897498623376,13.0,13,True
activemq-5.0.0,activemq-5.1.0,activemq-5.2.0,activemq-core/src/test/java/org/apache/activemq/JmsMultipleBrokersTestSupport.java,1197,0.52,True,RatioCommentToCode,<=,0.28,0.05118755930594926,0.1,0.1,True
activemq-5.0.0,activemq-5.1.0,activemq-5.2.0,activemq-core/src/test/java/org/apache/activemq/JmsMultipleBrokersTestSupport.java,1197,0.52,True,CountInput_Min,<=,0.50,0.028228067050201533,0.0,0,True
activemq-5.0.0,activemq-5.1.0,activemq-5.2.0,activemq-core/src/main/java/org/apache/activemq/transport/fanout/FanoutTransport.java,899,0.5,True,OWN_COMMIT,>,1.00,-0.4465561809275231,1.0,1.0,True
activemq-5.0.0,activemq-5.1.0,activemq-5.2.0,activemq-core/src/main/java/org/apache/activemq/transport/fanout/FanoutTransport.java,899,0.5,True,OWN_LINE,>,0.50,0.06151842848305876,0.5840407470288621,0.5840407470288621,True
activemq-5.0.0,activemq-5.1.0,activemq-5.2.0,activemq-core/src/main/java/org/apache/activemq/transport/fanout/FanoutTransport.java,899,0.5,True,RatioCommentToCode,<=,0.28,0.052684170360048334,0.1,0.1,True
activemq-5.0.0,activemq-5.1.0,activemq-5.2.0,activemq-core/src/main/java/org/apache/activemq/transport/fanout/FanoutTransport.java,899,0.5,True,CountInput_Min,<=,0.50,0.028478995793609175,0.0,0,True
activemq-5.0.0,activemq-5.1.0,activemq-5.2.0,activemq-core/src/main/java/org/apache/activemq/transport/fanout/FanoutTransport.java,899,0.5,True,MaxInheritanceTree,>,1.50,-0.022211936929639207,2.0,2,True
activemq-5.0.0,activemq-5.1.0,activemq-5.2.0,activemq-core/src/main/java/org/apache/activemq/store/kahadaptor/KahaPersistenceAdapter.java,831,0.5,True,OWN_COMMIT,>,1.00,-0.4486441006628928,1.0,1.0,True
activemq-5.0.0,activemq-5.1.0,activemq-5.2.0,activemq-core/src/main/java/org/apache/activemq/store/kahadaptor/KahaPersistenceAdapter.java,831,0.5,True,OWN_LINE,>,0.50,0.06007814561291485,0.6952662721893489,0.7067448680351909,True
activemq-5.0.0,activemq-5.1.0,activemq-5.2.0,activemq-core/src/main/java/org/apache/activemq/store/kahadaptor/KahaPersistenceAdapter.java,831,0.5,True,RatioCommentToCode,<=,0.28,0.05639296006134187,0.12,0.12,True
activemq-5.0.0,activemq-5.1.0,activemq-5.2.0,activemq-core/src/main/java/org/apache/activemq/store/kahadaptor/KahaPersistenceAdapter.java,831,0.5,True,MaxInheritanceTree,>,0.50,0.025756255871770665,1.0,1,True
activemq-5.0.0,activemq-5.1.0,activemq-5.2.0,activemq-core/src/main/java/org/apache/activemq/store/kahadaptor/KahaPersistenceAdapter.java,831,0.5,True,CountInput_Min,<=,0.50,0.024002892339401585,0.0,0,True
activemq-5.0.0,activemq-5.1.0,activemq-5.2.0,activemq-core/src/main/java/org/apache/activemq/store/jdbc/Statements.java,818,0.5,True,OWN_COMMIT,<=,0.50,0.15096200346126568,0.0,1.0,True
activemq-5.0.0,activemq-5.1.0,activemq-5.2.0,activemq-core/src/main/java/org/apache/activemq/store/jdbc/Statements.java,818,0.5,True,OWN_LINE,>,0.50,0.06485574525735666,0.815748031496063,0.816037735849057,True
activemq-5.0.0,activemq-5.1.0,activemq-5.2.0,activemq-core/src/main/java/org/apache/activemq/store/jdbc/Statements.java,818,0.5,True,RatioCommentToCode,<=,0.28,0.049036349020677335,0.21,0.21,True
activemq-5.0.0,activemq-5.1.0,activemq-5.2.0,activemq-core/src/main/java/org/apache/activemq/store/jdbc/Statements.java,818,0.5,True,CountClassCoupled,<=,0.50,-0.03297653399669907,0.0,0,True
activemq-5.0.0,activemq-5.1.0,activemq-5.2.0,activemq-core/src/main/java/org/apache/activemq/store/jdbc/Statements.java,818,0.5,True,MaxInheritanceTree,>,0.50,0.02906405143979426,1.0,1,True
activemq-5.0.0,activemq-5.1.0,activemq-5.2.0,activemq-jaas/src/test/java/org/apache/activemq/jaas/ldap/MutableServerStartupConfiguration.java,1682,0.5,True,OWN_COMMIT,<=,0.50,0.16590272698254752,0.0,1.0,False
activemq-5.0.0,activemq-5.1.0,activemq-5.2.0,activemq-jaas/src/test/java/org/apache/activemq/jaas/ldap/MutableServerStartupConfiguration.java,1682,0.5,True,OWN_LINE,>,1.00,-0.046352231072963386,1.0,1.0,False
activemq-5.0.0,activemq-5.1.0,activemq-5.2.0,activemq-jaas/src/test/java/org/apache/activemq/jaas/ldap/MutableServerStartupConfiguration.java,1682,0.5,True,RatioCommentToCode,>,0.29,0.036716406705427806,0.44,0.44,False
activemq-5.0.0,activemq-5.1.0,activemq-5.2.0,activemq-jaas/src/test/java/org/apache/activemq/jaas/ldap/MutableServerStartupConfiguration.java,1682,0.5,True,CountClassDerived,<=,0.50,0.029061324137525792,0.0,0,False
activemq-5.0.0,activemq-5.1.0,activemq-5.2.0,activemq-jaas/src/test/java/org/apache/activemq/jaas/ldap/MutableServerStartupConfiguration.java,1682,0.5,True,CountInput_Min,>,0.50,-0.025966498627559755,1.0,1,False
activemq-5.0.0,activemq-5.1.0,activemq-5.2.0,activemq-core/src/main/java/org/apache/activemq/network/DemandForwardingBridgeSupport.java,527,0.5,True,OWN_COMMIT,>,1.00,-0.43829195692166945,1.0,0.666666666666667,True
activemq-5.0.0,activemq-5.1.0,activemq-5.2.0,activemq-core/src/main/java/org/apache/activemq/network/DemandForwardingBridgeSupport.java,527,0.5,True,RatioCommentToCode,<=,0.28,0.06270226320885494,0.14,0.14,True
activemq-5.0.0,activemq-5.1.0,activemq-5.2.0,activemq-core/src/main/java/org/apache/activemq/network/DemandForwardingBridgeSupport.java,527,0.5,True,MaxInheritanceTree,>,0.50,0.033637845514395866,1.0,1,True
activemq-5.0.0,activemq-5.1.0,activemq-5.2.0,activemq-core/src/main/java/org/apache/activemq/network/DemandForwardingBridgeSupport.java,527,0.5,True,CountInput_Min,<=,0.50,0.03153925744390206,0.0,0,True
activemq-5.0.0,activemq-5.1.0,activemq-5.2.0,activemq-core/src/main/java/org/apache/activemq/network/DemandForwardingBridgeSupport.java,527,0.5,True,CountInput_Mean,>,2.57,0.020489355072742556,4.1594202898550705,4.25714285714286,True
